id_municipio,sigla_uf,regiao,rede_descricao,alunos,indicador_previsto,indicador_real,meta_do_ano,taxa_ano_anterior,risco,gap_previsto_meta,sem_meta,risco_de_nao_atingir_meta,nome_municipio,sigla_uf_dim,perfil,nome_perfil
1100015,RO,Norte,Municipal,105,66.9,72.9,67.08,64.55,0.33099999999999996,-0.18,False,True,Alta Floresta D'Oeste,RO,0,Atenção
1100023,RO,Norte,Municipal,333,60.41,67.56,65.22,62.3,0.39590000000000003,-4.81,False,True,Ariquemes,RO,0,Atenção
1100031,RO,Norte,Municipal,35,74.8,76.93,70.85,69.1,0.252,3.95,False,False,Cabixi,RO,1,Consolidado
1100049,RO,Norte,Estadual,61,73.76,71.7,,66.13,0.26239999999999997,,True,False,Cacoal,RO,0,Atenção
1100049,RO,Norte,Municipal,246,71.57,63.44,65.39,62.51,0.2843000000000001,6.18,False,False,Cacoal,RO,3,Intermediário
1100056,RO,Norte,Municipal,98,61.44,68.41,62.09,58.53,0.38560000000000005,-0.65,False,True,Cerejeiras,RO,0,Atenção
1100064,RO,Norte,Municipal,56,66.44,61.39,65.67,62.85,0.3356,0.77,False,False,Colorado do Oeste,RO,0,Atenção
1100072,RO,Norte,Municipal,51,65.97,71.02,61.82,58.19,0.34030000000000005,4.15,False,False,Corumbiara,RO,0,Atenção
1100080,RO,Norte,Municipal,60,72.58,64.57,80.0,80.7,0.2742,-7.42,False,True,Costa Marques,RO,1,Consolidado
1100098,RO,Norte,Estadual,20,72.11,71.1,,69.18,0.27890000000000004,,True,False,Espigão D'Oeste,RO,0,Atenção
1100098,RO,Norte,Municipal,118,81.92,69.35,80.0,85.32,0.18079999999999996,1.92,False,False,Espigão D'Oeste,RO,1,Consolidado
1100106,RO,Norte,Municipal,124,59.56,43.86,47.82,41.76,0.4044,11.74,False,False,Guajará-Mirim,RO,3,Intermediário
1100114,RO,Norte,Municipal,198,64.22,62.1,65.65,62.82,0.3578,-1.43,False,True,Jaru,RO,0,Atenção
1100122,RO,Norte,Estadual,209,70.44,54.44,,57.02,0.2956,,True,False,Ji-Paraná,RO,0,Atenção
1100122,RO,Norte,Municipal,245,80.11,72.52,80.0,81.83,0.19889999999999997,0.11,False,False,Ji-Paraná,RO,1,Consolidado
1100130,RO,Norte,Municipal,123,62.96,65.65,56.12,51.38,0.37039999999999995,6.84,False,False,Machadinho D'Oeste,RO,3,Intermediário
1100148,RO,Norte,Municipal,79,74.15,70.86,75.6,74.81,0.25849999999999995,-1.45,False,True,Nova Brasilândia D'Oeste,RO,1,Consolidado
1100155,RO,Norte,Municipal,121,73.94,64.87,73.58,72.39,0.26060000000000005,0.36,False,False,Ouro Preto do Oeste,RO,1,Consolidado
1100189,RO,Norte,Municipal,158,68.76,82.68,71.37,69.72,0.3123999999999999,-2.61,False,True,Pimenta Bueno,RO,0,Atenção
1100205,RO,Norte,Estadual,93,68.42,70.19,,57.45,0.31579999999999997,,True,False,Porto Velho,RO,0,Atenção
1100205,RO,Norte,Municipal,1603,71.85,52.84,67.5,65.06,0.2815000000000001,4.35,False,False,Porto Velho,RO,1,Consolidado
1100254,RO,Norte,Estadual,22,64.07,60.38,,53.2,0.35930000000000006,,True,False,Presidente Médici,RO,0,Atenção
1100254,RO,Norte,Municipal,39,64.84,63.98,65.31,62.41,0.3515999999999999,-0.47,False,True,Presidente Médici,RO,0,Atenção
1100288,RO,Norte,Municipal,201,68.7,74.9,70.6,68.81,0.31299999999999994,-1.9,False,True,Rolim de Moura,RO,0,Atenção
1100296,RO,Norte,Municipal,24,74.52,91.59,76.7,76.11,0.2548,-2.18,False,True,Santa Luzia D'Oeste,RO,1,Consolidado
1100304,RO,Norte,Municipal,438,63.95,71.83,67.96,65.62,0.36049999999999993,-4.01,False,True,Vilhena,RO,0,Atenção
1100320,RO,Norte,Municipal,90,70.04,73.63,69.73,67.75,0.2996,0.31,False,False,São Miguel do Guaporé,RO,1,Consolidado
1100338,RO,Norte,Municipal,134,72.61,48.06,65.81,63.02,0.27390000000000003,6.8,False,False,Nova Mamoré,RO,1,Consolidado
1100346,RO,Norte,Municipal,36,56.27,66.25,36.33,29.2,0.4373,19.94,False,False,Alvorada D'Oeste,RO,3,Intermediário
1100379,RO,Norte,Municipal,55,74.81,80.27,71.19,69.51,0.2519,3.62,False,False,Alto Alegre dos Parecis,RO,1,Consolidado
1100403,RO,Norte,Municipal,48,70.04,65.38,64.58,61.55,0.2996,5.46,False,False,Alto Paraíso,RO,3,Intermediário
1100452,RO,Norte,Municipal,125,61.83,72.41,54.78,49.82,0.38170000000000004,7.05,False,False,Buritis,RO,3,Intermediário
1100502,RO,Norte,Municipal,28,74.59,75.17,73.7,72.53,0.2541,0.89,False,False,Novo Horizonte do Oeste,RO,1,Consolidado
1100700,RO,Norte,Municipal,45,67.6,66.16,62.75,59.31,0.32400000000000007,4.85,False,False,Campo Novo de Rondônia,RO,3,Intermediário
1100809,RO,Norte,Municipal,104,62.7,61.72,54.05,48.95,0.373,8.65,False,False,Candeias do Jamari,RO,3,Intermediário
1100908,RO,Norte,Municipal,22,76.61,73.56,71.71,70.14,0.2339,4.9,False,False,Castanheiras,RO,1,Consolidado
1100924,RO,Norte,Municipal,53,73.83,76.69,80.0,80.74,0.26170000000000004,-6.17,False,True,Chupinguaia,RO,1,Consolidado
1100940,RO,Norte,Municipal,88,74.94,65.96,77.84,77.45,0.25060000000000004,-2.9,False,True,Cujubim,RO,1,Consolidado
1101005,RO,Norte,Municipal,43,68.5,74.29,67.54,65.14,0.31499999999999995,0.96,False,False,Governador Jorge Teixeira,RO,0,Atenção
1101104,RO,Norte,Municipal,52,95.61,64.72,80.0,98.8,0.04390000000000005,15.61,False,False,Itapuã do Oeste,RO,1,Consolidado
1101203,RO,Norte,Municipal,29,76.18,71.57,73.67,72.49,0.23819999999999997,2.51,False,False,Ministro Andreazza,RO,1,Consolidado
1101302,RO,Norte,Municipal,44,65.91,70.41,62.66,60.36,0.3409,3.25,False,False,Mirante da Serra,RO,0,Atenção
1101401,RO,Norte,Municipal,49,75.02,74.35,73.41,72.18,0.24980000000000002,1.61,False,False,Monte Negro,RO,1,Consolidado
1101435,RO,Norte,Municipal,26,68.13,57.79,63.85,60.62,0.3187000000000001,4.28,False,False,Nova União,RO,0,Atenção
1101450,RO,Norte,Municipal,25,70.54,77.37,64.17,61.04,0.2946,6.37,False,False,Parecis,RO,3,Intermediário
1101484,RO,Norte,Municipal,26,65.94,88.75,57.76,53.34,0.3406,8.18,False,False,São Felipe D'Oeste,RO,3,Intermediário
1101492,RO,Norte,Municipal,89,70.06,58.32,68.1,65.78,0.2994,1.96,False,False,São Francisco do Guaporé,RO,1,Consolidado
1101500,RO,Norte,Municipal,71,72.31,70.31,65.81,63.04,0.2768999999999999,6.5,False,False,Seringueiras,RO,1,Consolidado
1101609,RO,Norte,Municipal,46,63.13,85.04,55.53,50.7,0.3687,7.6,False,False,Theobroma,RO,3,Intermediário
1101708,RO,Norte,Municipal,48,74.99,61.51,72.36,70.93,0.2501000000000001,2.63,False,False,Urupá,RO,1,Consolidado
1101757,RO,Norte,Municipal,30,62.87,53.27,43.54,36.95,0.3713000000000001,19.33,False,False,Vale do Anari,RO,3,Intermediário
1101807,RO,Norte,Municipal,30,64.78,61.07,59.72,55.73,0.35219999999999996,5.06,False,False,Vale do Paraíso,RO,3,Intermediário
1200013,AC,Norte,Municipal,69,43.02,56.48,,,0.5698,,True,False,Acrelândia,AC,0,Atenção
1200054,AC,Norte,Municipal,30,41.6,49.63,,,0.584,,True,False,Assis Brasil,AC,0,Atenção
1200104,AC,Norte,Estadual,27,57.4,57.81,,,0.42600000000000005,,True,False,Brasiléia,AC,0,Atenção
1200104,AC,Norte,Municipal,88,54.62,33.3,,,0.4538,,True,False,Brasiléia,AC,0,Atenção
1200138,AC,Norte,Municipal,53,42.91,34.02,,,0.5709,,True,False,Bujari,AC,0,Atenção
1200179,AC,Norte,Municipal,56,47.14,25.8,,,0.5286,,True,False,Capixaba,AC,0,Atenção
1200203,AC,Norte,Estadual,203,56.54,60.05,,,0.4346,,True,False,Cruzeiro do Sul,AC,0,Atenção
1200203,AC,Norte,Municipal,181,54.19,40.45,,,0.45810000000000006,,True,False,Cruzeiro do Sul,AC,0,Atenção
1200252,AC,Norte,Municipal,81,54.34,50.64,,,0.4566,,True,False,Epitaciolândia,AC,0,Atenção
1200302,AC,Norte,Estadual,75,51.63,76.05,,,0.4837,,True,False,Feijó,AC,0,Atenção
1200302,AC,Norte,Municipal,54,48.58,50.47,,,0.5142,,True,False,Feijó,AC,0,Atenção
1200328,AC,Norte,Municipal,21,41.66,19.52,,,0.5834,,True,False,Jordão,AC,0,Atenção
1200336,AC,Norte,Municipal,63,48.01,40.04,,,0.5199,,True,False,Mâncio Lima,AC,0,Atenção
1200344,AC,Norte,Municipal,53,42.84,40.94,,,0.5715999999999999,,True,False,Manoel Urbano,AC,0,Atenção
1200351,AC,Norte,Municipal,38,45.6,68.62,,,0.544,,True,False,Marechal Thaumaturgo,AC,0,Atenção
1200385,AC,Norte,Municipal,54,49.29,26.83,,,0.5071,,True,False,Plácido de Castro,AC,0,Atenção
1200393,AC,Norte,Municipal,35,45.09,38.88,,,0.5490999999999999,,True,False,Porto Walter,AC,0,Atenção
1200401,AC,Norte,Estadual,1015,58.19,54.03,,,0.4181,,True,False,Rio Branco,AC,0,Atenção
1200401,AC,Norte,Municipal,455,49.85,58.53,,,0.5015000000000001,,True,False,Rio Branco,AC,0,Atenção
1200427,AC,Norte,Municipal,36,44.76,34.77,,,0.5524,,True,False,Rodrigues Alves,AC,0,Atenção
1200435,AC,Norte,Municipal,21,49.26,4.68,,,0.5074000000000001,,True,False,Santa Rosa do Purus,AC,0,Atenção
1200450,AC,Norte,Estadual,61,57.38,56.77,,,0.4262,,True,False,Senador Guiomard,AC,0,Atenção
1200450,AC,Norte,Municipal,32,54.91,42.6,,,0.4509000000000001,,True,False,Senador Guiomard,AC,0,Atenção
1200500,AC,Norte,Municipal,152,49.32,68.98,,,0.5067999999999999,,True,False,Sena Madureira,AC,0,Atenção
1200609,AC,Norte,Estadual,41,57.24,60.31,,,0.4276,,True,False,Tarauacá,AC,0,Atenção
1200609,AC,Norte,Municipal,166,49.34,45.14,,,0.5065999999999999,,True,False,Tarauacá,AC,0,Atenção
1200708,AC,Norte,Estadual,28,57.13,53.86,,,0.42869999999999997,,True,False,Xapuri,AC,0,Atenção
1200708,AC,Norte,Municipal,31,54.01,61.59,,,0.4599,,True,False,Xapuri,AC,0,Atenção
1200807,AC,Norte,Municipal,82,49.52,36.34,,,0.5047999999999999,,True,False,Porto Acre,AC,0,Atenção
1300029,AM,Norte,Estadual,30,57.49,75.99,,64.21,0.42510000000000003,,True,False,Alvarães,AM,0,Atenção
1300029,AM,Norte,Municipal,37,40.07,51.27,46.19,36.87,0.5992999999999999,-6.12,False,True,Alvarães,AM,2,Crítico
1300060,AM,Norte,Municipal,49,55.3,77.62,65.52,62.31,0.44700000000000006,-10.22,False,True,Amaturá,AM,0,Atenção
1300102,AM,Norte,Estadual,30,63.67,66.97,,68.42,0.36329999999999996,,True,False,Anori,AM,0,Atenção
1300102,AM,Norte,Municipal,58,67.71,75.66,76.6,75.8,0.3229000000000001,-8.89,False,True,Anori,AM,0,Atenção
1300144,AM,Norte,Estadual,32,62.62,80.69,,71.92,0.3738,,True,False,Apuí,AM,0,Atenção
1300144,AM,Norte,Municipal,48,53.62,49.93,60.64,57.39,0.4638,-7.02,False,True,Apuí,AM,0,Atenção
1300201,AM,Norte,Municipal,46,54.14,75.74,58.48,54.2,0.4586,-4.34,False,True,Atalaia do Norte,AM,0,Atenção
1300300,AM,Norte,Estadual,44,51.67,43.48,,51.31,0.48329999999999995,,True,False,Autazes,AM,0,Atenção
1300300,AM,Norte,Municipal,45,42.07,23.17,,44.49,0.5792999999999999,,True,False,Autazes,AM,0,Atenção
1300409,AM,Norte,Municipal,53,49.59,39.56,53.75,48.82,0.5041,-4.16,False,True,Barcelos,AM,0,Atenção
1300508,AM,Norte,Estadual,42,37.18,18.81,,34.08,0.6282,,True,False,Barreirinha,AM,2,Crítico
1300508,AM,Norte,Municipal,102,37.96,18.71,36.81,29.13,0.6204000000000001,1.15,False,False,Barreirinha,AM,2,Crítico
1300607,AM,Norte,Estadual,36,63.89,60.16,,69.55,0.3611,,True,False,Benjamin Constant,AM,0,Atenção
1300607,AM,Norte,Municipal,204,38.38,32.24,,44.0,0.6162,,True,False,Benjamin Constant,AM,2,Crítico
1300631,AM,Norte,Estadual,30,77.95,79.9,,87.96,0.22049999999999992,,True,False,Beruri,AM,1,Consolidado
1300631,AM,Norte,Municipal,37,71.39,78.33,,89.49,0.2861,,True,False,Beruri,AM,1,Consolidado
1300680,AM,Norte,Municipal,58,29.5,29.64,33.37,25.68,0.7050000000000001,-3.87,False,True,Boa Vista do Ramos,AM,2,Crítico
1300706,AM,Norte,Estadual,54,47.6,63.64,,49.62,0.524,,True,False,Boca do Acre,AM,0,Atenção
1300706,AM,Norte,Municipal,59,50.86,44.82,62.56,59.56,0.49140000000000006,-11.7,False,True,Boca do Acre,AM,0,Atenção
1300805,AM,Norte,Estadual,59,51.46,60.06,,51.28,0.48539999999999994,,True,False,Borba,AM,0,Atenção
1300805,AM,Norte,Municipal,43,35.49,22.7,35.51,27.88,0.6451,-0.02,False,True,Borba,AM,2,Crítico
1300839,AM,Norte,Municipal,25,33.49,15.91,,30.11,0.6651,,True,False,Caapiranga,AM,2,Crítico
1300904,AM,Norte,Municipal,39,52.4,72.93,,49.09,0.476,,True,False,Canutama,AM,0,Atenção
1301001,AM,Norte,Estadual,39,68.55,82.21,,74.34,0.3145,,True,False,Carauari,AM,0,Atenção
1301001,AM,Norte,Municipal,69,41.72,53.14,52.7,47.38,0.5828,-10.98,False,True,Carauari,AM,2,Crítico
1301100,AM,Norte,Estadual,30,55.23,54.38,,61.03,0.4477,,True,False,Careiro,AM,0,Atenção
1301100,AM,Norte,Municipal,33,24.84,20.83,,20.71,0.7516,,True,False,Careiro,AM,2,Crítico
1301159,AM,Norte,Municipal,31,32.35,22.24,44.52,37.5,0.6765,-12.17,False,True,Careiro da Várzea,AM,2,Crítico
1301209,AM,Norte,Estadual,152,53.27,45.88,,56.31,0.46729999999999994,,True,False,Coari,AM,0,Atenção
1301209,AM,Norte,Municipal,156,39.05,30.24,45.17,38.28,0.6095,-6.12,False,True,Coari,AM,2,Crítico
1301308,AM,Norte,Estadual,40,56.91,62.23,,60.64,0.43090000000000006,,True,False,Codajás,AM,0,Atenção
1301308,AM,Norte,Municipal,56,44.05,45.77,49.49,43.3,0.5595000000000001,-5.44,False,True,Codajás,AM,2,Crítico
1301407,AM,Norte,Estadual,83,47.22,52.77,,41.25,0.5278,,True,False,Eirunepé,AM,0,Atenção
1301407,AM,Norte,Municipal,54,30.35,15.78,,19.19,0.6965,,True,False,Eirunepé,AM,2,Crítico
1301506,AM,Norte,Estadual,26,74.31,84.5,,90.51,0.2569,,True,False,Envira,AM,1,Consolidado
1301506,AM,Norte,Municipal,49,47.28,18.86,,56.52,0.5272,,True,False,Envira,AM,0,Atenção
1301605,AM,Norte,Estadual,30,69.01,63.14,,72.9,0.30989999999999995,,True,False,Fonte Boa,AM,0,Atenção
1301605,AM,Norte,Municipal,55,33.91,29.59,,26.62,0.6609,,True,False,Fonte Boa,AM,2,Crítico
1301654,AM,Norte,Municipal,51,57.04,52.11,64.85,61.52,0.4296,-7.81,False,True,Guajará,AM,0,Atenção
1301704,AM,Norte,Estadual,25,52.46,52.17,,57.53,0.47540000000000004,,True,False,Humaitá,AM,0,Atenção
1301704,AM,Norte,Municipal,232,49.12,56.27,55.15,50.25,0.5088,-6.03,False,True,Humaitá,AM,0,Atenção
1301803,AM,Norte,Municipal,55,47.13,63.99,,41.96,0.5287,,True,False,Ipixuna,AM,0,Atenção
1301852,AM,Norte,Estadual,39,48.03,52.67,,50.49,0.5197,,True,False,Iranduba,AM,0,Atenção
1301852,AM,Norte,Municipal,235,41.83,38.86,50.85,44.71,0.5817,-9.02,False,True,Iranduba,AM,2,Crítico
1301902,AM,Norte,Estadual,85,77.62,71.72,,82.64,0.2238,,True,False,Itacoatiara,AM,1,Consolidado
1301902,AM,Norte,Municipal,304,47.18,45.96,51.78,46.31,0.5282,-4.6,False,True,Itacoatiara,AM,2,Crítico
1301951,AM,Norte,Municipal,37,68.26,76.14,72.11,70.62,0.3173999999999999,-3.85,False,True,Itamarati,AM,0,Atenção
1302108,AM,Norte,Municipal,21,71.81,84.66,77.7,75.46,0.28189999999999993,-5.89,False,True,Japurá,AM,1,Consolidado
1302207,AM,Norte,Estadual,28,56.89,41.89,,56.11,0.43110000000000004,,True,False,Juruá,AM,0,Atenção
1302306,AM,Norte,Estadual,25,54.82,56.9,,57.14,0.4518,,True,False,Jutaí,AM,0,Atenção
1302306,AM,Norte,Municipal,93,37.35,31.45,43.26,36.27,0.6265000000000001,-5.91,False,True,Jutaí,AM,2,Crítico
1302405,AM,Norte,Estadual,41,68.54,75.09,,72.21,0.3146,,True,False,Lábrea,AM,0,Atenção
1302405,AM,Norte,Municipal,101,56.3,61.58,66.9,64.36,0.43700000000000006,-10.6,False,True,Lábrea,AM,0,Atenção
1302504,AM,Norte,Estadual,81,63.99,36.37,,66.51,0.3601,,True,False,Manacapuru,AM,0,Atenção
1302504,AM,Norte,Municipal,332,44.6,36.15,49.77,43.94,0.554,-5.17,False,True,Manacapuru,AM,2,Crítico
1302553,AM,Norte,Municipal,69,49.37,25.35,52.37,47.79,0.5063,-3.0,False,True,Manaquiri,AM,0,Atenção
1302603,AM,Norte,Estadual,1467,57.72,55.49,,62.98,0.42280000000000006,,True,False,Manaus,AM,0,Atenção
1302603,AM,Norte,Municipal,6052,49.19,50.58,56.8,52.2,0.5081,-7.61,False,True,Manaus,AM,0,Atenção
1302702,AM,Norte,Estadual,76,61.97,63.78,,64.12,0.38029999999999997,,True,False,Manicoré,AM,0,Atenção
1302702,AM,Norte,Municipal,110,49.92,44.64,56.43,52.29,0.5007999999999999,-6.51,False,True,Manicoré,AM,0,Atenção
1302801,AM,Norte,Estadual,26,34.01,55.59,,21.11,0.6599,,True,False,Maraã,AM,2,Crítico
1302801,AM,Norte,Municipal,28,28.55,46.55,28.09,20.95,0.7144999999999999,0.46,False,False,Maraã,AM,2,Crítico
1302900,AM,Norte,Estadual,71,58.22,64.25,,68.75,0.41780000000000006,,True,False,Maués,AM,0,Atenção
1302900,AM,Norte,Municipal,109,48.35,41.26,57.61,53.17,0.5165,-9.26,False,True,Maués,AM,0,Atenção
1303007,AM,Norte,Municipal,22,58.01,54.34,67.18,64.42,0.41990000000000005,-9.17,False,True,Nhamundá,AM,0,Atenção
1303106,AM,Norte,Estadual,39,44.09,53.92,,52.88,0.5590999999999999,,True,False,Nova Olinda do Norte,AM,0,Atenção
1303106,AM,Norte,Municipal,71,49.93,32.31,56.11,51.58,0.5006999999999999,-6.18,False,True,Nova Olinda do Norte,AM,0,Atenção
1303205,AM,Norte,Municipal,65,75.84,52.66,76.5,76.18,0.24159999999999993,-0.66,False,True,Novo Airão,AM,1,Consolidado
1303304,AM,Norte,Estadual,41,69.37,63.41,,72.32,0.3062999999999999,,True,False,Novo Aripuanã,AM,0,Atenção
1303304,AM,Norte,Municipal,37,67.77,56.57,80.0,83.98,0.32230000000000003,-12.23,False,True,Novo Aripuanã,AM,1,Consolidado
1303403,AM,Norte,Estadual,189,75.35,81.24,,77.24,0.24650000000000005,,True,False,Parintins,AM,1,Consolidado
1303403,AM,Norte,Municipal,258,49.43,51.32,56.53,51.79,0.5057,-7.1,False,True,Parintins,AM,0,Atenção
1303502,AM,Norte,Municipal,74,38.49,48.0,45.33,38.95,0.6151,-6.84,False,True,Pauini,AM,2,Crítico
1303536,AM,Norte,Municipal,123,31.89,35.28,41.0,33.92,0.6811,-9.11,False,True,Presidente Figueiredo,AM,2,Crítico
1303569,AM,Norte,Municipal,134,35.59,49.53,42.05,35.38,0.6440999999999999,-6.46,False,True,Rio Preto da Eva,AM,2,Crítico
1303601,AM,Norte,Estadual,21,43.53,33.33,,33.66,0.5647,,True,False,Santa Isabel do Rio Negro,AM,2,Crítico
1303601,AM,Norte,Municipal,25,35.49,19.41,33.91,26.71,0.6451,1.58,False,False,Santa Isabel do Rio Negro,AM,2,Crítico
1303700,AM,Norte,Municipal,150,48.94,41.39,63.05,58.83,0.5105999999999999,-14.11,False,True,Santo Antônio do Içá,AM,0,Atenção
1303809,AM,Norte,Estadual,110,52.4,55.41,,57.21,0.476,,True,False,São Gabriel da Cachoeira,AM,0,Atenção
1303809,AM,Norte,Municipal,122,34.27,32.91,43.12,36.43,0.6573,-8.85,False,True,São Gabriel da Cachoeira,AM,2,Crítico
1303908,AM,Norte,Estadual,51,56.9,55.26,,62.1,0.43100000000000005,,True,False,São Paulo de Olivença,AM,0,Atenção
1303908,AM,Norte,Municipal,205,38.27,28.57,40.03,33.05,0.6173,-1.76,False,True,São Paulo de Olivença,AM,2,Crítico
1303957,AM,Norte,Municipal,31,47.96,35.23,56.43,51.91,0.5204,-8.47,False,True,São Sebastião do Uatumã,AM,0,Atenção
1304005,AM,Norte,Municipal,51,52.63,34.85,,52.54,0.4737,,True,False,Silves,AM,0,Atenção
1304062,AM,Norte,Estadual,70,51.98,53.23,,58.02,0.48020000000000007,,True,False,Tabatinga,AM,0,Atenção
1304062,AM,Norte,Municipal,321,38.73,37.05,47.62,41.36,0.6127,-8.89,False,True,Tabatinga,AM,2,Crítico
1304104,AM,Norte,Estadual,20,52.94,48.51,,50.82,0.4706,,True,False,Tapauá,AM,0,Atenção
1304104,AM,Norte,Municipal,54,52.13,52.78,54.31,48.85,0.4787,-2.18,False,True,Tapauá,AM,0,Atenção
1304203,AM,Norte,Estadual,149,53.72,54.11,,60.83,0.4628,,True,False,Tefé,AM,0,Atenção
1304203,AM,Norte,Municipal,236,34.04,36.54,,40.05,0.6596,,True,False,Tefé,AM,2,Crítico
1304237,AM,Norte,Municipal,92,47.1,30.68,51.45,46.25,0.5289999999999999,-4.35,False,True,Tonantins,AM,2,Crítico
1304260,AM,Norte,Municipal,46,33.65,19.01,19.75,13.41,0.6635,13.9,False,False,Uarini,AM,2,Crítico
1304302,AM,Norte,Municipal,49,50.57,75.67,60.83,57.02,0.49429999999999996,-10.26,False,True,Urucará,AM,0,Atenção
1304401,AM,Norte,Municipal,79,40.76,40.98,,45.75,0.5924,,True,False,Urucurituba,AM,0,Atenção
1500107,PA,Norte,Municipal,405,40.84,40.12,46.03,39.69,0.5915999999999999,-5.19,False,True,Abaetetuba,PA,2,Crítico
1500131,PA,Norte,Municipal,31,57.15,51.92,63.15,59.81,0.4285,-6.0,False,True,Abel Figueiredo,PA,0,Atenção
1500206,PA,Norte,Municipal,163,41.82,43.62,45.4,38.95,0.5818,-3.58,False,True,Acará,PA,2,Crítico
1500305,PA,Norte,Municipal,210,31.91,42.62,37.86,30.82,0.6809000000000001,-5.95,False,True,Afuá,PA,2,Crítico
1500347,PA,Norte,Municipal,56,40.66,45.75,34.94,27.83,0.5934,5.72,False,False,Água Azul do Norte,PA,2,Crítico
1500404,PA,Norte,Municipal,235,39.29,30.04,43.05,36.38,0.6071,-3.76,False,True,Alenquer,PA,2,Crítico
1500503,PA,Norte,Municipal,119,40.19,35.64,37.74,30.66,0.5981000000000001,2.45,False,False,Almeirim,PA,2,Crítico
1500602,PA,Norte,Municipal,520,48.35,48.51,52.09,46.67,0.5165,-3.74,False,True,Altamira,PA,2,Crítico
1500701,PA,Norte,Municipal,92,29.3,45.47,34.01,26.79,0.7070000000000001,-4.71,False,True,Anajás,PA,2,Crítico
1500800,PA,Norte,Estadual,330,55.1,55.56,,55.8,0.44899999999999995,,True,False,Ananindeua,PA,0,Atenção
1500800,PA,Norte,Municipal,949,53.53,54.71,62.51,59.04,0.4647,-8.98,False,True,Ananindeua,PA,0,Atenção
1500859,PA,Norte,Municipal,107,52.0,45.09,53.88,48.77,0.48,-1.88,False,True,Anapu,PA,0,Atenção
1500909,PA,Norte,Municipal,159,38.82,39.54,44.99,38.58,0.6118,-6.17,False,True,Augusto Corrêa,PA,2,Crítico
1500958,PA,Norte,Municipal,73,36.1,61.19,40.81,33.96,0.639,-4.71,False,True,Aurora do Pará,PA,2,Crítico
1501006,PA,Norte,Municipal,29,54.02,66.26,61.01,57.19,0.4598,-6.99,False,True,Aveiro,PA,0,Atenção
1501105,PA,Norte,Municipal,95,45.25,53.67,52.12,46.7,0.5475,-6.87,False,True,Bagre,PA,2,Crítico
1501204,PA,Norte,Municipal,85,32.9,34.11,34.71,27.54,0.671,-1.81,False,True,Baião,PA,2,Crítico
1501303,PA,Norte,Municipal,453,43.99,38.68,51.99,46.55,0.5601,-8.0,False,True,Barcarena,PA,2,Crítico
1501402,PA,Norte,Estadual,1476,54.9,57.64,,57.8,0.45100000000000007,,True,False,Belém,PA,0,Atenção
1501402,PA,Norte,Municipal,1336,49.13,46.16,53.42,48.22,0.5086999999999999,-4.29,False,True,Belém,PA,0,Atenção
1501451,PA,Norte,Municipal,64,57.08,52.67,63.83,60.59,0.4292,-6.75,False,True,Belterra,PA,0,Atenção
1501501,PA,Norte,Municipal,348,59.21,65.8,63.8,60.58,0.40790000000000004,-4.59,False,True,Benevides,PA,0,Atenção
1501576,PA,Norte,Municipal,67,53.11,46.08,61.74,58.11,0.4689,-8.63,False,True,Bom Jesus do Tocantins,PA,0,Atenção
1501600,PA,Norte,Municipal,34,49.39,34.81,43.59,37.05,0.5061,5.8,False,False,Bonito,PA,2,Crítico
1501709,PA,Norte,Municipal,407,45.49,38.03,48.67,42.71,0.5450999999999999,-3.18,False,True,Bragança,PA,2,Crítico
1501725,PA,Norte,Municipal,52,68.77,94.38,74.26,73.21,0.3123,-5.49,False,True,Brasil Novo,PA,1,Consolidado
1501758,PA,Norte,Municipal,28,58.74,77.45,64.62,61.57,0.41259999999999997,-5.88,False,True,Brejo Grande do Araguaia,PA,0,Atenção
1501782,PA,Norte,Municipal,132,35.61,54.22,38.27,31.24,0.6439,-2.66,False,True,Breu Branco,PA,2,Crítico
1501808,PA,Norte,Municipal,291,44.16,56.44,49.78,43.98,0.5584,-5.62,False,True,Breves,PA,2,Crítico
1501907,PA,Norte,Municipal,74,50.6,58.36,56.12,51.35,0.494,-5.52,False,True,Bujaru,PA,0,Atenção
1501956,PA,Norte,Municipal,57,47.72,56.13,53.0,47.78,0.5227999999999999,-5.28,False,True,Cachoeira do Piriá,PA,0,Atenção
1502004,PA,Norte,Municipal,58,49.39,29.95,56.72,52.14,0.5061,-7.33,False,True,Cachoeira do Arari,PA,0,Atenção
1502103,PA,Norte,Municipal,385,42.39,36.69,46.63,40.39,0.5761000000000001,-4.24,False,True,Cametá,PA,2,Crítico
1502152,PA,Norte,Municipal,488,58.35,62.42,65.05,62.09,0.4165,-6.7,False,True,Canaã dos Carajás,PA,0,Atenção
1502202,PA,Norte,Municipal,200,57.26,61.42,64.97,62.0,0.4274,-7.71,False,True,Capanema,PA,0,Atenção
1502301,PA,Norte,Municipal,155,49.96,53.2,55.77,50.98,0.5004,-5.81,False,True,Capitão Poço,PA,0,Atenção
1502400,PA,Norte,Municipal,618,38.35,30.04,,38.1,0.6165,,True,False,Castanhal,PA,2,Crítico
1502509,PA,Norte,Municipal,70,46.21,77.23,50.48,44.91,0.5379,-4.27,False,True,Chaves,PA,2,Crítico
1502608,PA,Norte,Municipal,35,55.01,40.13,58.64,54.29,0.44989999999999997,-3.63,False,True,Colares,PA,0,Atenção
1502707,PA,Norte,Municipal,144,43.36,55.59,45.08,38.67,0.5664,-1.72,False,True,Conceição do Araguaia,PA,2,Crítico
1502756,PA,Norte,Municipal,81,43.53,56.74,46.82,40.61,0.5647,-3.29,False,True,Concórdia do Pará,PA,2,Crítico
1502764,PA,Norte,Municipal,61,53.59,45.39,55.05,50.05,0.46409999999999996,-1.46,False,True,Cumaru do Norte,PA,0,Atenção
1502772,PA,Norte,Municipal,94,50.07,74.76,55.58,50.75,0.49929999999999997,-5.51,False,True,Curionópolis,PA,0,Atenção
1502806,PA,Norte,Municipal,178,35.37,26.35,32.28,25.05,0.6463000000000001,3.09,False,False,Curralinho,PA,2,Crítico
1502855,PA,Norte,Municipal,51,44.92,44.27,44.07,37.57,0.5508,0.85,False,False,Curuá,PA,2,Crítico
1502905,PA,Norte,Municipal,99,38.36,31.5,37.86,30.77,0.6164000000000001,0.5,False,False,Curuçá,PA,2,Crítico
1502939,PA,Norte,Municipal,168,59.22,64.32,62.75,59.32,0.40780000000000005,-3.53,False,True,Dom Eliseu,PA,0,Atenção
1502954,PA,Norte,Municipal,102,50.6,44.43,57.37,52.88,0.494,-6.77,False,True,Eldorado do Carajás,PA,0,Atenção
1503002,PA,Norte,Municipal,52,53.98,49.07,55.82,51.07,0.46020000000000005,-1.84,False,True,Faro,PA,0,Atenção
1503044,PA,Norte,Municipal,68,49.8,65.6,53.03,47.81,0.502,-3.23,False,True,Floresta do Araguaia,PA,0,Atenção
1503077,PA,Norte,Municipal,104,41.39,35.29,44.45,37.89,0.5861000000000001,-3.06,False,True,Garrafão do Norte,PA,2,Crítico
1503093,PA,Norte,Municipal,97,44.95,45.2,51.56,46.02,0.5505,-6.61,False,True,Goianésia do Pará,PA,2,Crítico
1503101,PA,Norte,Municipal,146,27.71,35.9,,25.7,0.7229,,True,False,Gurupá,PA,2,Crítico
1503200,PA,Norte,Estadual,23,54.98,69.79,,55.5,0.45020000000000004,,True,False,Igarapé-Açu,PA,0,Atenção
1503200,PA,Norte,Municipal,75,35.64,35.34,39.7,32.34,0.6436,-4.06,False,True,Igarapé-Açu,PA,2,Crítico
1503309,PA,Norte,Municipal,171,37.67,42.56,43.33,36.4,0.6233,-5.66,False,True,Igarapé-Miri,PA,2,Crítico
1503408,PA,Norte,Municipal,36,33.6,57.42,29.0,21.81,0.6639999999999999,4.6,False,False,Inhangapi,PA,2,Crítico
1503457,PA,Norte,Municipal,114,41.56,42.84,46.0,39.67,0.5844,-4.44,False,True,Ipixuna do Pará,PA,2,Crítico
1503507,PA,Norte,Municipal,65,44.08,48.96,50.89,45.31,0.5592,-6.81,False,True,Irituia,PA,2,Crítico
1503606,PA,Norte,Municipal,622,57.93,60.11,64.14,61.0,0.42069999999999996,-6.21,False,True,Itaituba,PA,0,Atenção
1503705,PA,Norte,Municipal,144,40.85,43.12,48.62,42.67,0.5914999999999999,-7.77,False,True,Itupiranga,PA,2,Crítico
1503754,PA,Norte,Municipal,68,39.36,24.18,,36.03,0.6064,,True,False,Jacareacanga,PA,2,Crítico
1503804,PA,Norte,Municipal,140,40.7,38.47,46.69,40.46,0.593,-5.99,False,True,Jacundá,PA,2,Crítico
1503903,PA,Norte,Municipal,248,48.63,51.81,54.21,49.19,0.5137,-5.58,False,True,Juruti,PA,0,Atenção
1504000,PA,Norte,Municipal,74,48.33,53.77,52.92,47.65,0.5166999999999999,-4.59,False,True,Limoeiro do Ajuru,PA,0,Atenção
1504059,PA,Norte,Municipal,106,43.89,50.71,51.07,45.53,0.5610999999999999,-7.18,False,True,Mãe do Rio,PA,2,Crítico
1504208,PA,Norte,Municipal,901,49.05,50.92,56.17,51.39,0.5095000000000001,-7.12,False,True,Marabá,PA,0,Atenção
1504307,PA,Norte,Municipal,56,61.99,52.43,69.99,68.05,0.3801,-8.0,False,True,Maracanã,PA,0,Atenção
1504406,PA,Norte,Municipal,70,32.67,41.94,35.89,28.76,0.6733,-3.22,False,True,Marapanim,PA,2,Crítico
1504422,PA,Norte,Municipal,491,56.0,48.11,61.1,57.32,0.43999999999999995,-5.1,False,True,Marituba,PA,0,Atenção
1504455,PA,Norte,Municipal,98,51.34,52.4,54.08,49.02,0.4865999999999999,-2.74,False,True,Medicilândia,PA,0,Atenção
1504505,PA,Norte,Municipal,123,42.25,34.74,44.48,37.9,0.5775,-2.23,False,True,Melgaço,PA,2,Crítico
1504604,PA,Norte,Municipal,94,37.39,39.51,38.95,31.94,0.6261,-1.56,False,True,Mocajuba,PA,2,Crítico
1504703,PA,Norte,Municipal,270,36.48,39.34,39.09,32.08,0.6352,-2.61,False,True,Moju,PA,2,Crítico
1504752,PA,Norte,Municipal,59,52.92,46.39,59.31,55.21,0.4708,-6.39,False,True,Mojuí dos Campos,PA,0,Atenção
1504802,PA,Norte,Municipal,232,50.53,43.91,58.27,53.94,0.49470000000000003,-7.74,False,True,Monte Alegre,PA,0,Atenção
1504901,PA,Norte,Municipal,195,38.15,34.61,42.83,36.17,0.6185,-4.68,False,True,Muaná,PA,2,Crítico
1504950,PA,Norte,Municipal,61,41.97,55.59,42.35,35.63,0.5803,-0.38,False,True,Nova Esperança do Piriá,PA,2,Crítico
1504976,PA,Norte,Municipal,67,43.29,59.58,50.09,44.35,0.5670999999999999,-6.8,False,True,Nova Ipixuna,PA,2,Crítico
1505007,PA,Norte,Municipal,35,54.05,48.94,55.21,50.35,0.4595,-1.16,False,True,Nova Timboteua,PA,0,Atenção
1505031,PA,Norte,Municipal,163,58.79,51.0,64.5,61.42,0.4121,-5.71,False,True,Novo Progresso,PA,0,Atenção
1505064,PA,Norte,Municipal,236,51.2,48.58,59.65,55.55,0.488,-8.45,False,True,Novo Repartimento,PA,0,Atenção
1505106,PA,Norte,Municipal,178,48.07,48.07,53.94,48.83,0.5193,-5.87,False,True,Óbidos,PA,0,Atenção
1505205,PA,Norte,Municipal,124,35.49,26.92,25.53,18.51,0.6451,9.96,False,False,Oeiras do Pará,PA,2,Crítico
1505304,PA,Norte,Municipal,239,37.37,27.09,41.32,34.66,0.6263000000000001,-3.95,False,True,Oriximiná,PA,2,Crítico
1505403,PA,Norte,Municipal,34,51.15,52.01,53.68,48.53,0.48850000000000005,-2.53,False,True,Ourém,PA,0,Atenção
1505437,PA,Norte,Municipal,129,48.22,50.57,53.81,48.68,0.5178,-5.59,False,True,Ourilândia do Norte,PA,0,Atenção
1505486,PA,Norte,Municipal,167,41.43,43.22,43.87,37.31,0.5857,-2.44,False,True,Pacajá,PA,2,Crítico
1505494,PA,Norte,Municipal,20,44.81,52.27,40.66,33.8,0.5519000000000001,4.15,False,False,Palestina do Pará,PA,2,Crítico
1505502,PA,Norte,Municipal,459,58.63,55.87,65.34,62.44,0.41369999999999996,-6.71,False,True,Paragominas,PA,0,Atenção
1505536,PA,Norte,Municipal,953,48.23,49.59,58.58,54.43,0.5177,-10.35,False,True,Parauapebas,PA,0,Atenção
1505635,PA,Norte,Municipal,45,54.42,56.01,61.89,58.31,0.4558,-7.47,False,True,Piçarra,PA,0,Atenção
1505650,PA,Norte,Municipal,73,45.43,53.74,,42.53,0.5457000000000001,,True,False,Placas,PA,0,Atenção
1505700,PA,Norte,Estadual,21,42.72,53.21,,42.02,0.5728,,True,False,Ponta de Pedras,PA,0,Atenção
1505700,PA,Norte,Municipal,83,43.07,61.54,45.11,38.72,0.5692999999999999,-2.04,False,True,Ponta de Pedras,PA,2,Crítico
1505809,PA,Norte,Municipal,232,42.42,39.69,49.51,43.67,0.5758,-7.09,False,True,Portel,PA,2,Crítico
1505908,PA,Norte,Municipal,125,72.47,84.33,73.69,72.51,0.2753,-1.22,False,True,Porto de Moz,PA,1,Consolidado
1506005,PA,Norte,Municipal,158,57.5,43.97,61.1,57.44,0.42500000000000004,-3.6,False,True,Prainha,PA,0,Atenção
1506104,PA,Norte,Municipal,42,56.08,42.24,54.05,48.96,0.43920000000000003,2.03,False,False,Primavera,PA,0,Atenção
1506112,PA,Norte,Municipal,43,50.86,26.95,53.99,48.86,0.49140000000000006,-3.13,False,True,Quatipuru,PA,0,Atenção
1506138,PA,Norte,Municipal,371,52.7,57.31,59.2,55.07,0.473,-6.5,False,True,Redenção,PA,0,Atenção
1506161,PA,Norte,Municipal,60,47.06,43.04,47.85,41.79,0.5294,-0.79,False,True,Rio Maria,PA,2,Crítico
1506187,PA,Norte,Municipal,115,55.97,71.13,63.45,60.18,0.4403,-7.48,False,True,Rondon do Pará,PA,0,Atenção
1506195,PA,Norte,Municipal,107,52.76,51.01,61.62,57.94,0.47240000000000004,-8.86,False,True,Rurópolis,PA,0,Atenção
1506203,PA,Norte,Municipal,157,45.28,51.11,49.14,43.26,0.5471999999999999,-3.86,False,True,Salinópolis,PA,2,Crítico
1506302,PA,Norte,Municipal,63,50.97,51.35,56.58,51.96,0.49029999999999996,-5.61,False,True,Salvaterra,PA,0,Atenção
1506351,PA,Norte,Municipal,81,42.8,43.37,44.15,37.61,0.5720000000000001,-1.35,False,True,Santa Bárbara do Pará,PA,2,Crítico
1506401,PA,Norte,Municipal,39,49.96,46.79,54.82,49.82,0.5004,-4.86,False,True,Santa Cruz do Arari,PA,0,Atenção
1506500,PA,Norte,Municipal,249,42.41,35.83,46.98,40.82,0.5759000000000001,-4.57,False,True,Santa Isabel do Pará,PA,2,Crítico
1506559,PA,Norte,Municipal,42,54.38,27.09,60.36,56.42,0.45619999999999994,-5.98,False,True,Santa Luzia do Pará,PA,0,Atenção
1506583,PA,Norte,Municipal,85,55.65,46.24,58.01,53.65,0.4435,-2.36,False,True,Santa Maria das Barreiras,PA,0,Atenção
1506609,PA,Norte,Municipal,80,48.05,35.51,,40.56,0.5195000000000001,,True,False,Santa Maria do Pará,PA,0,Atenção
1506708,PA,Norte,Municipal,182,53.04,62.22,58.75,54.53,0.4696,-5.71,False,True,Santana do Araguaia,PA,0,Atenção
1506807,PA,Norte,Municipal,1341,51.77,51.17,59.08,54.93,0.48229999999999995,-7.31,False,True,Santarém,PA,0,Atenção
1507003,PA,Norte,Municipal,109,30.02,32.15,32.94,25.71,0.6998,-2.92,False,True,Santo Antônio do Tauá,PA,2,Crítico
1507102,PA,Norte,Municipal,45,43.14,69.67,40.26,33.39,0.5686,2.88,False,False,São Caetano de Odivelas,PA,2,Crítico
1507151,PA,Norte,Municipal,69,49.48,36.0,51.56,46.02,0.5052000000000001,-2.08,False,True,São Domingos do Araguaia,PA,2,Crítico
1507201,PA,Norte,Municipal,62,35.85,28.99,37.87,30.82,0.6415,-2.02,False,True,São Domingos do Capim,PA,2,Crítico
1507300,PA,Norte,Municipal,221,35.95,33.03,,39.6,0.6405,,True,False,São Félix do Xingu,PA,2,Crítico
1507409,PA,Norte,Municipal,37,37.87,44.92,43.6,36.98,0.6213,-5.73,False,True,São Francisco do Pará,PA,2,Crítico
1507458,PA,Norte,Municipal,114,47.33,53.5,51.94,46.47,0.5267,-4.61,False,True,São Geraldo do Araguaia,PA,2,Crítico
1507474,PA,Norte,Municipal,65,40.97,32.9,36.94,29.83,0.5903,4.03,False,False,São João de Pirabas,PA,2,Crítico
1507508,PA,Norte,Municipal,53,41.22,36.62,40.49,33.61,0.5878,0.73,False,False,São João do Araguaia,PA,2,Crítico
1507607,PA,Norte,Municipal,203,40.6,47.92,45.1,38.69,0.594,-4.5,False,True,São Miguel do Guamá,PA,2,Crítico
1507706,PA,Norte,Municipal,123,45.69,44.7,53.3,48.03,0.5431,-7.61,False,True,São Sebastião da Boa Vista,PA,0,Atenção
1507755,PA,Norte,Municipal,27,72.82,72.43,79.9,79.88,0.27180000000000004,-7.08,False,True,Sapucaia,PA,1,Consolidado
1507805,PA,Norte,Municipal,116,39.67,32.22,40.12,33.18,0.6033,-0.45,False,True,Senador José Porfírio,PA,2,Crítico
1507904,PA,Norte,Municipal,142,57.83,52.92,65.61,62.78,0.42169999999999996,-7.78,False,True,Soure,PA,0,Atenção
1507953,PA,Norte,Municipal,311,39.66,38.97,44.19,37.67,0.6034,-4.53,False,True,Tailândia,PA,2,Crítico
1507961,PA,Norte,Municipal,22,49.59,36.31,48.0,42.02,0.5041,1.59,False,False,Terra Alta,PA,2,Crítico
1507979,PA,Norte,Municipal,95,68.3,63.18,72.19,70.72,0.31700000000000006,-3.89,False,True,Terra Santa,PA,0,Atenção
1508001,PA,Norte,Municipal,354,45.43,48.6,53.23,47.99,0.5457000000000001,-7.8,False,True,Tomé-Açu,PA,2,Crítico
1508035,PA,Norte,Municipal,70,50.74,30.91,53.63,48.53,0.4925999999999999,-2.89,False,True,Tracuateua,PA,0,Atenção
1508050,PA,Norte,Municipal,82,66.31,64.17,72.29,70.83,0.3369,-5.98,False,True,Trairão,PA,0,Atenção
1508084,PA,Norte,Municipal,147,56.85,46.54,62.31,58.8,0.4315,-5.46,False,True,Tucumã,PA,0,Atenção
1508100,PA,Norte,Municipal,375,38.2,50.52,43.83,37.27,0.618,-5.63,False,True,Tucuruí,PA,2,Crítico
1508126,PA,Norte,Municipal,128,59.31,63.44,64.77,61.76,0.40689999999999993,-5.46,False,True,Ulianópolis,PA,0,Atenção
1508159,PA,Norte,Municipal,125,63.95,58.76,67.88,65.53,0.36049999999999993,-3.93,False,True,Uruará,PA,0,Atenção
1508209,PA,Norte,Municipal,158,34.49,35.74,36.87,29.77,0.6551,-2.38,False,True,Vigia,PA,2,Crítico
1508308,PA,Norte,Municipal,212,37.67,40.32,41.1,34.25,0.6233,-3.43,False,True,Viseu,PA,2,Crítico
1508357,PA,Norte,Municipal,86,61.69,69.34,63.83,60.6,0.3831,-2.14,False,True,Vitória do Xingu,PA,0,Atenção
1508407,PA,Norte,Municipal,197,50.88,49.82,54.82,49.87,0.49119999999999997,-3.94,False,True,Xinguara,PA,0,Atenção
1600055,AP,Norte,Municipal,21,38.37,71.43,39.84,32.92,0.6163000000000001,-1.47,False,True,Serra do Navio,AP,2,Crítico
1600105,AP,Norte,Municipal,40,43.55,19.33,38.23,31.2,0.5645,5.32,False,False,Amapá,AP,2,Crítico
1600154,AP,Norte,Municipal,54,59.37,44.01,68.48,66.25,0.4063,-9.11,False,True,Pedra Branca do Amapari,AP,0,Atenção
1600204,AP,Norte,Municipal,48,51.07,49.87,41.81,35.05,0.48929999999999996,9.26,False,False,Calçoene,AP,3,Intermediário
1600212,AP,Norte,Municipal,29,55.9,61.68,52.37,47.0,0.44100000000000006,3.53,False,False,Cutias,AP,3,Intermediário
1600238,AP,Norte,Municipal,27,66.96,68.44,74.45,73.43,0.3304,-7.49,False,True,Ferreira Gomes,AP,0,Atenção
1600253,AP,Norte,Municipal,36,53.68,42.08,55.34,50.48,0.46320000000000006,-1.66,False,True,Itaubal,AP,0,Atenção
1600279,AP,Norte,Municipal,184,47.34,38.51,45.64,39.29,0.5266,1.7,False,False,Laranjal do Jari,AP,2,Crítico
1600303,AP,Norte,Estadual,737,43.26,38.74,,38.94,0.5674,,True,False,Macapá,AP,2,Crítico
1600303,AP,Norte,Municipal,1359,50.05,50.02,49.2,43.33,0.49950000000000006,0.85,False,False,Macapá,AP,2,Crítico
1600402,AP,Norte,Municipal,103,37.57,43.74,36.5,29.38,0.6243000000000001,1.07,False,False,Mazagão,AP,2,Crítico
1600501,AP,Norte,Municipal,120,35.65,26.31,33.3,26.09,0.6435,2.35,False,False,Oiapoque,AP,2,Crítico
1600535,AP,Norte,Estadual,26,53.71,41.93,,63.76,0.4629,,True,False,Porto Grande,AP,0,Atenção
1600535,AP,Norte,Municipal,74,59.68,69.08,67.62,65.21,0.4032,-7.94,False,True,Porto Grande,AP,0,Atenção
1600600,AP,Norte,Estadual,161,46.31,55.41,,47.55,0.5368999999999999,,True,False,Santana,AP,0,Atenção
1600600,AP,Norte,Municipal,379,46.24,55.47,47.82,41.76,0.5376,-1.58,False,True,Santana,AP,2,Crítico
1600709,AP,Norte,Municipal,83,40.24,94.11,39.04,32.06,0.5975999999999999,1.2,False,False,Tartarugalzinho,AP,2,Crítico
1600808,AP,Norte,Municipal,39,40.16,17.34,35.85,28.7,0.5984,4.31,False,False,Vitória do Jari,AP,2,Crítico
1700301,TO,Norte,Municipal,23,41.1,31.24,32.42,25.2,0.589,8.68,False,False,Aguiarnópolis,TO,2,Crítico
1700350,TO,Norte,Municipal,22,66.05,78.4,80.0,95.52,0.3395,-13.95,False,True,Aliança do Tocantins,TO,1,Consolidado
1700400,TO,Norte,Municipal,43,36.18,46.83,22.65,15.92,0.6382,13.53,False,False,Almas,TO,2,Crítico
1700707,TO,Norte,Municipal,41,54.57,66.46,53.11,47.86,0.45430000000000004,1.46,False,False,Alvorada,TO,0,Atenção
1701002,TO,Norte,Municipal,52,48.15,49.49,46.22,39.94,0.5185,1.93,False,False,Ananás,TO,2,Crítico
1701903,TO,Norte,Municipal,27,48.16,55.11,45.04,38.62,0.5184,3.12,False,False,Araguacema,TO,2,Crítico
1702109,TO,Norte,Municipal,638,41.86,49.24,42.16,35.44,0.5814,-0.3,False,True,Araguaína,TO,2,Crítico
1702158,TO,Norte,Municipal,25,43.7,47.84,44.23,37.72,0.563,-0.53,False,True,Araguanã,TO,2,Crítico
1702208,TO,Norte,Municipal,90,47.6,47.78,41.9,35.15,0.524,5.7,False,False,Araguatins,TO,2,Crítico
1702307,TO,Norte,Municipal,22,51.54,73.58,43.86,37.31,0.48460000000000003,7.68,False,False,Arapoema,TO,3,Intermediário
1702406,TO,Norte,Municipal,21,47.85,61.9,41.11,34.29,0.5215,6.74,False,False,Arraias,TO,2,Crítico
1702554,TO,Norte,Municipal,57,51.33,63.74,54.94,50.01,0.4867,-3.61,False,True,Augustinópolis,TO,0,Atenção
1702901,TO,Norte,Municipal,34,44.29,41.7,37.42,30.34,0.5570999999999999,6.87,False,False,Axixá do Tocantins,TO,2,Crítico
1703008,TO,Norte,Municipal,21,37.67,19.98,27.6,20.49,0.6233,10.07,False,False,Babaçulândia,TO,2,Crítico
1703073,TO,Norte,Municipal,25,40.48,15.24,18.0,11.92,0.5952,22.48,False,False,Barra do Ouro,TO,2,Crítico
1703107,TO,Norte,Municipal,23,57.48,56.02,62.85,59.45,0.4252,-5.37,False,True,Barrolândia,TO,0,Atenção
1703701,TO,Norte,Municipal,23,50.12,61.63,44.57,38.1,0.4988,5.55,False,False,Brejinho de Nazaré,TO,2,Crítico
1703800,TO,Norte,Municipal,34,47.95,49.92,,41.24,0.5205,,True,False,Buriti do Tocantins,TO,0,Atenção
1703842,TO,Norte,Municipal,51,38.38,38.43,22.91,16.16,0.6162,15.47,False,False,Campos Lindos,TO,2,Crítico
1705508,TO,Norte,Municipal,146,54.47,58.37,55.79,51.01,0.45530000000000004,-1.32,False,True,Colinas do Tocantins,TO,0,Atenção
1705557,TO,Norte,Municipal,24,61.1,58.05,65.04,62.09,0.389,-3.94,False,True,Combinado,TO,0,Atenção
1705607,TO,Norte,Municipal,24,40.98,28.53,34.78,27.6,0.5902000000000001,6.2,False,False,Conceição do Tocantins,TO,2,Crítico
1706001,TO,Norte,Municipal,21,52.81,43.31,53.39,48.18,0.4719,-0.58,False,True,Couto Magalhães,TO,0,Atenção
1706100,TO,Norte,Municipal,28,58.17,60.08,52.25,46.85,0.4183,5.92,False,False,Cristalândia,TO,3,Intermediário
1706506,TO,Norte,Municipal,26,39.28,46.16,38.24,31.21,0.6072,1.04,False,False,Darcinópolis,TO,2,Crítico
1707009,TO,Norte,Municipal,76,55.03,56.57,56.47,51.81,0.4497,-1.44,False,True,Dianópolis,TO,0,Atenção
1707108,TO,Norte,Municipal,29,56.42,54.1,45.46,39.09,0.43579999999999997,10.96,False,False,Divinópolis do Tocantins,TO,3,Intermediário
1707405,TO,Norte,Municipal,25,49.6,43.23,47.0,40.82,0.504,2.6,False,False,Esperantina,TO,2,Crítico
1707652,TO,Norte,Municipal,25,60.91,56.43,65.27,62.36,0.3909,-4.36,False,True,Figueirópolis,TO,0,Atenção
1708205,TO,Norte,Municipal,57,60.87,44.04,66.36,63.68,0.3913,-5.49,False,True,Formoso do Araguaia,TO,0,Atenção
1709005,TO,Norte,Municipal,41,37.12,34.92,18.74,12.54,0.6288,18.38,False,False,Goiatins,TO,2,Crítico
1709302,TO,Norte,Municipal,71,49.09,47.0,42.74,36.07,0.5090999999999999,6.35,False,False,Guaraí,TO,2,Crítico
1709500,TO,Norte,Municipal,239,54.11,51.83,50.17,44.44,0.4589,3.94,False,False,Gurupi,TO,3,Intermediário
1711902,TO,Norte,Municipal,64,40.47,30.91,33.23,26.02,0.5952999999999999,7.24,False,False,Lagoa da Confusão,TO,2,Crítico
1712454,TO,Norte,Municipal,21,41.63,42.82,32.22,25.0,0.5837,9.41,False,False,Luzinópolis,TO,2,Crítico
1713205,TO,Norte,Municipal,54,50.28,44.52,47.63,41.54,0.4972,2.65,False,False,Miracema do Tocantins,TO,2,Crítico
1713304,TO,Norte,Municipal,50,55.58,64.28,57.09,52.55,0.44420000000000004,-1.51,False,True,Miranorte,TO,0,Atenção
1713601,TO,Norte,Municipal,25,63.35,27.37,71.56,69.96,0.36649999999999994,-8.21,False,True,Monte do Carmo,TO,0,Atenção
1713809,TO,Norte,Municipal,23,40.33,68.79,25.06,18.11,0.5967,15.27,False,False,Palmeiras do Tocantins,TO,2,Crítico
1714203,TO,Norte,Municipal,34,43.11,49.51,35.38,28.21,0.5689,7.73,False,False,Natividade,TO,2,Crítico
1714880,TO,Norte,Municipal,42,39.77,41.17,32.67,25.45,0.6023,7.1,False,False,Nova Olinda,TO,2,Crítico
1715705,TO,Norte,Municipal,25,35.41,24.06,14.38,9.01,0.6459,21.03,False,False,Palmeirante,TO,2,Crítico
1715754,TO,Norte,Municipal,30,54.22,86.83,53.03,47.77,0.4578,1.19,False,False,Palmeirópolis,TO,0,Atenção
1716109,TO,Norte,Municipal,217,54.44,66.14,63.78,60.56,0.4556,-9.34,False,True,Paraíso do Tocantins,TO,0,Atenção
1716208,TO,Norte,Municipal,37,52.29,64.97,48.28,42.28,0.47709999999999997,4.01,False,False,Paranã,TO,2,Crítico
1716505,TO,Norte,Municipal,77,55.22,53.24,57.52,53.06,0.4478,-2.3,False,True,Pedro Afonso,TO,0,Atenção
1716703,TO,Norte,Municipal,23,55.09,68.93,53.62,48.45,0.44909999999999994,1.47,False,False,Colméia,TO,0,Atenção
1717008,TO,Norte,Municipal,23,52.03,34.67,52.73,47.41,0.4797,-0.7,False,True,Pindorama do Tocantins,TO,0,Atenção
1717909,TO,Norte,Municipal,29,52.5,14.61,52.89,47.6,0.475,-0.39,False,True,Ponte Alta do Tocantins,TO,0,Atenção
1718204,TO,Norte,Municipal,210,57.58,46.46,60.65,56.8,0.4242,-3.07,False,True,Porto Nacional,TO,0,Atenção
1718758,TO,Norte,Municipal,22,44.86,22.14,35.01,27.83,0.5514,9.85,False,False,Rio Sono,TO,2,Crítico
1718808,TO,Norte,Municipal,24,53.59,33.15,49.44,43.61,0.46409999999999996,4.15,False,False,Sampaio,TO,3,Intermediário
1718865,TO,Norte,Municipal,21,38.3,41.12,23.48,16.67,0.617,14.82,False,False,Santa Fé do Araguaia,TO,2,Crítico
1720101,TO,Norte,Municipal,27,51.23,59.6,49.76,43.97,0.4877,1.47,False,False,São Bento do Tocantins,TO,2,Crítico
1720200,TO,Norte,Municipal,67,40.32,39.74,34.18,26.98,0.5968,6.14,False,False,São Miguel do Tocantins,TO,2,Crítico
1720655,TO,Norte,Municipal,24,52.34,34.59,41.52,34.74,0.4765999999999999,10.82,False,False,Silvanópolis,TO,3,Intermediário
1720804,TO,Norte,Municipal,44,49.7,52.61,45.85,39.53,0.5029999999999999,3.85,False,False,Sítio Novo do Tocantins,TO,2,Crítico
1720903,TO,Norte,Municipal,66,50.55,47.37,44.76,38.31,0.49450000000000005,5.79,False,False,Taguatinga,TO,2,Crítico
1721000,TO,Norte,Municipal,957,58.02,57.33,62.2,58.66,0.41979999999999995,-4.18,False,True,Palmas,TO,0,Atenção
1721208,TO,Norte,Municipal,77,45.44,31.87,41.22,34.41,0.5456000000000001,4.22,False,False,Tocantinópolis,TO,2,Crítico
1722081,TO,Norte,Municipal,27,42.8,33.42,41.91,35.16,0.5720000000000001,0.89,False,False,Wanderlândia,TO,2,Crítico
1722107,TO,Norte,Municipal,46,38.31,43.67,29.18,22.0,0.6169,9.13,False,False,Xambioá,TO,2,Crítico
2100055,MA,Nordeste,Municipal,406,44.63,65.94,45.9,39.59,0.5537,-1.27,False,True,Açailândia,MA,2,Crítico
2100154,MA,Nordeste,Municipal,34,69.21,61.52,69.35,67.29,0.30790000000000006,-0.14,False,True,Água Doce do Maranhão,MA,0,Atenção
2100204,MA,Nordeste,Municipal,33,61.52,66.85,74.47,73.47,0.3847999999999999,-12.95,False,True,Alcântara,MA,0,Atenção
2100303,MA,Nordeste,Municipal,66,65.3,51.15,69.85,67.9,0.347,-4.55,False,True,Aldeias Altas,MA,0,Atenção
2100402,MA,Nordeste,Municipal,20,78.52,70.32,80.0,90.52,0.2148,-1.48,False,True,Altamira do Maranhão,MA,1,Consolidado
2100436,MA,Nordeste,Municipal,58,64.95,56.47,71.78,70.23,0.3504999999999999,-6.83,False,True,Alto Alegre do Maranhão,MA,0,Atenção
2100477,MA,Nordeste,Municipal,100,48.53,49.98,42.71,36.04,0.5146999999999999,5.82,False,False,Alto Alegre do Pindaré,MA,2,Crítico
2100501,MA,Nordeste,Municipal,47,59.16,61.63,52.17,46.76,0.4084,6.99,False,False,Alto Parnaíba,MA,3,Intermediário
2100550,MA,Nordeste,Municipal,35,50.87,40.05,30.17,22.97,0.49130000000000007,20.7,False,False,Amapá do Maranhão,MA,3,Intermediário
2100600,MA,Nordeste,Municipal,104,53.34,38.93,51.2,45.64,0.4666,2.14,False,False,Amarante do Maranhão,MA,2,Crítico
2100709,MA,Nordeste,Municipal,49,69.82,45.48,73.92,72.8,0.30180000000000007,-4.1,False,True,Anajatuba,MA,1,Consolidado
2100808,MA,Nordeste,Municipal,40,82.37,31.28,80.0,91.05,0.1762999999999999,2.37,False,False,Anapurus,MA,1,Consolidado
2100832,MA,Nordeste,Municipal,54,53.04,46.84,38.52,31.51,0.4696,14.52,False,False,Apicum-Açu,MA,3,Intermediário
2100873,MA,Nordeste,Municipal,50,92.48,93.92,80.0,98.19,0.07519999999999993,12.48,False,False,Araguanã,MA,1,Consolidado
2100907,MA,Nordeste,Municipal,90,58.31,44.21,60.17,56.23,0.41689999999999994,-1.86,False,True,Araioses,MA,0,Atenção
2100956,MA,Nordeste,Municipal,54,65.72,77.78,76.81,76.25,0.3428,-11.09,False,True,Arame,MA,0,Atenção
2101004,MA,Nordeste,Municipal,104,66.29,70.16,69.51,67.49,0.33709999999999996,-3.22,False,True,Arari,MA,0,Atenção
2101103,MA,Nordeste,Municipal,45,74.64,73.79,80.0,81.88,0.25360000000000005,-5.36,False,True,Axixá,MA,1,Consolidado
2101202,MA,Nordeste,Municipal,299,51.52,51.34,51.22,45.66,0.4848,0.3,False,False,Bacabal,MA,2,Crítico
2101251,MA,Nordeste,Municipal,60,58.72,57.66,56.2,51.49,0.41280000000000006,2.52,False,False,Bacabeira,MA,0,Atenção
2101301,MA,Nordeste,Municipal,61,58.86,73.72,69.66,67.67,0.4114,-10.8,False,True,Bacuri,MA,0,Atenção
2101400,MA,Nordeste,Municipal,408,55.49,39.76,46.12,39.83,0.44509999999999994,9.37,False,False,Balsas,MA,3,Intermediário
2101509,MA,Nordeste,Municipal,35,51.56,50.15,47.68,41.6,0.48439999999999994,3.88,False,False,Barão de Grajaú,MA,2,Crítico
2101608,MA,Nordeste,Municipal,276,68.08,67.34,67.82,65.45,0.31920000000000004,0.26,False,False,Barra do Corda,MA,0,Atenção
2101707,MA,Nordeste,Municipal,251,52.28,74.64,55.23,50.35,0.47719999999999996,-2.95,False,True,Barreirinhas,MA,0,Atenção
2101731,MA,Nordeste,Municipal,29,60.95,82.84,64.24,61.12,0.39049999999999996,-3.29,False,True,Belágua,MA,0,Atenção
2101772,MA,Nordeste,Municipal,72,60.61,76.06,56.48,51.82,0.39390000000000003,4.13,False,False,Bela Vista do Maranhão,MA,3,Intermediário
2101806,MA,Nordeste,Municipal,23,68.33,45.51,59.98,56.0,0.3167,8.35,False,False,Benedito Leite,MA,3,Intermediário
2101905,MA,Nordeste,Municipal,26,50.72,68.79,39.93,33.01,0.4928,10.79,False,False,Bequimão,MA,3,Intermediário
2101970,MA,Nordeste,Municipal,38,62.93,84.21,63.3,59.99,0.37070000000000003,-0.37,False,True,Boa Vista do Gurupi,MA,0,Atenção
2102002,MA,Nordeste,Municipal,105,85.36,75.17,80.0,94.62,0.14639999999999997,5.36,False,False,Bom Jardim,MA,1,Consolidado
2102036,MA,Nordeste,Municipal,126,63.26,60.81,66.3,63.61,0.36740000000000006,-3.04,False,True,Bom Jesus das Selvas,MA,0,Atenção
2102077,MA,Nordeste,Municipal,32,84.65,90.71,80.0,100.0,0.15349999999999997,4.65,False,False,Bom Lugar,MA,1,Consolidado
2102101,MA,Nordeste,Municipal,87,52.75,58.02,55.2,50.31,0.47250000000000003,-2.45,False,True,Brejo,MA,0,Atenção
2102150,MA,Nordeste,Municipal,34,55.59,46.68,40.15,33.25,0.44409999999999994,15.44,False,False,Brejo de Areia,MA,3,Intermediário
2102200,MA,Nordeste,Municipal,81,51.01,26.02,50.62,44.96,0.4899,0.39,False,False,Buriti,MA,2,Crítico
2102309,MA,Nordeste,Municipal,81,48.88,61.89,38.42,31.4,0.5112,10.46,False,False,Buriti Bravo,MA,2,Crítico
2102325,MA,Nordeste,Municipal,222,52.21,36.49,45.58,39.23,0.4779,6.63,False,False,Buriticupu,MA,3,Intermediário
2102358,MA,Nordeste,Municipal,50,59.0,62.09,64.45,61.37,0.41000000000000003,-5.45,False,True,Buritirana,MA,0,Atenção
2102374,MA,Nordeste,Municipal,32,60.94,56.44,47.28,41.14,0.39060000000000006,13.66,False,False,Cachoeira Grande,MA,3,Intermediário
2102408,MA,Nordeste,Municipal,28,65.47,61.19,68.3,66.03,0.34530000000000005,-2.83,False,True,Cajapió,MA,0,Atenção
2102507,MA,Nordeste,Municipal,28,56.77,23.93,57.7,53.27,0.4323,-0.93,False,True,Cajari,MA,0,Atenção
2102556,MA,Nordeste,Municipal,59,63.69,61.16,67.22,64.72,0.3631,-3.53,False,True,Campestre do Maranhão,MA,0,Atenção
2102606,MA,Nordeste,Municipal,71,60.08,41.22,64.65,61.61,0.3992,-4.57,False,True,Cândido Mendes,MA,0,Atenção
2102705,MA,Nordeste,Municipal,74,55.54,67.59,57.5,53.04,0.4446,-1.96,False,True,Cantanhede,MA,0,Atenção
2102754,MA,Nordeste,Municipal,38,57.15,92.31,42.37,35.66,0.4285,14.78,False,False,Capinzal do Norte,MA,3,Intermediário
2102804,MA,Nordeste,Municipal,86,55.16,49.29,50.25,44.54,0.4484,4.91,False,False,Carolina,MA,3,Intermediário
2102903,MA,Nordeste,Municipal,92,55.98,59.33,59.63,55.58,0.44020000000000004,-3.65,False,True,Carutapera,MA,0,Atenção
2103000,MA,Nordeste,Municipal,443,50.33,55.43,49.57,43.75,0.49670000000000003,0.76,False,False,Caxias,MA,2,Crítico
2103109,MA,Nordeste,Municipal,28,62.92,67.48,71.43,69.8,0.3708,-8.51,False,True,Cedral,MA,0,Atenção
2103158,MA,Nordeste,Municipal,36,84.69,88.71,80.0,92.92,0.1531,4.69,False,False,Centro do Guilherme,MA,1,Consolidado
2103174,MA,Nordeste,Municipal,53,52.44,41.82,46.3,40.03,0.4756,6.14,False,False,Centro Novo do Maranhão,MA,3,Intermediário
2103208,MA,Nordeste,Municipal,225,55.24,41.85,52.46,47.1,0.4476,2.78,False,False,Chapadinha,MA,3,Intermediário
2103257,MA,Nordeste,Municipal,58,67.87,78.68,68.64,66.44,0.3212999999999999,-0.77,False,True,Cidelândia,MA,0,Atenção
2103307,MA,Nordeste,Municipal,368,51.44,56.75,52.32,46.94,0.48560000000000003,-0.88,False,True,Codó,MA,0,Atenção
2103406,MA,Nordeste,Municipal,128,62.12,73.19,63.75,60.53,0.3788,-1.63,False,True,Coelho Neto,MA,0,Atenção
2103505,MA,Nordeste,Municipal,128,61.45,47.65,62.9,59.5,0.38549999999999995,-1.45,False,True,Colinas,MA,0,Atenção
2103554,MA,Nordeste,Municipal,48,58.03,50.86,49.69,43.89,0.41969999999999996,8.34,False,False,Conceição do Lago-Açu,MA,3,Intermediário
2103604,MA,Nordeste,Municipal,163,52.72,56.77,47.59,41.49,0.4728,5.13,False,False,Coroatá,MA,3,Intermediário
2103703,MA,Nordeste,Municipal,89,67.26,71.31,68.14,65.83,0.3273999999999999,-0.88,False,True,Cururupu,MA,0,Atenção
2103752,MA,Nordeste,Municipal,48,63.71,72.86,68.9,66.75,0.3629,-5.19,False,True,Davinópolis,MA,0,Atenção
2103802,MA,Nordeste,Municipal,56,52.32,34.21,46.62,40.39,0.4768,5.7,False,False,Dom Pedro,MA,3,Intermediário
2103901,MA,Nordeste,Municipal,58,67.48,79.23,71.09,69.39,0.32519999999999993,-3.61,False,True,Duque Bacelar,MA,0,Atenção
2104008,MA,Nordeste,Municipal,73,61.22,82.19,62.78,59.36,0.38780000000000003,-1.56,False,True,Esperantinópolis,MA,0,Atenção
2104057,MA,Nordeste,Municipal,141,59.11,54.3,59.05,54.89,0.40890000000000004,0.06,False,False,Estreito,MA,0,Atenção
2104073,MA,Nordeste,Municipal,33,73.62,55.21,80.0,84.89,0.2637999999999999,-6.38,False,True,Feira Nova do Maranhão,MA,1,Consolidado
2104081,MA,Nordeste,Municipal,22,57.19,76.24,36.99,29.88,0.42810000000000004,20.2,False,False,Fernando Falcão,MA,3,Intermediário
2104099,MA,Nordeste,Municipal,59,71.72,84.65,80.0,85.6,0.28280000000000005,-8.28,False,True,Formosa da Serra Negra,MA,1,Consolidado
2104107,MA,Nordeste,Municipal,69,57.07,76.15,50.73,45.09,0.4293,6.34,False,False,Fortaleza dos Nogueiras,MA,3,Intermediário
2104206,MA,Nordeste,Municipal,96,52.64,66.46,46.62,40.4,0.4736,6.02,False,False,Fortuna,MA,3,Intermediário
2104305,MA,Nordeste,Municipal,52,74.5,92.67,80.0,82.97,0.255,-5.5,False,True,Godofredo Viana,MA,1,Consolidado
2104404,MA,Nordeste,Municipal,34,53.78,75.04,50.85,45.22,0.46219999999999994,2.93,False,False,Gonçalves Dias,MA,3,Intermediário
2104503,MA,Nordeste,Municipal,45,79.13,79.77,80.0,88.98,0.2087,-0.87,False,True,Governador Archer,MA,1,Consolidado
2104552,MA,Nordeste,Municipal,98,70.96,69.24,80.0,80.4,0.2904000000000001,-9.04,False,True,Governador Edison Lobão,MA,1,Consolidado
2104602,MA,Nordeste,Municipal,32,60.41,37.52,57.38,52.89,0.39590000000000003,3.03,False,False,Governador Eugênio Barros,MA,0,Atenção
2104628,MA,Nordeste,Municipal,25,78.47,96.0,80.0,98.32,0.21530000000000005,-1.53,False,True,Governador Luiz Rocha,MA,1,Consolidado
2104651,MA,Nordeste,Municipal,30,63.36,72.95,70.87,69.13,0.36640000000000006,-7.51,False,True,Governador Newton Bello,MA,0,Atenção
2104677,MA,Nordeste,Municipal,91,70.98,62.79,76.8,76.23,0.2902,-5.82,False,True,Governador Nunes Freire,MA,1,Consolidado
2104701,MA,Nordeste,Municipal,30,76.35,70.87,73.9,72.78,0.23650000000000004,2.45,False,False,Graça Aranha,MA,1,Consolidado
2104800,MA,Nordeste,Municipal,328,51.65,46.11,48.35,42.36,0.48350000000000004,3.3,False,False,Grajaú,MA,2,Crítico
2104909,MA,Nordeste,Municipal,37,79.9,92.09,80.0,89.07,0.20099999999999996,-0.1,False,True,Guimarães,MA,1,Consolidado
2105005,MA,Nordeste,Municipal,98,55.77,61.2,64.63,61.59,0.4422999999999999,-8.86,False,True,Humberto de Campos,MA,0,Atenção
2105104,MA,Nordeste,Municipal,77,61.93,67.94,68.75,66.57,0.38070000000000004,-6.82,False,True,Icatu,MA,0,Atenção
2105153,MA,Nordeste,Municipal,51,64.51,79.82,62.41,58.92,0.3549,2.1,False,False,Igarapé do Meio,MA,0,Atenção
2105203,MA,Nordeste,Municipal,39,91.9,86.57,80.0,97.77,0.08099999999999996,11.9,False,False,Igarapé Grande,MA,1,Consolidado
2105302,MA,Nordeste,Municipal,841,54.29,51.77,50.82,45.19,0.45710000000000006,3.47,False,False,Imperatriz,MA,3,Intermediário
2105351,MA,Nordeste,Municipal,51,69.41,76.56,80.0,86.12,0.30590000000000006,-10.59,False,True,Itaipava do Grajaú,MA,1,Consolidado
2105401,MA,Nordeste,Municipal,247,53.11,59.88,57.76,53.35,0.4689,-4.65,False,True,Itapecuru Mirim,MA,0,Atenção
2105427,MA,Nordeste,Municipal,65,72.65,58.76,79.93,79.93,0.27349999999999997,-7.28,False,True,Itinga do Maranhão,MA,1,Consolidado
2105450,MA,Nordeste,Municipal,25,69.58,63.8,73.93,72.81,0.3042,-4.35,False,True,Jatobá,MA,1,Consolidado
2105476,MA,Nordeste,Municipal,32,57.04,65.17,52.45,47.09,0.4296,4.59,False,False,Jenipapo dos Vieiras,MA,3,Intermediário
2105500,MA,Nordeste,Municipal,67,46.63,58.22,41.8,35.04,0.5337,4.83,False,False,João Lisboa,MA,2,Crítico
2105609,MA,Nordeste,Municipal,34,58.83,71.04,58.77,54.55,0.41170000000000007,0.06,False,False,Joselândia,MA,0,Atenção
2105658,MA,Nordeste,Municipal,23,76.89,61.09,80.0,94.78,0.23109999999999997,-3.11,False,True,Junco do Maranhão,MA,1,Consolidado
2105708,MA,Nordeste,Municipal,125,74.1,79.75,80.0,92.18,0.259,-5.9,False,True,Lago da Pedra,MA,1,Consolidado
2105807,MA,Nordeste,Municipal,26,91.96,92.38,80.0,100.0,0.08040000000000003,11.96,False,False,Lago do Junco,MA,1,Consolidado
2105906,MA,Nordeste,Municipal,43,64.19,82.12,65.07,62.12,0.3581,-0.88,False,True,Lago Verde,MA,0,Atenção
2105922,MA,Nordeste,Municipal,31,80.02,77.45,80.0,85.97,0.1998000000000001,0.02,False,False,Lagoa do Mato,MA,1,Consolidado
2105948,MA,Nordeste,Municipal,21,73.97,95.19,80.0,88.14,0.2603,-6.03,False,True,Lago dos Rodrigues,MA,1,Consolidado
2105963,MA,Nordeste,Municipal,41,72.83,97.58,80.0,81.67,0.27170000000000005,-7.17,False,True,Lagoa Grande do Maranhão,MA,1,Consolidado
2105989,MA,Nordeste,Municipal,25,65.81,67.31,63.83,60.63,0.3419,1.98,False,False,Lajeado Novo,MA,0,Atenção
2106003,MA,Nordeste,Municipal,38,74.46,92.17,80.0,86.67,0.25540000000000007,-5.54,False,True,Lima Campos,MA,1,Consolidado
2106102,MA,Nordeste,Municipal,49,57.6,67.04,45.2,38.81,0.42399999999999993,12.4,False,False,Loreto,MA,3,Intermediário
2106201,MA,Nordeste,Municipal,39,71.69,87.02,77.39,76.93,0.2831,-5.7,False,True,Luís Domingues,MA,1,Consolidado
2106300,MA,Nordeste,Municipal,43,58.94,74.33,56.28,51.59,0.4106000000000001,2.66,False,False,Magalhães de Almeida,MA,0,Atenção
2106326,MA,Nordeste,Municipal,76,57.42,51.24,61.61,57.95,0.42579999999999996,-4.19,False,True,Maracaçumé,MA,0,Atenção
2106375,MA,Nordeste,Municipal,32,72.94,97.07,76.95,76.41,0.27060000000000006,-4.01,False,True,Maranhãozinho,MA,1,Consolidado
2106409,MA,Nordeste,Municipal,59,65.54,76.01,71.33,69.68,0.3445999999999999,-5.79,False,True,Mata Roma,MA,0,Atenção
2106508,MA,Nordeste,Municipal,56,66.51,53.51,66.6,63.97,0.3349,-0.09,False,True,Matinha,MA,0,Atenção
2106607,MA,Nordeste,Municipal,87,64.35,31.74,73.54,72.34,0.35650000000000004,-9.19,False,True,Matões,MA,0,Atenção
2106631,MA,Nordeste,Municipal,25,59.84,59.56,66.46,63.8,0.40159999999999996,-6.62,False,True,Matões do Norte,MA,0,Atenção
2106706,MA,Nordeste,Municipal,69,50.13,55.65,41.77,35.01,0.4986999999999999,8.36,False,False,Mirador,MA,2,Crítico
2106755,MA,Nordeste,Municipal,86,60.61,54.9,59.27,55.15,0.39390000000000003,1.34,False,False,Miranda do Norte,MA,0,Atenção
2106805,MA,Nordeste,Municipal,46,70.51,75.81,80.0,91.54,0.29489999999999994,-9.49,False,True,Mirinzal,MA,1,Consolidado
2106904,MA,Nordeste,Municipal,84,54.89,37.24,56.61,51.98,0.45109999999999995,-1.72,False,True,Monção,MA,0,Atenção
2107001,MA,Nordeste,Municipal,41,69.25,53.19,72.68,71.31,0.3075,-3.43,False,True,Montes Altos,MA,1,Consolidado
2107100,MA,Nordeste,Municipal,65,82.7,67.71,80.0,94.83,0.17299999999999993,2.7,False,False,Morros,MA,1,Consolidado
2107209,MA,Nordeste,Municipal,37,59.84,53.66,57.54,53.08,0.40159999999999996,2.3,False,False,Nina Rodrigues,MA,0,Atenção
2107258,MA,Nordeste,Municipal,22,75.49,63.64,80.0,85.65,0.2451000000000001,-4.51,False,True,Nova Colinas,MA,1,Consolidado
2107357,MA,Nordeste,Municipal,54,61.46,59.64,60.95,57.17,0.38539999999999996,0.51,False,False,Nova Olinda do Maranhão,MA,0,Atenção
2107407,MA,Nordeste,Municipal,44,58.43,50.38,58.25,53.94,0.41569999999999996,0.18,False,False,Olho d'Água das Cunhãs,MA,0,Atenção
2107456,MA,Nordeste,Municipal,30,74.12,39.68,80.0,80.81,0.2587999999999999,-5.88,False,True,Olinda Nova do Maranhão,MA,1,Consolidado
2107506,MA,Nordeste,Municipal,497,58.1,59.12,55.54,50.82,0.41900000000000004,2.56,False,False,Paço do Lumiar,MA,0,Atenção
2107605,MA,Nordeste,Municipal,39,52.56,62.85,48.1,42.08,0.47439999999999993,4.46,False,False,Palmeirândia,MA,3,Intermediário
2107704,MA,Nordeste,Municipal,84,70.56,68.84,79.02,78.86,0.2944,-8.46,False,True,Paraibano,MA,1,Consolidado
2107803,MA,Nordeste,Municipal,103,76.34,53.78,80.0,90.73,0.23659999999999992,-3.66,False,True,Parnarama,MA,1,Consolidado
2107902,MA,Nordeste,Municipal,68,71.28,55.72,77.24,76.76,0.2872,-5.96,False,True,Passagem Franca,MA,1,Consolidado
2108009,MA,Nordeste,Municipal,73,68.34,58.5,75.06,74.16,0.3166,-6.72,False,True,Pastos Bons,MA,1,Consolidado
2108058,MA,Nordeste,Municipal,53,63.13,75.56,67.34,64.86,0.3687,-4.21,False,True,Paulino Neves,MA,0,Atenção
2108108,MA,Nordeste,Municipal,63,69.13,90.54,76.82,76.26,0.3087000000000001,-7.69,False,True,Paulo Ramos,MA,1,Consolidado
2108207,MA,Nordeste,Municipal,87,70.02,71.65,70.02,68.1,0.29980000000000007,0.0,False,False,Pedreiras,MA,1,Consolidado
2108256,MA,Nordeste,Municipal,61,65.83,56.91,68.13,65.82,0.3417,-2.3,False,True,Pedro do Rosário,MA,0,Atenção
2108306,MA,Nordeste,Municipal,129,51.98,61.47,59.53,55.46,0.48020000000000007,-7.55,False,True,Penalva,MA,0,Atenção
2108405,MA,Nordeste,Municipal,22,57.26,55.25,42.07,35.35,0.4274,15.19,False,False,Peri Mirim,MA,3,Intermediário
2108454,MA,Nordeste,Municipal,78,61.61,68.43,61.07,57.3,0.3839,0.54,False,False,Peritoró,MA,0,Atenção
2108504,MA,Nordeste,Municipal,106,50.45,45.49,47.1,40.94,0.49549999999999994,3.35,False,False,Pindaré-Mirim,MA,2,Crítico
2108603,MA,Nordeste,Municipal,194,55.29,46.53,57.5,53.04,0.44710000000000005,-2.21,False,True,Pinheiro,MA,0,Atenção
2108702,MA,Nordeste,Municipal,65,43.32,59.46,32.07,24.85,0.5668,11.25,False,False,Pio XII,MA,2,Crítico
2108801,MA,Nordeste,Municipal,41,70.82,39.7,80.0,83.02,0.29180000000000006,-9.18,False,True,Pirapemas,MA,1,Consolidado
2108900,MA,Nordeste,Municipal,31,75.56,74.62,80.0,89.32,0.24439999999999995,-4.44,False,True,Poção de Pedras,MA,1,Consolidado
2109007,MA,Nordeste,Municipal,97,64.08,76.3,61.72,58.08,0.35919999999999996,2.36,False,False,Porto Franco,MA,0,Atenção
2109106,MA,Nordeste,Municipal,132,56.25,39.65,58.95,54.77,0.4375,-2.7,False,True,Presidente Dutra,MA,0,Atenção
2109205,MA,Nordeste,Municipal,24,57.95,70.91,43.48,36.89,0.4205,14.47,False,False,Presidente Juscelino,MA,3,Intermediário
2109239,MA,Nordeste,Municipal,23,74.27,68.97,76.15,75.46,0.2573000000000001,-1.88,False,True,Presidente Médici,MA,1,Consolidado
2109270,MA,Nordeste,Municipal,69,62.38,40.97,65.63,62.8,0.3762,-3.25,False,True,Presidente Sarney,MA,0,Atenção
2109304,MA,Nordeste,Municipal,29,59.35,38.09,50.02,44.27,0.4065,9.33,False,False,Presidente Vargas,MA,3,Intermediário
2109403,MA,Nordeste,Municipal,38,62.49,75.22,76.22,75.55,0.3751,-13.73,False,True,Primeira Cruz,MA,0,Atenção
2109452,MA,Nordeste,Municipal,153,67.28,52.2,69.98,68.05,0.32719999999999994,-2.7,False,True,Raposa,MA,0,Atenção
2109502,MA,Nordeste,Municipal,89,48.76,47.11,,41.08,0.5124,,True,False,Riachão,MA,0,Atenção
2109551,MA,Nordeste,Municipal,21,57.38,57.31,58.51,54.24,0.4262,-1.13,False,True,Ribamar Fiquene,MA,0,Atenção
2109601,MA,Nordeste,Municipal,132,59.79,49.48,60.53,56.65,0.4021,-0.74,False,True,Rosário,MA,0,Atenção
2109700,MA,Nordeste,Municipal,25,76.72,64.68,80.0,85.92,0.2328,-3.28,False,True,Sambaíba,MA,1,Consolidado
2109809,MA,Nordeste,Municipal,62,64.34,77.23,60.93,57.13,0.3565999999999999,3.41,False,False,Santa Helena,MA,0,Atenção
2109908,MA,Nordeste,Municipal,262,51.32,50.5,52.49,47.14,0.4868,-1.17,False,True,Santa Inês,MA,0,Atenção
2110005,MA,Nordeste,Municipal,224,54.43,62.1,58.67,54.43,0.4557,-4.24,False,True,Santa Luzia,MA,0,Atenção
2110039,MA,Nordeste,Municipal,74,79.06,81.78,80.0,93.66,0.20940000000000003,-0.94,False,True,Santa Luzia do Paruá,MA,1,Consolidado
2110104,MA,Nordeste,Municipal,60,76.44,85.12,80.0,89.14,0.23560000000000003,-3.56,False,True,Santa Quitéria do Maranhão,MA,1,Consolidado
2110203,MA,Nordeste,Municipal,109,59.91,62.9,62.92,59.53,0.40090000000000003,-3.01,False,True,Santa Rita,MA,0,Atenção
2110278,MA,Nordeste,Municipal,38,50.7,53.39,40.2,33.31,0.493,10.5,False,False,Santo Amaro do Maranhão,MA,3,Intermediário
2110302,MA,Nordeste,Municipal,37,62.28,69.64,57.23,52.71,0.3772,5.05,False,False,Santo Antônio dos Lopes,MA,3,Intermediário
2110401,MA,Nordeste,Municipal,48,51.72,24.26,52.21,46.81,0.4828,-0.49,False,True,São Benedito do Rio Preto,MA,0,Atenção
2110500,MA,Nordeste,Municipal,102,78.83,78.48,80.0,93.75,0.2117,-1.17,False,True,São Bento,MA,1,Consolidado
2110609,MA,Nordeste,Municipal,108,64.36,70.87,75.28,74.43,0.35640000000000005,-10.92,False,True,São Bernardo,MA,0,Atenção
2110658,MA,Nordeste,Municipal,40,53.78,29.44,29.51,22.32,0.46219999999999994,24.27,False,False,São Domingos do Azeitão,MA,3,Intermediário
2110708,MA,Nordeste,Municipal,111,51.41,50.38,47.88,41.82,0.4859,3.53,False,False,São Domingos do Maranhão,MA,2,Crítico
2110856,MA,Nordeste,Municipal,45,66.49,40.12,65.51,62.65,0.33510000000000006,0.98,False,False,São Francisco do Brejão,MA,0,Atenção
2110906,MA,Nordeste,Municipal,45,59.8,88.78,56.04,51.3,0.402,3.76,False,False,São Francisco do Maranhão,MA,3,Intermediário
2111003,MA,Nordeste,Municipal,29,45.43,64.4,36.65,29.54,0.5457000000000001,8.78,False,False,São João Batista,MA,2,Crítico
2111029,MA,Nordeste,Municipal,57,65.2,74.11,67.59,65.17,0.348,-2.39,False,True,São João do Carú,MA,0,Atenção
2111052,MA,Nordeste,Municipal,27,49.76,43.69,40.36,33.48,0.5024,9.4,False,False,São João do Paraíso,MA,2,Crítico
2111078,MA,Nordeste,Municipal,47,50.72,46.83,31.6,24.38,0.4928,19.12,False,False,São João do Soter,MA,3,Intermediário
2111102,MA,Nordeste,Municipal,97,56.56,57.59,57.94,53.56,0.4344,-1.38,False,True,São João dos Patos,MA,0,Atenção
2111201,MA,Nordeste,Municipal,617,65.07,55.43,65.19,62.27,0.34930000000000005,-0.12,False,True,São José de Ribamar,MA,0,Atenção
2111300,MA,Nordeste,Estadual,23,78.84,60.55,,77.15,0.2116,,True,False,São Luís,MA,1,Consolidado
2111300,MA,Nordeste,Municipal,2035,56.38,56.18,52.79,47.49,0.4361999999999999,3.59,False,False,São Luís,MA,3,Intermediário
2111409,MA,Nordeste,Municipal,42,70.76,57.38,75.6,74.81,0.2924,-4.84,False,True,São Luís Gonzaga do Maranhão,MA,1,Consolidado
2111508,MA,Nordeste,Municipal,160,62.91,65.57,67.09,64.56,0.3709,-4.18,False,True,São Mateus do Maranhão,MA,0,Atenção
2111532,MA,Nordeste,Municipal,50,49.43,60.73,39.87,32.95,0.5057,9.56,False,False,São Pedro da Água Branca,MA,2,Crítico
2111573,MA,Nordeste,Municipal,30,56.47,83.01,46.51,40.27,0.4353,9.96,False,False,São Pedro dos Crentes,MA,3,Intermediário
2111607,MA,Nordeste,Municipal,85,70.74,83.58,72.44,71.03,0.2926000000000001,-1.7,False,True,São Raimundo das Mangabeiras,MA,1,Consolidado
2111631,MA,Nordeste,Municipal,22,63.84,49.76,60.22,56.29,0.3615999999999999,3.62,False,False,São Raimundo do Doca Bezerra,MA,0,Atenção
2111706,MA,Nordeste,Municipal,43,60.53,70.69,64.17,61.03,0.39469999999999994,-3.64,False,True,São Vicente Ferrer,MA,0,Atenção
2111748,MA,Nordeste,Municipal,26,82.79,92.46,80.0,95.63,0.17209999999999992,2.79,False,False,Senador Alexandre Costa,MA,1,Consolidado
2111763,MA,Nordeste,Municipal,41,51.29,70.54,39.21,32.23,0.4871,12.08,False,False,Senador La Rocque,MA,3,Intermediário
2111789,MA,Nordeste,Municipal,22,63.56,58.21,69.93,67.99,0.36439999999999995,-6.37,False,True,Serrano do Maranhão,MA,0,Atenção
2111805,MA,Nordeste,Municipal,87,55.34,54.43,48.38,42.39,0.4466,6.96,False,False,Sítio Novo,MA,3,Intermediário
2111904,MA,Nordeste,Municipal,27,57.92,66.67,54.91,49.96,0.42079999999999995,3.01,False,False,Sucupira do Norte,MA,3,Intermediário
2112001,MA,Nordeste,Municipal,30,60.83,68.83,50.74,45.1,0.39170000000000005,10.09,False,False,Tasso Fragoso,MA,3,Intermediário
2112100,MA,Nordeste,Municipal,87,51.65,40.6,47.97,41.93,0.48350000000000004,3.68,False,False,Timbiras,MA,2,Crítico
2112209,MA,Nordeste,Municipal,533,67.55,75.27,69.77,67.8,0.3245,-2.22,False,True,Timon,MA,0,Atenção
2112233,MA,Nordeste,Municipal,79,65.72,91.38,62.49,59.01,0.3428,3.23,False,False,Trizidela do Vale,MA,0,Atenção
2112274,MA,Nordeste,Municipal,24,57.98,38.16,41.57,34.79,0.4202,16.41,False,False,Tufilândia,MA,3,Intermediário
2112308,MA,Nordeste,Municipal,82,49.97,73.54,45.32,38.94,0.5003,4.65,False,False,Tuntum,MA,2,Crítico
2112407,MA,Nordeste,Municipal,102,49.13,62.25,46.7,40.48,0.5086999999999999,2.43,False,False,Turiaçu,MA,2,Crítico
2112456,MA,Nordeste,Municipal,83,54.84,54.64,60.34,56.43,0.4516,-5.5,False,True,Turilândia,MA,0,Atenção
2112506,MA,Nordeste,Municipal,210,47.01,51.88,44.16,37.64,0.5299,2.85,False,False,Tutóia,MA,2,Crítico
2112605,MA,Nordeste,Municipal,104,66.26,36.11,77.24,76.76,0.3373999999999999,-10.98,False,True,Urbano Santos,MA,0,Atenção
2112704,MA,Nordeste,Municipal,142,93.9,97.19,80.0,98.85,0.06099999999999994,13.9,False,False,Vargem Grande,MA,1,Consolidado
2112803,MA,Nordeste,Municipal,191,60.14,57.95,61.88,58.28,0.39859999999999995,-1.74,False,True,Viana,MA,0,Atenção
2112852,MA,Nordeste,Municipal,55,75.41,73.03,80.0,86.07,0.2459,-4.59,False,True,Vila Nova dos Martírios,MA,1,Consolidado
2112902,MA,Nordeste,Municipal,80,55.66,64.93,54.07,48.98,0.4434,1.59,False,False,Vitória do Mearim,MA,0,Atenção
2113009,MA,Nordeste,Municipal,78,56.4,73.38,55.82,51.04,0.43600000000000005,0.58,False,False,Vitorino Freire,MA,0,Atenção
2114007,MA,Nordeste,Municipal,144,74.92,69.65,80.0,81.54,0.2508,-5.08,False,True,Zé Doca,MA,1,Consolidado
2200053,PI,Nordeste,Municipal,25,80.14,80.0,80.0,81.71,0.1986,0.14,False,False,Acauã,PI,1,Consolidado
2200103,PI,Nordeste,Municipal,23,60.19,65.14,39.55,32.61,0.3981,20.64,False,False,Agricolândia,PI,3,Intermediário
2200202,PI,Nordeste,Municipal,55,81.37,85.45,80.0,90.63,0.1862999999999999,1.37,False,False,Água Branca,PI,1,Consolidado
2200301,PI,Nordeste,Municipal,24,76.06,79.3,80.0,90.92,0.23939999999999995,-3.94,False,True,Alto Longá,PI,1,Consolidado
2200400,PI,Nordeste,Municipal,187,63.85,63.32,64.89,61.92,0.36149999999999993,-1.04,False,True,Altos,PI,0,Atenção
2200459,PI,Nordeste,Municipal,20,71.34,37.66,70.23,68.39,0.28659999999999997,1.11,False,False,Alvorada do Gurguéia,PI,1,Consolidado
2200509,PI,Nordeste,Municipal,67,45.93,37.25,29.44,22.26,0.5407,16.49,False,False,Amarante,PI,2,Crítico
2200608,PI,Nordeste,Municipal,40,64.18,97.5,64.55,61.5,0.35819999999999996,-0.37,False,True,Angical do Piauí,PI,0,Atenção
2200707,PI,Nordeste,Municipal,36,58.67,72.29,51.99,46.55,0.4133,6.68,False,False,Anísio de Abreu,PI,3,Intermediário
2201051,PI,Nordeste,Municipal,27,79.54,77.78,80.0,84.47,0.2045999999999999,-0.46,False,True,Assunção do Piauí,PI,1,Consolidado
2201101,PI,Nordeste,Municipal,51,49.23,46.88,47.14,40.98,0.5077,2.09,False,False,Avelino Lopes,PI,2,Crítico
2201150,PI,Nordeste,Municipal,62,61.44,78.52,53.75,48.61,0.38560000000000005,7.69,False,False,Baixa Grande do Ribeiro,PI,3,Intermediário
2201200,PI,Nordeste,Municipal,175,58.51,63.59,59.72,55.68,0.41490000000000005,-1.21,False,True,Barras,PI,0,Atenção
2201507,PI,Nordeste,Municipal,62,48.48,47.71,49.49,43.67,0.5152000000000001,-1.01,False,True,Batalha,PI,2,Crítico
2201606,PI,Nordeste,Municipal,29,78.65,68.4,77.94,77.58,0.2134999999999999,0.71,False,False,Beneditinos,PI,1,Consolidado
2201739,PI,Nordeste,Municipal,36,59.31,84.51,48.5,42.52,0.40689999999999993,10.81,False,False,Betânia do Piauí,PI,3,Intermediário
2201903,PI,Nordeste,Municipal,95,93.54,100.0,80.0,99.08,0.06459999999999999,13.54,False,False,Bom Jesus,PI,1,Consolidado
2201929,PI,Nordeste,Municipal,27,61.04,33.33,55.47,50.62,0.38960000000000006,5.57,False,False,Bonfim do Piauí,PI,3,Intermediário
2201945,PI,Nordeste,Municipal,21,86.33,70.45,80.0,96.48,0.13670000000000004,6.33,False,False,Boqueirão do Piauí,PI,1,Consolidado
2201960,PI,Nordeste,Municipal,26,53.34,30.49,40.07,33.16,0.4666,13.27,False,False,Brasileira,PI,3,Intermediário
2202000,PI,Nordeste,Municipal,95,49.04,61.06,47.6,41.49,0.5096,1.44,False,False,Buriti dos Lopes,PI,2,Crítico
2202026,PI,Nordeste,Municipal,25,77.68,96.06,80.0,84.86,0.22319999999999995,-2.32,False,True,Buriti dos Montes,PI,1,Consolidado
2202059,PI,Nordeste,Municipal,31,51.19,45.05,26.93,19.87,0.4881,24.26,False,False,Cabeceiras do Piauí,PI,3,Intermediário
2202083,PI,Nordeste,Municipal,55,56.63,60.16,52.75,47.44,0.4337,3.88,False,False,Cajueiro da Praia,PI,3,Intermediário
2202133,PI,Nordeste,Municipal,25,78.81,87.91,80.0,85.56,0.21189999999999998,-1.19,False,True,Campo Grande do Piauí,PI,1,Consolidado
2202174,PI,Nordeste,Municipal,25,45.9,76.76,24.57,17.62,0.541,21.33,False,False,Campo Largo do Piauí,PI,3,Intermediário
2202208,PI,Nordeste,Municipal,163,60.32,54.74,56.83,52.23,0.39680000000000004,3.49,False,False,Campo Maior,PI,3,Intermediário
2202307,PI,Nordeste,Municipal,65,39.65,38.27,20.06,13.66,0.6035,19.59,False,False,Canto do Buriti,PI,2,Crítico
2202406,PI,Nordeste,Municipal,52,57.14,57.69,58.04,53.66,0.4286,-0.9,False,True,Capitão de Campos,PI,0,Atenção
2202505,PI,Nordeste,Municipal,35,57.45,45.84,64.12,60.92,0.4255,-6.67,False,True,Caracol,PI,0,Atenção
2202539,PI,Nordeste,Municipal,27,57.01,64.59,44.94,38.53,0.42990000000000006,12.07,False,False,Caraúbas do Piauí,PI,3,Intermediário
2202604,PI,Nordeste,Municipal,59,72.96,88.14,75.84,75.08,0.2704000000000001,-2.88,False,True,Castelo do Piauí,PI,1,Consolidado
2202703,PI,Nordeste,Municipal,105,66.98,84.65,74.22,73.13,0.33019999999999994,-7.24,False,True,Cocal,PI,0,Atenção
2202729,PI,Nordeste,Municipal,22,72.02,86.49,80.0,80.27,0.27980000000000005,-7.98,False,True,Cocal dos Alves,PI,1,Consolidado
2202737,PI,Nordeste,Municipal,20,74.89,90.05,78.41,78.08,0.2511,-3.52,False,True,Coivaras,PI,1,Consolidado
2202901,PI,Nordeste,Municipal,72,55.41,45.94,53.03,47.76,0.4459000000000001,2.38,False,False,Corrente,PI,0,Atenção
2203008,PI,Nordeste,Municipal,30,76.13,80.0,79.94,79.91,0.23870000000000002,-3.81,False,True,Cristalândia do Piauí,PI,1,Consolidado
2203206,PI,Nordeste,Municipal,39,71.68,81.07,70.09,68.17,0.2831999999999999,1.59,False,False,Curimatá,PI,1,Consolidado
2203271,PI,Nordeste,Municipal,24,44.52,46.04,22.86,16.1,0.5548,21.66,False,False,Curral Novo do Piauí,PI,3,Intermediário
2203305,PI,Nordeste,Municipal,34,75.52,64.71,71.72,70.15,0.24480000000000002,3.8,False,False,Demerval Lobão,PI,1,Consolidado
2203404,PI,Nordeste,Municipal,23,76.04,73.73,77.56,77.12,0.23959999999999992,-1.52,False,True,Dom Expedito Lopes,PI,1,Consolidado
2203503,PI,Nordeste,Municipal,28,58.75,53.36,55.01,50.09,0.4125,3.74,False,False,Elesbão Veloso,PI,3,Intermediário
2203701,PI,Nordeste,Municipal,110,54.55,68.5,60.81,57.01,0.4545,-6.26,False,True,Esperantina,PI,0,Atenção
2203909,PI,Nordeste,Municipal,177,56.45,57.26,54.22,49.11,0.4355,2.23,False,False,Floriano,PI,0,Atenção
2204303,PI,Nordeste,Municipal,34,81.64,100.0,80.0,98.26,0.18359999999999999,1.64,False,False,Fronteiras,PI,1,Consolidado
2204402,PI,Nordeste,Municipal,51,50.86,39.7,38.32,31.29,0.49140000000000006,12.54,False,False,Gilbués,PI,3,Intermediário
2204501,PI,Nordeste,Municipal,35,58.11,74.81,54.0,48.9,0.41890000000000005,4.11,False,False,Guadalupe,PI,3,Intermediário
2204659,PI,Nordeste,Municipal,42,51.34,36.3,46.17,39.89,0.4865999999999999,5.17,False,False,Ilha Grande,PI,2,Crítico
2204709,PI,Nordeste,Municipal,38,58.99,68.46,59.47,55.41,0.4101,-0.48,False,True,Inhuma,PI,0,Atenção
2204808,PI,Nordeste,Municipal,22,77.44,95.56,80.0,85.45,0.22560000000000002,-2.56,False,True,Ipiranga do Piauí,PI,1,Consolidado
2204907,PI,Nordeste,Municipal,28,54.58,32.14,35.03,27.85,0.45420000000000005,19.55,False,False,Isaías Coelho,PI,3,Intermediário
2205003,PI,Nordeste,Municipal,21,74.34,85.5,75.05,74.11,0.25659999999999994,-0.71,False,True,Itainópolis,PI,1,Consolidado
2205102,PI,Nordeste,Municipal,23,43.25,86.9,32.37,25.15,0.5675,10.88,False,False,Itaueira,PI,2,Crítico
2205151,PI,Nordeste,Municipal,20,80.8,80.0,80.0,88.47,0.19200000000000006,0.8,False,False,Jacobina do Piauí,PI,1,Consolidado
2205201,PI,Nordeste,Municipal,54,72.15,62.47,79.14,79.02,0.27849999999999997,-6.99,False,True,Jaicós,PI,1,Consolidado
2205409,PI,Nordeste,Municipal,58,60.52,79.34,59.6,55.54,0.39479999999999993,0.92,False,False,Joaquim Pires,PI,0,Atenção
2205508,PI,Nordeste,Municipal,157,59.33,44.58,54.78,49.82,0.40670000000000006,4.55,False,False,José de Freitas,PI,3,Intermediário
2205557,PI,Nordeste,Municipal,25,43.8,64.75,28.81,21.64,0.562,14.99,False,False,Lagoa Alegre,PI,2,Crítico
2205565,PI,Nordeste,Municipal,27,67.04,63.5,59.71,55.71,0.3295999999999999,7.33,False,False,Lagoa do Barro do Piauí,PI,3,Intermediário
2205573,PI,Nordeste,Municipal,23,52.27,69.57,47.49,41.39,0.47729999999999995,4.78,False,False,Lagoa de São Francisco,PI,2,Crítico
2205706,PI,Nordeste,Municipal,95,65.89,50.99,65.03,62.35,0.34109999999999996,0.86,False,False,Luís Correia,PI,0,Atenção
2205805,PI,Nordeste,Municipal,67,51.75,54.99,56.4,52.16,0.48250000000000004,-4.65,False,True,Luzilândia,PI,0,Atenção
2205854,PI,Nordeste,Municipal,37,55.34,56.76,65.01,58.69,0.4466,-9.67,False,True,Madeiro,PI,0,Atenção
2205904,PI,Nordeste,Municipal,23,93.42,91.56,80.0,100.0,0.06579999999999997,13.42,False,False,Manoel Emídio,PI,1,Consolidado
2205953,PI,Nordeste,Municipal,46,86.55,91.27,80.0,98.87,0.13450000000000006,6.55,False,False,Marcolândia,PI,1,Consolidado
2206100,PI,Nordeste,Municipal,36,51.37,52.74,31.65,24.41,0.48630000000000007,19.72,False,False,Matias Olímpio,PI,3,Intermediário
2206209,PI,Nordeste,Municipal,95,45.82,62.56,45.41,39.06,0.5418000000000001,0.41,False,False,Miguel Alves,PI,2,Crítico
2206407,PI,Nordeste,Municipal,37,56.99,41.41,63.58,60.33,0.4300999999999999,-6.59,False,True,Monsenhor Gil,PI,0,Atenção
2206506,PI,Nordeste,Municipal,33,93.28,96.97,80.0,100.0,0.06720000000000004,13.28,False,False,Monsenhor Hipólito,PI,1,Consolidado
2206605,PI,Nordeste,Municipal,33,64.04,57.82,69.24,67.2,0.3595999999999999,-5.2,False,True,Monte Alegre do Piauí,PI,0,Atenção
2206670,PI,Nordeste,Municipal,25,47.93,35.71,35.98,28.85,0.5206999999999999,11.95,False,False,Morro do Chapéu do Piauí,PI,2,Crítico
2206696,PI,Nordeste,Municipal,26,68.57,65.09,69.05,66.94,0.3143,-0.48,False,True,Murici dos Portelas,PI,0,Atenção
2206720,PI,Nordeste,Municipal,42,70.98,61.78,78.0,77.61,0.2902,-7.02,False,True,Nazária,PI,1,Consolidado
2206803,PI,Nordeste,Municipal,52,70.12,55.77,66.78,64.18,0.29879999999999995,3.34,False,False,Nossa Senhora dos Remédios,PI,0,Atenção
2206951,PI,Nordeste,Municipal,23,60.93,82.92,53.65,48.51,0.39070000000000005,7.28,False,False,Novo Santo Antônio,PI,3,Intermediário
2207009,PI,Nordeste,Municipal,111,68.11,74.54,68.21,65.94,0.31889999999999996,-0.1,False,True,Oeiras,PI,0,Atenção
2207207,PI,Nordeste,Municipal,24,81.96,100.0,80.0,86.43,0.18040000000000012,1.96,False,False,Padre Marcos,PI,1,Consolidado
2207504,PI,Nordeste,Municipal,56,54.25,54.89,55.7,50.94,0.4575,-1.45,False,True,Palmeirais,PI,0,Atenção
2207603,PI,Nordeste,Municipal,32,63.1,39.84,69.66,67.66,0.369,-6.56,False,True,Parnaguá,PI,0,Atenção
2207702,PI,Nordeste,Municipal,485,46.19,40.23,38.04,31.0,0.5381,8.15,False,False,Parnaíba,PI,2,Crítico
2207801,PI,Nordeste,Municipal,70,51.87,51.49,50.71,45.05,0.48130000000000006,1.16,False,False,Paulistana,PI,2,Crítico
2207900,PI,Nordeste,Municipal,126,41.93,42.87,32.31,25.09,0.5807,9.62,False,False,Pedro II,PI,2,Crítico
2207959,PI,Nordeste,Municipal,20,60.69,44.8,53.26,48.11,0.3931,7.43,False,False,Nova Santa Rita,PI,3,Intermediário
2208007,PI,Nordeste,Municipal,177,56.47,57.3,57.43,52.94,0.4353,-0.96,False,True,Picos,PI,0,Atenção
2208205,PI,Nordeste,Municipal,64,50.29,57.55,42.01,35.27,0.4971,8.28,False,False,Pio IX,PI,2,Crítico
2208304,PI,Nordeste,Municipal,122,72.95,81.82,76.3,75.65,0.27049999999999996,-3.35,False,True,Piracuruca,PI,1,Consolidado
2208403,PI,Nordeste,Municipal,222,44.19,58.36,40.06,33.14,0.5581,4.13,False,False,Piripiri,PI,2,Crítico
2208502,PI,Nordeste,Municipal,53,50.35,31.66,46.38,40.1,0.49649999999999994,3.97,False,False,Porto,PI,2,Crítico
2208650,PI,Nordeste,Municipal,26,68.15,65.38,63.49,60.21,0.3184999999999999,4.66,False,False,Queimada Nova,PI,0,Atenção
2208700,PI,Nordeste,Municipal,28,86.7,92.86,80.0,99.0,0.133,6.7,False,False,Redenção do Gurguéia,PI,1,Consolidado
2208809,PI,Nordeste,Municipal,54,52.03,27.35,47.06,40.85,0.4797,4.97,False,False,Regeneração,PI,2,Crítico
2208858,PI,Nordeste,Municipal,21,80.5,95.24,80.0,98.41,0.19499999999999995,0.5,False,False,Riacho Frio,PI,1,Consolidado
2208908,PI,Nordeste,Municipal,32,83.64,96.94,80.0,88.78,0.16359999999999997,3.64,False,False,Ribeiro Gonçalves,PI,1,Consolidado
2209203,PI,Nordeste,Municipal,29,50.63,62.43,34.92,27.73,0.4937,15.71,False,False,Santa Filomena,PI,3,Intermediário
2209559,PI,Nordeste,Municipal,20,79.07,69.64,80.0,87.8,0.20930000000000004,-0.93,False,True,São Braz do Piauí,PI,1,Consolidado
2209708,PI,Nordeste,Municipal,22,67.21,72.54,61.76,58.14,0.3279000000000001,5.45,False,False,São Francisco do Piauí,PI,3,Intermediário
2209971,PI,Nordeste,Municipal,36,50.62,86.05,40.46,33.58,0.4938,10.16,False,False,São João do Arraial,PI,3,Intermediário
2210003,PI,Nordeste,Municipal,77,52.75,69.16,50.09,44.34,0.47250000000000003,2.66,False,False,São João do Piauí,PI,2,Crítico
2210052,PI,Nordeste,Municipal,27,92.75,96.3,80.0,100.0,0.07250000000000001,12.75,False,False,São José do Divino,PI,1,Consolidado
2210409,PI,Nordeste,Municipal,27,46.5,59.26,36.96,29.92,0.5349999999999999,9.54,False,False,São Miguel do Tapuio,PI,2,Crítico
2210508,PI,Nordeste,Municipal,61,57.35,65.62,54.3,49.27,0.4265,3.05,False,False,São Pedro do Piauí,PI,3,Intermediário
2210607,PI,Nordeste,Municipal,132,69.74,72.26,70.08,68.21,0.3026000000000001,-0.34,False,True,São Raimundo Nonato,PI,1,Consolidado
2210623,PI,Nordeste,Municipal,21,43.76,47.62,33.21,26.03,0.5624,10.55,False,False,Sebastião Barros,PI,2,Crítico
2210706,PI,Nordeste,Municipal,59,73.21,91.28,70.36,68.52,0.2679,2.85,False,False,Simões,PI,1,Consolidado
2210805,PI,Nordeste,Municipal,36,81.17,61.19,80.0,88.7,0.18830000000000002,1.17,False,False,Simplício Mendes,PI,1,Consolidado
2211001,PI,Nordeste,Estadual,44,53.98,74.02,,48.27,0.46020000000000005,,True,False,Teresina,PI,0,Atenção
2211001,PI,Nordeste,Municipal,2202,51.14,55.96,53.41,48.21,0.48860000000000003,-2.27,False,True,Teresina,PI,0,Atenção
2211100,PI,Nordeste,Municipal,142,37.91,38.55,34.02,26.83,0.6209,3.89,False,False,União,PI,2,Crítico
2211209,PI,Nordeste,Municipal,82,42.85,30.27,34.96,27.78,0.5715,7.89,False,False,Uruçuí,PI,2,Crítico
2211308,PI,Nordeste,Municipal,58,56.27,39.23,56.58,51.94,0.4373,-0.31,False,True,Valença do Piauí,PI,0,Atenção
2300101,CE,Nordeste,Municipal,36,87.07,91.46,80.0,88.3,0.12930000000000008,7.07,False,False,Abaiara,CE,1,Consolidado
2300150,CE,Nordeste,Municipal,61,78.07,80.67,78.41,78.14,0.21930000000000005,-0.34,False,True,Acarape,CE,1,Consolidado
2300200,CE,Nordeste,Municipal,261,94.87,98.06,80.0,95.81,0.0512999999999999,14.87,False,False,Acaraú,CE,1,Consolidado
2300309,CE,Nordeste,Municipal,126,66.17,62.98,65.49,62.63,0.33829999999999993,0.68,False,False,Acopiara,CE,0,Atenção
2300408,CE,Nordeste,Municipal,45,78.19,79.78,75.88,75.14,0.21810000000000007,2.31,False,False,Aiuaba,CE,1,Consolidado
2300507,CE,Nordeste,Municipal,48,95.42,100.0,80.0,97.81,0.04579999999999995,15.42,False,False,Alcântaras,CE,1,Consolidado
2300606,CE,Nordeste,Municipal,36,97.47,83.33,80.0,100.0,0.02529999999999999,17.47,False,False,Altaneira,CE,1,Consolidado
2300705,CE,Nordeste,Municipal,54,96.9,96.32,80.0,99.61,0.030999999999999917,16.9,False,False,Alto Santo,CE,1,Consolidado
2300754,CE,Nordeste,Municipal,225,85.62,85.28,80.0,83.0,0.14379999999999993,5.62,False,False,Amontada,CE,1,Consolidado
2300804,CE,Nordeste,Municipal,35,97.38,94.29,80.0,97.31,0.0262,17.38,False,False,Antonina do Norte,CE,1,Consolidado
2300903,CE,Nordeste,Municipal,40,83.88,72.5,80.0,80.8,0.1612,3.88,False,False,Apuiarés,CE,1,Consolidado
2301000,CE,Nordeste,Municipal,353,88.57,84.67,80.0,87.89,0.11430000000000007,8.57,False,False,Aquiraz,CE,1,Consolidado
2301109,CE,Nordeste,Municipal,288,90.68,90.24,80.0,89.12,0.09319999999999995,10.68,False,False,Aracati,CE,1,Consolidado
2301208,CE,Nordeste,Municipal,105,86.9,94.17,80.0,87.25,0.1309999999999999,6.9,False,False,Aracoiaba,CE,1,Consolidado
2301257,CE,Nordeste,Municipal,44,97.75,100.0,80.0,98.92,0.022499999999999964,17.75,False,False,Ararendá,CE,1,Consolidado
2301307,CE,Nordeste,Municipal,95,80.73,75.81,76.18,75.5,0.19269999999999998,4.55,False,False,Araripe,CE,1,Consolidado
2301406,CE,Nordeste,Municipal,58,86.92,77.19,80.0,86.27,0.13080000000000003,6.92,False,False,Aratuba,CE,1,Consolidado
2301604,CE,Nordeste,Municipal,83,90.39,97.6,80.0,90.73,0.09609999999999996,10.39,False,False,Assaré,CE,1,Consolidado
2301703,CE,Nordeste,Municipal,70,78.97,72.74,73.96,72.85,0.21030000000000004,5.01,False,False,Aurora,CE,1,Consolidado
2301851,CE,Nordeste,Municipal,76,83.73,77.52,80.0,80.28,0.16269999999999996,3.73,False,False,Banabuiú,CE,1,Consolidado
2301901,CE,Nordeste,Municipal,232,85.31,85.74,80.0,85.38,0.14690000000000003,5.31,False,False,Barbalha,CE,1,Consolidado
2301950,CE,Nordeste,Municipal,95,87.91,91.57,80.0,88.76,0.12090000000000001,7.91,False,False,Barreira,CE,1,Consolidado
2302008,CE,Nordeste,Municipal,40,73.49,54.86,69.8,67.84,0.2651,3.69,False,False,Barro,CE,1,Consolidado
2302057,CE,Nordeste,Municipal,83,96.8,97.63,80.0,96.36,0.03200000000000003,16.8,False,False,Barroquinha,CE,1,Consolidado
2302107,CE,Nordeste,Municipal,101,80.89,88.14,78.18,77.86,0.19110000000000005,2.71,False,False,Baturité,CE,1,Consolidado
2302206,CE,Nordeste,Municipal,209,78.88,82.72,78.39,78.11,0.21120000000000005,0.49,False,False,Beberibe,CE,1,Consolidado
2302305,CE,Nordeste,Municipal,100,95.48,99.0,80.0,95.85,0.04519999999999991,15.48,False,False,Bela Cruz,CE,1,Consolidado
2302404,CE,Nordeste,Municipal,119,82.95,88.95,80.0,80.04,0.17049999999999998,2.95,False,False,Boa Viagem,CE,1,Consolidado
2302503,CE,Nordeste,Municipal,165,90.27,98.19,80.0,93.05,0.09730000000000005,10.27,False,False,Brejo Santo,CE,1,Consolidado
2302602,CE,Nordeste,Municipal,234,93.6,92.73,80.0,94.5,0.06400000000000006,13.6,False,False,Camocim,CE,1,Consolidado
2302701,CE,Nordeste,Municipal,64,86.1,82.65,80.0,84.18,0.139,6.1,False,False,Campos Sales,CE,1,Consolidado
2302800,CE,Nordeste,Municipal,269,96.31,95.54,80.0,96.87,0.03689999999999993,16.31,False,False,Canindé,CE,1,Consolidado
2302909,CE,Nordeste,Municipal,53,78.56,87.15,77.99,77.64,0.21439999999999992,0.57,False,False,Capistrano,CE,1,Consolidado
2303006,CE,Nordeste,Municipal,46,96.0,100.0,80.0,96.73,0.040000000000000036,16.0,False,False,Caridade,CE,1,Consolidado
2303105,CE,Nordeste,Municipal,50,97.35,98.0,80.0,99.57,0.02650000000000008,17.35,False,False,Cariré,CE,1,Consolidado
2303204,CE,Nordeste,Municipal,104,88.52,81.87,80.0,90.05,0.11480000000000001,8.52,False,False,Caririaçu,CE,1,Consolidado
2303303,CE,Nordeste,Municipal,48,96.93,93.75,80.0,97.11,0.03069999999999995,16.93,False,False,Cariús,CE,1,Consolidado
2303402,CE,Nordeste,Municipal,71,87.26,84.21,80.0,87.03,0.12739999999999996,7.26,False,False,Carnaubal,CE,1,Consolidado
2303501,CE,Nordeste,Municipal,279,89.84,84.61,80.0,87.56,0.10159999999999991,9.84,False,False,Cascavel,CE,1,Consolidado
2303600,CE,Nordeste,Municipal,26,81.07,84.62,79.35,79.24,0.18930000000000002,1.72,False,False,Catarina,CE,1,Consolidado
2303659,CE,Nordeste,Municipal,25,95.89,100.0,80.0,100.0,0.041100000000000025,15.89,False,False,Catunda,CE,1,Consolidado
2303709,CE,Nordeste,Estadual,49,70.38,51.65,,61.22,0.2962,,True,False,Caucaia,CE,0,Atenção
2303709,CE,Nordeste,Municipal,1189,69.65,70.48,69.14,67.04,0.3035,0.51,False,False,Caucaia,CE,0,Atenção
2303808,CE,Nordeste,Municipal,50,95.42,98.0,80.0,96.63,0.04579999999999995,15.42,False,False,Cedro,CE,1,Consolidado
2303907,CE,Nordeste,Municipal,51,80.08,88.24,76.01,75.3,0.19920000000000004,4.07,False,False,Chaval,CE,1,Consolidado
2303931,CE,Nordeste,Municipal,55,95.52,98.2,80.0,97.81,0.04480000000000006,15.52,False,False,Choró,CE,1,Consolidado
2303956,CE,Nordeste,Municipal,85,97.01,95.32,80.0,98.33,0.029899999999999927,17.01,False,False,Chorozinho,CE,1,Consolidado
2304004,CE,Nordeste,Municipal,89,97.31,100.0,80.0,100.0,0.026899999999999924,17.31,False,False,Coreaú,CE,1,Consolidado
2304103,CE,Nordeste,Municipal,224,96.68,98.22,80.0,97.13,0.033199999999999896,16.68,False,False,Crateús,CE,1,Consolidado
2304202,CE,Nordeste,Municipal,404,93.85,96.06,80.0,93.55,0.06150000000000011,13.85,False,False,Crato,CE,1,Consolidado
2304236,CE,Nordeste,Municipal,81,97.25,100.0,80.0,98.5,0.02749999999999997,17.25,False,False,Croatá,CE,1,Consolidado
2304251,CE,Nordeste,Municipal,158,97.4,98.08,80.0,99.53,0.025999999999999912,17.4,False,False,Cruz,CE,1,Consolidado
2304269,CE,Nordeste,Municipal,24,97.0,95.83,80.0,98.65,0.030000000000000027,17.0,False,False,Deputado Irapuan Pinheiro,CE,1,Consolidado
2304277,CE,Nordeste,Municipal,20,96.13,95.09,80.0,98.58,0.03870000000000007,16.13,False,False,Ererê,CE,1,Consolidado
2304285,CE,Nordeste,Municipal,290,92.72,94.77,80.0,92.64,0.07279999999999998,12.72,False,False,Eusébio,CE,1,Consolidado
2304301,CE,Nordeste,Municipal,60,97.03,96.67,80.0,98.01,0.02969999999999995,17.03,False,False,Farias Brito,CE,1,Consolidado
2304350,CE,Nordeste,Municipal,72,97.55,100.0,80.0,100.0,0.024500000000000077,17.55,False,False,Forquilha,CE,1,Consolidado
2304400,CE,Nordeste,Estadual,46,90.85,100.0,,91.28,0.09150000000000003,,True,False,Fortaleza,CE,1,Consolidado
2304400,CE,Nordeste,Municipal,5652,70.72,75.17,74.95,74.03,0.29280000000000006,-4.23,False,True,Fortaleza,CE,1,Consolidado
2304459,CE,Nordeste,Municipal,79,97.34,91.79,80.0,97.52,0.026599999999999957,17.34,False,False,Fortim,CE,1,Consolidado
2304509,CE,Nordeste,Municipal,70,97.19,100.0,80.0,99.67,0.028100000000000014,17.19,False,False,Frecheirinha,CE,1,Consolidado
2304608,CE,Nordeste,Municipal,28,92.92,96.43,80.0,94.2,0.07079999999999997,12.92,False,False,General Sampaio,CE,1,Consolidado
2304657,CE,Nordeste,Municipal,49,96.58,100.0,80.0,98.41,0.03420000000000001,16.58,False,False,Graça,CE,1,Consolidado
2304707,CE,Nordeste,Municipal,214,96.1,98.13,80.0,93.26,0.039000000000000035,16.1,False,False,Granja,CE,1,Consolidado
2304806,CE,Nordeste,Municipal,20,91.19,90.24,80.0,94.87,0.08810000000000007,11.19,False,False,Granjeiro,CE,1,Consolidado
2304905,CE,Nordeste,Municipal,39,89.4,92.61,80.0,83.11,0.10599999999999998,9.4,False,False,Groaíras,CE,1,Consolidado
2304954,CE,Nordeste,Municipal,91,76.05,76.91,73.87,72.74,0.23950000000000005,2.18,False,False,Guaiúba,CE,1,Consolidado
2305001,CE,Nordeste,Municipal,203,97.35,95.57,80.0,98.55,0.02650000000000008,17.35,False,False,Guaraciaba do Norte,CE,1,Consolidado
2305100,CE,Nordeste,Municipal,24,69.52,100.0,59.66,55.61,0.30480000000000007,9.86,False,False,Guaramiranga,CE,3,Intermediário
2305209,CE,Nordeste,Municipal,58,97.4,96.57,80.0,99.02,0.025999999999999912,17.4,False,False,Hidrolândia,CE,1,Consolidado
2305233,CE,Nordeste,Municipal,293,93.66,96.33,80.0,93.36,0.06340000000000001,13.66,False,False,Horizonte,CE,1,Consolidado
2305266,CE,Nordeste,Municipal,39,75.73,58.78,71.84,70.3,0.24269999999999992,3.89,False,False,Ibaretama,CE,1,Consolidado
2305308,CE,Nordeste,Municipal,106,95.24,99.06,80.0,94.97,0.04760000000000009,15.24,False,False,Ibiapina,CE,1,Consolidado
2305332,CE,Nordeste,Municipal,24,92.85,95.86,80.0,96.13,0.07150000000000001,12.85,False,False,Ibicuitinga,CE,1,Consolidado
2305357,CE,Nordeste,Municipal,107,86.85,75.76,80.0,82.16,0.13150000000000006,6.85,False,False,Icapuí,CE,1,Consolidado
2305407,CE,Nordeste,Municipal,164,81.84,74.74,80.0,80.08,0.18159999999999998,1.84,False,False,Icó,CE,1,Consolidado
2305506,CE,Nordeste,Municipal,235,62.03,60.38,60.44,56.55,0.37970000000000004,1.59,False,False,Iguatu,CE,0,Atenção
2305605,CE,Nordeste,Municipal,41,96.47,100.0,80.0,98.8,0.0353,16.47,False,False,Independência,CE,1,Consolidado
2305654,CE,Nordeste,Municipal,26,96.49,100.0,80.0,97.47,0.03510000000000002,16.49,False,False,Ipaporanga,CE,1,Consolidado
2305704,CE,Nordeste,Municipal,43,86.91,88.37,80.0,87.85,0.13090000000000002,6.91,False,False,Ipaumirim,CE,1,Consolidado
2305803,CE,Nordeste,Municipal,127,96.96,89.8,80.0,94.21,0.030400000000000094,16.96,False,False,Ipu,CE,1,Consolidado
2305902,CE,Nordeste,Municipal,146,96.83,99.32,80.0,97.9,0.03170000000000006,16.83,False,False,Ipueiras,CE,1,Consolidado
2306009,CE,Nordeste,Municipal,55,97.37,87.27,80.0,98.61,0.02629999999999999,17.37,False,False,Iracema,CE,1,Consolidado
2306108,CE,Nordeste,Municipal,107,96.63,96.26,80.0,96.53,0.03370000000000006,16.63,False,False,Irauçuba,CE,1,Consolidado
2306207,CE,Nordeste,Municipal,36,93.31,97.22,80.0,91.32,0.06689999999999996,13.31,False,False,Itaiçaba,CE,1,Consolidado
2306256,CE,Nordeste,Municipal,244,87.64,86.69,80.0,85.82,0.12360000000000004,7.64,False,False,Itaitinga,CE,1,Consolidado
2306306,CE,Nordeste,Municipal,173,89.37,91.38,80.0,90.68,0.10629999999999995,9.37,False,False,Itapagé,CE,1,Consolidado
2306405,CE,Nordeste,Municipal,475,86.27,88.85,80.0,84.81,0.1373000000000001,6.27,False,False,Itapipoca,CE,1,Consolidado
2306504,CE,Nordeste,Municipal,56,95.16,92.94,80.0,96.14,0.0484,15.16,False,False,Itapiúna,CE,1,Consolidado
2306553,CE,Nordeste,Municipal,174,93.09,92.94,80.0,92.56,0.06909999999999994,13.09,False,False,Itarema,CE,1,Consolidado
2306603,CE,Nordeste,Municipal,70,97.6,100.0,80.0,99.62,0.02400000000000002,17.6,False,False,Itatira,CE,1,Consolidado
2306702,CE,Nordeste,Municipal,53,96.31,96.3,80.0,94.68,0.03689999999999993,16.31,False,False,Jaguaretama,CE,1,Consolidado
2306801,CE,Nordeste,Municipal,31,90.24,90.32,80.0,89.41,0.09760000000000002,10.24,False,False,Jaguaribara,CE,1,Consolidado
2306900,CE,Nordeste,Municipal,115,84.86,88.62,80.0,85.97,0.15139999999999998,4.86,False,False,Jaguaribe,CE,1,Consolidado
2307007,CE,Nordeste,Municipal,112,84.24,90.72,80.0,84.18,0.15760000000000007,4.24,False,False,Jaguaruana,CE,1,Consolidado
2307106,CE,Nordeste,Municipal,129,80.93,70.51,78.19,77.88,0.19069999999999998,2.74,False,False,Jardim,CE,1,Consolidado
2307205,CE,Nordeste,Municipal,30,77.73,73.24,75.23,74.37,0.2227,2.5,False,False,Jati,CE,1,Consolidado
2307254,CE,Nordeste,Municipal,158,97.22,97.49,80.0,99.76,0.027800000000000047,17.22,False,False,Jijoca de Jericoacoara,CE,1,Consolidado
2307304,CE,Nordeste,Municipal,765,67.12,60.49,63.78,60.56,0.3288,3.34,False,False,Juazeiro do Norte,CE,0,Atenção
2307403,CE,Nordeste,Municipal,84,87.16,90.53,80.0,86.69,0.12840000000000007,7.16,False,False,Jucás,CE,1,Consolidado
2307502,CE,Nordeste,Municipal,67,80.26,71.57,76.08,75.38,0.1973999999999999,4.18,False,False,Lavras da Mangabeira,CE,1,Consolidado
2307601,CE,Nordeste,Municipal,178,90.09,85.31,80.0,87.84,0.09909999999999997,10.09,False,False,Limoeiro do Norte,CE,1,Consolidado
2307635,CE,Nordeste,Municipal,52,97.53,100.0,80.0,97.67,0.024699999999999944,17.53,False,False,Madalena,CE,1,Consolidado
2307650,CE,Nordeste,Municipal,1001,85.87,85.05,80.0,82.4,0.14129999999999998,5.87,False,False,Maracanaú,CE,1,Consolidado
2307700,CE,Nordeste,Municipal,324,81.63,81.49,79.79,79.76,0.18370000000000009,1.84,False,False,Maranguape,CE,1,Consolidado
2307809,CE,Nordeste,Municipal,141,93.3,99.3,80.0,94.18,0.06700000000000006,13.3,False,False,Marco,CE,1,Consolidado
2307908,CE,Nordeste,Municipal,33,96.36,100.0,80.0,98.47,0.03639999999999999,16.36,False,False,Martinópole,CE,1,Consolidado
2308005,CE,Nordeste,Municipal,135,98.02,94.82,80.0,99.41,0.01980000000000004,18.02,False,False,Massapê,CE,1,Consolidado
2308104,CE,Nordeste,Municipal,178,86.57,84.44,80.0,84.73,0.13430000000000009,6.57,False,False,Mauriti,CE,1,Consolidado
2308203,CE,Nordeste,Municipal,72,97.97,98.62,80.0,98.47,0.020299999999999985,17.97,False,False,Meruoca,CE,1,Consolidado
2308302,CE,Nordeste,Municipal,80,77.15,81.31,76.0,75.28,0.22849999999999993,1.15,False,False,Milagres,CE,1,Consolidado
2308351,CE,Nordeste,Municipal,50,94.86,100.0,80.0,100.0,0.0514,14.86,False,False,Milhã,CE,1,Consolidado
2308377,CE,Nordeste,Municipal,49,84.73,83.87,80.0,86.66,0.15269999999999995,4.73,False,False,Miraíma,CE,1,Consolidado
2308401,CE,Nordeste,Municipal,133,76.95,80.63,75.55,74.75,0.23049999999999993,1.4,False,False,Missão Velha,CE,1,Consolidado
2308500,CE,Nordeste,Municipal,128,93.2,92.99,80.0,93.52,0.06799999999999995,13.2,False,False,Mombaça,CE,1,Consolidado
2308609,CE,Nordeste,Estadual,21,88.62,91.3,,97.36,0.1137999999999999,,True,False,Monsenhor Tabosa,CE,1,Consolidado
2308609,CE,Nordeste,Municipal,51,94.11,100.0,80.0,96.51,0.05889999999999995,14.11,False,False,Monsenhor Tabosa,CE,1,Consolidado
2308708,CE,Nordeste,Municipal,164,75.98,75.48,73.22,71.96,0.24019999999999997,2.76,False,False,Morada Nova,CE,1,Consolidado
2308807,CE,Nordeste,Municipal,29,95.37,93.1,80.0,98.91,0.04630000000000001,15.37,False,False,Moraújo,CE,1,Consolidado
2308906,CE,Nordeste,Municipal,93,97.7,97.85,80.0,98.9,0.02300000000000002,17.7,False,False,Morrinhos,CE,1,Consolidado
2309003,CE,Nordeste,Municipal,50,96.63,100.0,80.0,97.92,0.03370000000000006,16.63,False,False,Mucambo,CE,1,Consolidado
2309102,CE,Nordeste,Municipal,32,86.09,90.62,80.0,85.81,0.1391,6.09,False,False,Mulungu,CE,1,Consolidado
2309201,CE,Nordeste,Municipal,57,98.04,100.0,80.0,100.0,0.01959999999999995,18.04,False,False,Nova Olinda,CE,1,Consolidado
2309300,CE,Nordeste,Municipal,71,92.73,98.6,80.0,96.69,0.07269999999999999,12.73,False,False,Nova Russas,CE,1,Consolidado
2309409,CE,Nordeste,Municipal,114,97.02,100.0,80.0,98.72,0.02980000000000005,17.02,False,False,Novo Oriente,CE,1,Consolidado
2309458,CE,Nordeste,Municipal,114,86.85,86.04,80.0,89.45,0.13150000000000006,6.85,False,False,Ocara,CE,1,Consolidado
2309508,CE,Nordeste,Municipal,66,92.3,88.9,80.0,90.9,0.07700000000000007,12.3,False,False,Orós,CE,1,Consolidado
2309607,CE,Nordeste,Municipal,222,87.88,86.0,80.0,85.7,0.12120000000000009,7.88,False,False,Pacajus,CE,1,Consolidado
2309706,CE,Nordeste,Municipal,264,80.15,75.73,76.63,76.03,0.1984999999999999,3.52,False,False,Pacatuba,CE,1,Consolidado
2309805,CE,Nordeste,Municipal,40,88.24,97.5,80.0,88.89,0.11760000000000004,8.24,False,False,Pacoti,CE,1,Consolidado
2309904,CE,Nordeste,Municipal,27,94.03,100.0,80.0,97.88,0.059699999999999975,14.03,False,False,Pacujá,CE,1,Consolidado
2310001,CE,Nordeste,Municipal,44,76.34,79.55,72.04,70.54,0.23659999999999992,4.3,False,False,Palhano,CE,1,Consolidado
2310100,CE,Nordeste,Municipal,32,97.16,93.75,80.0,98.68,0.02839999999999998,17.16,False,False,Palmácia,CE,1,Consolidado
2310209,CE,Nordeste,Municipal,182,92.64,94.54,80.0,94.86,0.0736,12.64,False,False,Paracuru,CE,1,Consolidado
2310258,CE,Nordeste,Municipal,148,97.12,93.11,80.0,98.24,0.028799999999999937,17.12,False,False,Paraipaba,CE,1,Consolidado
2310308,CE,Nordeste,Municipal,81,85.49,93.79,80.0,83.15,0.1451,5.49,False,False,Parambu,CE,1,Consolidado
2310506,CE,Nordeste,Municipal,114,98.12,100.0,80.0,99.44,0.018799999999999928,18.12,False,False,Pedra Branca,CE,1,Consolidado
2310605,CE,Nordeste,Municipal,32,80.03,59.69,78.04,77.7,0.1997,1.99,False,False,Penaforte,CE,1,Consolidado
2310704,CE,Nordeste,Municipal,107,91.3,91.47,80.0,93.06,0.08700000000000008,11.3,False,False,Pentecoste,CE,1,Consolidado
2310803,CE,Nordeste,Municipal,77,95.88,96.02,80.0,95.85,0.041200000000000014,15.88,False,False,Pereiro,CE,1,Consolidado
2310852,CE,Nordeste,Municipal,91,90.64,86.84,80.0,90.29,0.09360000000000002,10.64,False,False,Pindoretama,CE,1,Consolidado
2310902,CE,Nordeste,Municipal,51,97.92,100.0,80.0,100.0,0.02079999999999993,17.92,False,False,Piquet Carneiro,CE,1,Consolidado
2310951,CE,Nordeste,Municipal,23,96.07,100.0,80.0,99.14,0.03930000000000011,16.07,False,False,Pires Ferreira,CE,1,Consolidado
2311009,CE,Nordeste,Municipal,30,93.36,100.0,80.0,96.02,0.06640000000000001,13.36,False,False,Poranga,CE,1,Consolidado
2311108,CE,Nordeste,Municipal,74,93.12,91.91,80.0,93.46,0.06879999999999997,13.12,False,False,Porteiras,CE,1,Consolidado
2311207,CE,Nordeste,Municipal,25,90.84,92.0,80.0,90.85,0.09160000000000001,10.84,False,False,Potengi,CE,1,Consolidado
2311231,CE,Nordeste,Municipal,31,96.42,96.77,80.0,100.0,0.03579999999999994,16.42,False,False,Potiretama,CE,1,Consolidado
2311264,CE,Nordeste,Municipal,64,97.22,100.0,80.0,98.54,0.027800000000000047,17.22,False,False,Quiterianópolis,CE,1,Consolidado
2311306,CE,Nordeste,Municipal,224,89.56,92.43,80.0,88.36,0.10439999999999994,9.56,False,False,Quixadá,CE,1,Consolidado
2311355,CE,Nordeste,Municipal,58,80.13,84.7,79.4,79.3,0.1987000000000001,0.73,False,False,Quixelô,CE,1,Consolidado
2311405,CE,Nordeste,Municipal,286,97.26,99.31,80.0,98.53,0.02739999999999998,17.26,False,False,Quixeramobim,CE,1,Consolidado
2311504,CE,Nordeste,Municipal,55,87.64,94.66,80.0,86.21,0.12360000000000004,7.64,False,False,Quixeré,CE,1,Consolidado
2311603,CE,Nordeste,Municipal,98,86.31,92.86,80.0,84.99,0.13690000000000002,6.31,False,False,Redenção,CE,1,Consolidado
2311702,CE,Nordeste,Municipal,62,96.88,100.0,80.0,99.52,0.031200000000000006,16.88,False,False,Reriutaba,CE,1,Consolidado
2311801,CE,Nordeste,Municipal,273,92.97,95.06,80.0,92.93,0.07030000000000003,12.97,False,False,Russas,CE,1,Consolidado
2311900,CE,Nordeste,Municipal,48,79.61,77.17,76.08,75.38,0.20389999999999997,3.53,False,False,Saboeiro,CE,1,Consolidado
2311959,CE,Nordeste,Municipal,93,96.98,98.94,80.0,96.62,0.030200000000000005,16.98,False,False,Salitre,CE,1,Consolidado
2312007,CE,Nordeste,Municipal,104,97.56,96.15,80.0,99.18,0.024399999999999977,17.56,False,False,Santana do Acaraú,CE,1,Consolidado
2312106,CE,Nordeste,Municipal,55,92.04,100.0,80.0,89.48,0.0795999999999999,12.04,False,False,Santana do Cariri,CE,1,Consolidado
2312205,CE,Nordeste,Municipal,139,97.17,92.1,80.0,98.21,0.028299999999999992,17.17,False,False,Santa Quitéria,CE,1,Consolidado
2312304,CE,Nordeste,Municipal,198,97.11,94.45,80.0,96.93,0.028900000000000037,17.11,False,False,São Benedito,CE,1,Consolidado
2312403,CE,Nordeste,Municipal,315,83.76,87.09,80.0,81.99,0.1624,3.76,False,False,São Gonçalo do Amarante,CE,1,Consolidado
2312601,CE,Nordeste,Municipal,36,84.37,68.2,80.0,81.66,0.1563,4.37,False,False,São Luís do Curu,CE,1,Consolidado
2312700,CE,Nordeste,Municipal,60,97.2,98.34,80.0,100.0,0.028000000000000025,17.2,False,False,Senador Pompeu,CE,1,Consolidado
2312809,CE,Nordeste,Municipal,38,97.49,100.0,80.0,99.07,0.02510000000000001,17.49,False,False,Senador Sá,CE,1,Consolidado
2312908,CE,Nordeste,Municipal,753,97.06,98.69,80.0,98.74,0.02939999999999998,17.06,False,False,Sobral,CE,1,Consolidado
2313005,CE,Nordeste,Municipal,54,96.91,100.0,80.0,98.1,0.03090000000000004,16.91,False,False,Solonópole,CE,1,Consolidado
2313104,CE,Nordeste,Municipal,87,89.29,86.29,80.0,88.99,0.10709999999999997,9.29,False,False,Tabuleiro do Norte,CE,1,Consolidado
2313203,CE,Nordeste,Municipal,86,97.28,100.0,80.0,97.16,0.027200000000000002,17.28,False,False,Tamboril,CE,1,Consolidado
2313252,CE,Nordeste,Municipal,24,92.69,96.01,80.0,95.11,0.07310000000000005,12.69,False,False,Tarrafas,CE,1,Consolidado
2313302,CE,Nordeste,Municipal,162,88.51,93.26,80.0,87.18,0.1149,8.51,False,False,Tauá,CE,1,Consolidado
2313351,CE,Nordeste,Municipal,63,83.23,77.86,80.0,85.37,0.16769999999999996,3.23,False,False,Tejuçuoca,CE,1,Consolidado
2313401,CE,Nordeste,Municipal,369,87.93,85.52,80.0,84.36,0.12069999999999992,7.93,False,False,Tianguá,CE,1,Consolidado
2313500,CE,Nordeste,Municipal,253,89.7,92.51,80.0,89.87,0.10299999999999998,9.7,False,False,Trairi,CE,1,Consolidado
2313559,CE,Nordeste,Municipal,75,92.7,93.34,80.0,89.24,0.07299999999999995,12.7,False,False,Tururu,CE,1,Consolidado
2313609,CE,Nordeste,Municipal,155,96.71,92.96,80.0,96.98,0.03290000000000004,16.71,False,False,Ubajara,CE,1,Consolidado
2313757,CE,Nordeste,Municipal,74,71.42,85.24,69.88,67.93,0.28579999999999994,1.54,False,False,Umirim,CE,1,Consolidado
2313807,CE,Nordeste,Municipal,83,84.47,85.47,80.0,81.36,0.1553,4.47,False,False,Uruburetama,CE,1,Consolidado
2313906,CE,Nordeste,Municipal,67,93.52,97.04,80.0,95.51,0.06480000000000008,13.52,False,False,Uruoca,CE,1,Consolidado
2313955,CE,Nordeste,Municipal,57,97.31,100.0,80.0,99.57,0.026899999999999924,17.31,False,False,Varjota,CE,1,Consolidado
2314003,CE,Nordeste,Municipal,133,97.06,87.91,80.0,95.17,0.02939999999999998,17.06,False,False,Várzea Alegre,CE,1,Consolidado
2314102,CE,Nordeste,Municipal,242,89.9,90.81,80.0,88.59,0.10099999999999998,9.9,False,False,Viçosa do Ceará,CE,1,Consolidado
2400109,RN,Nordeste,Municipal,32,39.04,45.37,49.84,44.07,0.6096,-10.8,False,True,Acari,RN,2,Crítico
2400208,RN,Nordeste,Municipal,86,44.11,46.82,48.18,42.17,0.5589,-4.07,False,True,Açu,RN,2,Crítico
2400505,RN,Nordeste,Municipal,40,30.34,58.21,24.68,17.76,0.6966,5.66,False,False,Alexandria,RN,2,Crítico
2400703,RN,Nordeste,Municipal,48,46.71,49.9,53.58,48.44,0.5328999999999999,-6.87,False,True,Alto do Rodrigues,RN,0,Atenção
2401008,RN,Nordeste,Municipal,62,36.43,48.97,43.46,36.89,0.6356999999999999,-7.03,False,True,Apodi,RN,2,Crítico
2401107,RN,Nordeste,Municipal,57,49.98,36.11,56.82,52.24,0.5002,-6.84,False,True,Areia Branca,RN,0,Atenção
2401206,RN,Nordeste,Municipal,37,32.1,30.1,31.97,24.75,0.679,0.13,False,False,Arês,RN,2,Crítico
2401305,RN,Nordeste,Municipal,23,39.22,37.66,42.79,36.12,0.6078,-3.57,False,True,Campo Grande,RN,2,Crítico
2401404,RN,Nordeste,Municipal,23,33.35,34.85,33.22,26.01,0.6665,0.13,False,False,Baía Formosa,RN,2,Crítico
2401453,RN,Nordeste,Municipal,49,37.65,41.41,38.99,32.02,0.6234999999999999,-1.34,False,True,Baraúna,RN,2,Crítico
2401800,RN,Nordeste,Municipal,21,25.12,44.48,,21.47,0.7487999999999999,,True,False,Brejinho,RN,2,Crítico
2401859,RN,Nordeste,Municipal,22,32.62,34.4,38.23,31.2,0.6738,-5.61,False,True,Caiçara do Norte,RN,2,Crítico
2402006,RN,Nordeste,Estadual,22,50.54,54.31,,46.59,0.49460000000000004,,True,False,Caicó,RN,0,Atenção
2402006,RN,Nordeste,Municipal,78,38.59,43.96,42.3,35.59,0.6141,-3.71,False,True,Caicó,RN,2,Crítico
2402204,RN,Nordeste,Municipal,107,40.48,37.27,44.21,37.71,0.5952,-3.73,False,True,Canguaretama,RN,2,Crítico
2402303,RN,Nordeste,Municipal,25,32.67,36.9,32.45,25.25,0.6733,0.22,False,False,Caraúbas,RN,2,Crítico
2402501,RN,Nordeste,Municipal,20,36.36,13.09,34.58,27.34,0.6364000000000001,1.78,False,False,Carnaubais,RN,2,Crítico
2402600,RN,Nordeste,Estadual,46,37.04,32.63,,29.46,0.6295999999999999,,True,False,Ceará-Mirim,RN,2,Crítico
2402600,RN,Nordeste,Municipal,168,29.36,29.13,,19.98,0.7064,,True,False,Ceará-Mirim,RN,2,Crítico
2402709,RN,Nordeste,Municipal,35,51.76,20.85,63.66,60.46,0.48240000000000005,-11.9,False,True,Cerro Corá,RN,0,Atenção
2403103,RN,Nordeste,Municipal,73,41.63,43.68,47.33,41.2,0.5837,-5.7,False,True,Currais Novos,RN,2,Crítico
2403251,RN,Nordeste,Municipal,437,48.25,36.36,50.04,44.3,0.5175000000000001,-1.79,False,True,Parnamirim,RN,2,Crítico
2403301,RN,Nordeste,Municipal,24,47.93,72.62,52.83,47.53,0.5206999999999999,-4.9,False,True,Encanto,RN,0,Atenção
2403509,RN,Nordeste,Municipal,29,29.55,41.9,,18.09,0.7045,,True,False,Espírito Santo,RN,2,Crítico
2403608,RN,Nordeste,Municipal,173,49.04,33.56,53.23,48.01,0.5096,-4.19,False,True,Extremoz,RN,0,Atenção
2404200,RN,Nordeste,Municipal,119,32.38,36.33,29.73,22.52,0.6761999999999999,2.65,False,False,Goianinha,RN,2,Crítico
2404507,RN,Nordeste,Municipal,37,51.94,44.92,,52.37,0.4806,,True,False,Guamaré,RN,0,Atenção
2404606,RN,Nordeste,Municipal,43,46.27,20.06,47.4,41.26,0.5372999999999999,-1.13,False,True,Ielmo Marinho,RN,2,Crítico
2404705,RN,Nordeste,Municipal,38,31.17,39.38,20.1,13.7,0.6882999999999999,11.07,False,False,Ipanguaçu,RN,2,Crítico
2404853,RN,Nordeste,Municipal,24,52.37,29.89,60.78,56.95,0.47630000000000006,-8.41,False,True,Itajá,RN,0,Atenção
2405603,RN,Nordeste,Municipal,27,34.91,56.09,37.47,30.4,0.6509,-2.56,False,True,Jardim de Piranhas,RN,2,Crítico
2405801,RN,Nordeste,Municipal,93,31.94,34.98,29.74,22.56,0.6806,2.2,False,False,João Câmara,RN,2,Crítico
2406106,RN,Nordeste,Municipal,33,32.55,35.5,34.74,27.56,0.6745000000000001,-2.19,False,True,Jucurutu,RN,2,Crítico
2406502,RN,Nordeste,Municipal,57,37.95,35.25,41.52,34.71,0.6205,-3.57,False,True,Lagoa Nova,RN,2,Crítico
2406700,RN,Nordeste,Municipal,21,35.77,26.03,36.25,29.12,0.6423,-0.48,False,True,Lajes,RN,2,Crítico
2407104,RN,Nordeste,Municipal,177,35.08,35.46,36.28,29.0,0.6492,-1.2,False,True,Macaíba,RN,2,Crítico
2407203,RN,Nordeste,Municipal,55,34.24,36.65,34.46,27.27,0.6576,-0.22,False,True,Macau,RN,2,Crítico
2407401,RN,Nordeste,Municipal,25,40.0,38.66,47.7,41.57,0.6,-7.7,False,True,Martins,RN,2,Crítico
2407500,RN,Nordeste,Municipal,34,34.16,18.99,,39.1,0.6584000000000001,,True,False,Maxaranguape,RN,2,Crítico
2407708,RN,Nordeste,Municipal,33,50.51,45.78,62.22,58.69,0.4949,-11.71,False,True,Montanhas,RN,0,Atenção
2407807,RN,Nordeste,Municipal,58,52.57,47.57,62.63,59.17,0.47429999999999994,-10.06,False,True,Monte Alegre,RN,0,Atenção
2408003,RN,Nordeste,Estadual,188,37.58,40.08,,33.78,0.6242000000000001,,True,False,Mossoró,RN,2,Crítico
2408003,RN,Nordeste,Municipal,324,38.3,41.97,44.54,38.07,0.617,-6.24,False,True,Mossoró,RN,2,Crítico
2408102,RN,Nordeste,Estadual,286,50.66,47.25,,45.65,0.49340000000000006,,True,False,Natal,RN,0,Atenção
2408102,RN,Nordeste,Municipal,899,37.71,32.82,,34.5,0.6229,,True,False,Natal,RN,2,Crítico
2408201,RN,Nordeste,Municipal,89,38.06,53.19,39.14,32.17,0.6194,-1.08,False,True,Nísia Floresta,RN,2,Crítico
2408300,RN,Nordeste,Municipal,48,35.8,22.55,37.61,30.54,0.642,-1.81,False,True,Nova Cruz,RN,2,Crítico
2408805,RN,Nordeste,Municipal,22,46.57,41.74,52.37,47.0,0.5343,-5.8,False,True,Parazinho,RN,2,Crítico
2408904,RN,Nordeste,Estadual,39,62.5,82.5,,76.12,0.375,,True,False,Parelhas,RN,0,Atenção
2408904,RN,Nordeste,Municipal,35,48.35,51.62,49.2,43.33,0.5165,-0.85,False,True,Parelhas,RN,2,Crítico
2408953,RN,Nordeste,Municipal,21,30.87,39.37,21.44,14.86,0.6913,9.43,False,False,Rio do Fogo,RN,2,Crítico
2409100,RN,Nordeste,Municipal,31,33.17,55.26,31.79,24.56,0.6683,1.38,False,False,Passa e Fica,RN,2,Crítico
2409308,RN,Nordeste,Municipal,28,33.48,31.59,39.13,32.16,0.6652,-5.65,False,True,Patu,RN,2,Crítico
2409407,RN,Nordeste,Estadual,35,46.83,42.54,,40.41,0.5317000000000001,,True,False,Pau dos Ferros,RN,0,Atenção
2409407,RN,Nordeste,Municipal,38,40.51,42.87,45.25,38.86,0.5949,-4.74,False,True,Pau dos Ferros,RN,2,Crítico
2409902,RN,Nordeste,Municipal,33,41.62,32.69,47.04,40.87,0.5838000000000001,-5.42,False,True,Pendências,RN,2,Crítico
2410108,RN,Nordeste,Municipal,25,29.05,21.54,,10.41,0.7095,,True,False,Poço Branco,RN,2,Crítico
2410207,RN,Nordeste,Municipal,23,50.91,53.08,55.67,50.85,0.4909,-4.76,False,True,Portalegre,RN,0,Atenção
2410306,RN,Nordeste,Municipal,24,32.77,40.25,,29.52,0.6722999999999999,,True,False,Serra Caiada,RN,2,Crítico
2410405,RN,Nordeste,Municipal,22,36.44,26.43,42.59,35.85,0.6355999999999999,-6.15,False,True,Pureza,RN,2,Crítico
2410900,RN,Nordeste,Municipal,22,40.49,19.68,47.19,41.04,0.5951,-6.7,False,True,Riachuelo,RN,2,Crítico
2411205,RN,Nordeste,Municipal,124,31.06,37.67,28.5,21.35,0.6894,2.56,False,False,Santa Cruz,RN,2,Crítico
2412005,RN,Nordeste,Estadual,21,36.89,53.25,,33.22,0.6311,,True,False,São Gonçalo do Amarante,RN,2,Crítico
2412005,RN,Nordeste,Municipal,198,47.37,31.58,56.91,52.36,0.5263,-9.54,False,True,São Gonçalo do Amarante,RN,0,Atenção
2412104,RN,Nordeste,Municipal,22,50.95,81.4,54.48,49.46,0.49049999999999994,-3.53,False,True,São João do Sabugi,RN,0,Atenção
2412203,RN,Nordeste,Municipal,151,37.77,37.36,41.43,34.52,0.6223,-3.66,False,True,São José de Mipibu,RN,2,Crítico
2412500,RN,Nordeste,Municipal,65,42.05,42.53,46.13,39.83,0.5795,-4.08,False,True,São Miguel,RN,2,Crítico
2412559,RN,Nordeste,Municipal,27,35.39,35.85,,33.47,0.6461,,True,False,São Miguel do Gostoso,RN,2,Crítico
2412609,RN,Nordeste,Municipal,30,47.63,51.48,,54.24,0.5237,,True,False,São Paulo do Potengi,RN,0,Atenção
2413201,RN,Nordeste,Municipal,23,34.73,34.46,31.11,23.89,0.6527000000000001,3.62,False,False,Senador Georgino Avelino,RN,2,Crítico
2413359,RN,Nordeste,Municipal,35,36.65,18.83,39.61,32.7,0.6335,-2.96,False,True,Serra do Mel,RN,2,Crítico
2413607,RN,Nordeste,Municipal,21,51.89,52.66,72.95,71.54,0.48109999999999997,-21.06,False,True,Severiano Melo,RN,0,Atenção
2413904,RN,Nordeste,Municipal,26,40.5,10.7,43.17,36.54,0.595,-2.67,False,True,Taipu,RN,2,Crítico
2414001,RN,Nordeste,Municipal,34,43.68,47.07,48.84,42.92,0.5631999999999999,-5.16,False,True,Tangará,RN,2,Crítico
2414100,RN,Nordeste,Municipal,29,47.93,55.48,48.81,42.86,0.5206999999999999,-0.88,False,True,Tenente Ananias,RN,2,Crítico
2414209,RN,Nordeste,Municipal,69,31.9,19.95,24.51,17.58,0.681,7.39,False,False,Tibau do Sul,RN,2,Crítico
2414407,RN,Nordeste,Municipal,86,33.41,34.34,31.91,24.69,0.6659,1.5,False,False,Touros,RN,2,Crítico
2414803,RN,Nordeste,Municipal,45,51.42,46.98,62.26,58.71,0.4858,-10.84,False,True,Vera Cruz,RN,0,Atenção
2500106,PB,Nordeste,Municipal,28,57.98,46.43,52.91,47.63,0.4202,5.07,False,False,Água Branca,PB,3,Intermediário
2500205,PB,Nordeste,Municipal,20,67.49,74.7,70.54,68.73,0.32510000000000006,-3.05,False,True,Aguiar,PB,0,Atenção
2500304,PB,Nordeste,Municipal,104,39.98,29.33,38.31,31.28,0.6002000000000001,1.67,False,False,Alagoa Grande,PB,2,Crítico
2500403,PB,Nordeste,Municipal,75,47.67,89.38,45.33,38.94,0.5233,2.34,False,False,Alagoa Nova,PB,2,Crítico
2500502,PB,Nordeste,Municipal,54,58.11,56.01,61.06,57.29,0.41890000000000005,-2.95,False,True,Alagoinha,PB,0,Atenção
2500536,PB,Nordeste,Municipal,28,52.96,39.15,48.58,42.62,0.47040000000000004,4.38,False,False,Alcantil,PB,3,Intermediário
2500601,PB,Nordeste,Municipal,69,57.44,28.7,61.09,57.33,0.4256,-3.65,False,True,Alhandra,PB,0,Atenção
2500700,PB,Nordeste,Municipal,34,51.81,75.64,48.11,42.09,0.4819,3.7,False,False,São João do Rio do Peixe,PB,2,Crítico
2500809,PB,Nordeste,Municipal,37,65.99,37.58,66.65,64.03,0.34010000000000007,-0.66,False,True,Araçagi,PB,0,Atenção
2501005,PB,Nordeste,Municipal,48,47.63,31.44,41.93,35.18,0.5237,5.7,False,False,Araruna,PB,2,Crítico
2501104,PB,Nordeste,Municipal,70,69.42,88.5,80.0,85.08,0.30579999999999996,-10.58,False,True,Areia,PB,1,Consolidado
2501203,PB,Nordeste,Municipal,31,78.41,68.2,80.0,92.86,0.21589999999999998,-1.59,False,True,Areial,PB,1,Consolidado
2501302,PB,Nordeste,Municipal,72,64.88,51.13,69.89,67.95,0.35120000000000007,-5.01,False,True,Aroeiras,PB,0,Atenção
2501351,PB,Nordeste,Municipal,22,62.66,86.44,53.55,48.37,0.37340000000000007,9.11,False,False,Assunção,PB,3,Intermediário
2501401,PB,Nordeste,Municipal,40,44.6,54.99,28.9,21.73,0.554,15.7,False,False,Baía da Traição,PB,2,Crítico
2501500,PB,Nordeste,Municipal,60,52.85,53.46,55.82,51.04,0.47150000000000003,-2.97,False,True,Bananeiras,PB,0,Atenção
2501609,PB,Nordeste,Municipal,26,52.56,51.01,60.31,56.39,0.47439999999999993,-7.75,False,True,Barra de Santa Rosa,PB,0,Atenção
2501807,PB,Nordeste,Municipal,128,43.03,38.21,40.74,33.89,0.5697,2.29,False,False,Bayeux,PB,2,Crítico
2501906,PB,Nordeste,Municipal,41,57.09,28.52,60.65,56.8,0.4290999999999999,-3.56,False,True,Belém,PB,0,Atenção
2502151,PB,Nordeste,Municipal,27,66.23,43.56,70.41,68.57,0.3377,-4.18,False,True,Boa Vista,PB,0,Atenção
2502409,PB,Nordeste,Municipal,30,54.95,60.61,47.04,40.87,0.4505,7.91,False,False,Bonito de Santa Fé,PB,3,Intermediário
2502508,PB,Nordeste,Municipal,32,44.88,20.6,44.48,38.0,0.5511999999999999,0.4,False,False,Boqueirão,PB,2,Crítico
2502805,PB,Nordeste,Municipal,35,55.85,57.59,57.95,53.57,0.4415,-2.1,False,True,Brejo do Cruz,PB,0,Atenção
2503001,PB,Nordeste,Municipal,69,46.48,27.14,44.29,37.78,0.5352,2.19,False,False,Caaporã,PB,2,Crítico
2503209,PB,Nordeste,Municipal,157,50.27,55.94,54.02,48.92,0.49729999999999996,-3.75,False,True,Cabedelo,PB,0,Atenção
2503506,PB,Nordeste,Municipal,43,73.18,65.42,79.56,79.49,0.2681999999999999,-6.38,False,True,Cacimba de Dentro,PB,1,Consolidado
2503555,PB,Nordeste,Municipal,33,53.1,51.95,39.49,32.54,0.469,13.61,False,False,Cacimbas,PB,3,Intermediário
2503704,PB,Nordeste,Municipal,135,57.49,50.39,56.36,51.68,0.42510000000000003,1.13,False,False,Cajazeiras,PB,0,Atenção
2504009,PB,Nordeste,Estadual,55,56.6,59.95,,49.72,0.43399999999999994,,True,False,Campina Grande,PB,0,Atenção
2504009,PB,Nordeste,Municipal,832,52.26,46.85,48.39,42.4,0.47740000000000005,3.87,False,False,Campina Grande,PB,2,Crítico
2504033,PB,Nordeste,Municipal,34,57.77,74.99,60.01,56.03,0.4223,-2.24,False,True,Capim,PB,0,Atenção
2504157,PB,Nordeste,Municipal,29,55.0,47.63,53.21,47.97,0.44999999999999996,1.79,False,False,Casserengue,PB,0,Atenção
2504306,PB,Nordeste,Municipal,78,53.5,36.71,59.32,55.21,0.46499999999999997,-5.82,False,True,Catolé do Rocha,PB,0,Atenção
2504405,PB,Nordeste,Municipal,46,70.31,95.65,78.15,77.83,0.29689999999999994,-7.84,False,True,Conceição,PB,1,Consolidado
2504603,PB,Nordeste,Municipal,141,56.94,65.98,65.28,62.38,0.4306,-8.34,False,True,Conde,PB,0,Atenção
2504801,PB,Nordeste,Municipal,31,65.07,61.21,69.16,67.07,0.34930000000000005,-4.09,False,True,Coremas,PB,0,Atenção
2504900,PB,Nordeste,Municipal,44,54.51,47.41,60.34,56.43,0.45489999999999997,-5.83,False,True,Cruz do Espírito Santo,PB,0,Atenção
2505105,PB,Nordeste,Municipal,46,51.78,62.61,55.49,50.66,0.48219999999999996,-3.71,False,True,Cuité,PB,0,Atenção
2505204,PB,Nordeste,Municipal,22,51.3,27.32,36.38,29.25,0.487,14.92,False,False,Cuitegi,PB,3,Intermediário
2505238,PB,Nordeste,Municipal,20,44.61,15.62,16.05,10.33,0.5539000000000001,28.56,False,False,Cuité de Mamanguape,PB,3,Intermediário
2505352,PB,Nordeste,Municipal,23,55.8,52.27,44.24,37.73,0.44200000000000006,11.56,False,False,Damião,PB,3,Intermediário
2505402,PB,Nordeste,Municipal,25,58.48,24.35,59.88,55.88,0.4152,-1.4,False,True,Desterro,PB,0,Atenção
2505709,PB,Nordeste,Municipal,21,56.54,95.45,53.98,48.88,0.4346,2.56,False,False,Dona Inês,PB,0,Atenção
2506004,PB,Nordeste,Municipal,79,64.28,64.45,64.55,61.5,0.35719999999999996,-0.27,False,True,Esperança,PB,0,Atenção
2506103,PB,Nordeste,Municipal,21,57.87,26.83,63.9,60.71,0.4213,-6.03,False,True,Fagundes,PB,0,Atenção
2506301,PB,Nordeste,Municipal,131,45.09,62.34,42.78,36.12,0.5490999999999999,2.31,False,False,Guarabira,PB,2,Crítico
2506400,PB,Nordeste,Municipal,29,47.11,17.45,41.85,35.1,0.5288999999999999,5.26,False,False,Gurinhém,PB,2,Crítico
2506707,PB,Nordeste,Municipal,21,63.24,38.02,69.22,67.14,0.3675999999999999,-5.98,False,True,Imaculada,PB,0,Atenção
2506806,PB,Nordeste,Municipal,37,57.06,55.22,61.08,57.31,0.4294,-4.02,False,True,Ingá,PB,0,Atenção
2506905,PB,Nordeste,Municipal,50,42.15,56.32,32.55,25.33,0.5785,9.6,False,False,Itabaiana,PB,2,Crítico
2507002,PB,Nordeste,Municipal,52,38.22,50.55,24.9,17.96,0.6178,13.32,False,False,Itaporanga,PB,2,Crítico
2507101,PB,Nordeste,Municipal,49,66.32,88.72,73.05,71.75,0.3368000000000001,-6.73,False,True,Itapororoca,PB,0,Atenção
2507200,PB,Nordeste,Municipal,25,43.33,20.15,30.53,23.32,0.5667,12.8,False,False,Itatuba,PB,2,Crítico
2507309,PB,Nordeste,Municipal,37,44.49,47.14,41.56,34.78,0.5550999999999999,2.93,False,False,Jacaraú,PB,2,Crítico
2507507,PB,Nordeste,Estadual,155,57.46,49.11,,59.78,0.4254,,True,False,João Pessoa,PB,0,Atenção
2507507,PB,Nordeste,Municipal,1647,51.4,55.27,52.13,46.71,0.486,-0.73,False,True,João Pessoa,PB,0,Atenção
2507705,PB,Nordeste,Municipal,46,51.95,49.27,55.74,50.95,0.4804999999999999,-3.79,False,True,Juazeirinho,PB,0,Atenção
2507903,PB,Nordeste,Municipal,34,57.39,36.83,55.28,50.41,0.42610000000000003,2.11,False,False,Juripiranga,PB,0,Atenção
2508000,PB,Nordeste,Municipal,28,65.76,43.65,68.31,66.04,0.3423999999999999,-2.55,False,True,Juru,PB,0,Atenção
2508208,PB,Nordeste,Municipal,21,63.51,47.85,69.61,67.61,0.3649,-6.1,False,True,Lagoa de Dentro,PB,0,Atenção
2508307,PB,Nordeste,Municipal,80,61.48,46.97,68.72,66.54,0.3852,-7.24,False,True,Lagoa Seca,PB,0,Atenção
2508604,PB,Nordeste,Municipal,52,54.1,37.84,52.54,47.19,0.45899999999999996,1.56,False,False,Lucena,PB,0,Atenção
2508901,PB,Nordeste,Municipal,176,55.14,69.86,51.66,46.17,0.4486,3.48,False,False,Mamanguape,PB,3,Intermediário
2509008,PB,Nordeste,Municipal,21,74.66,45.78,80.0,91.08,0.25340000000000007,-5.34,False,True,Manaíra,PB,1,Consolidado
2509057,PB,Nordeste,Municipal,28,68.69,21.38,70.7,68.93,0.31310000000000004,-2.01,False,True,Marcação,PB,0,Atenção
2509107,PB,Nordeste,Municipal,62,48.0,60.23,44.47,37.99,0.52,3.53,False,False,Mari,PB,2,Crítico
2509206,PB,Nordeste,Municipal,37,56.02,39.31,50.02,44.27,0.43979999999999997,6.0,False,False,Massaranduba,PB,3,Intermediário
2509305,PB,Nordeste,Municipal,58,69.75,55.92,80.0,85.94,0.3025,-10.25,False,True,Mataraca,PB,1,Consolidado
2509396,PB,Nordeste,Municipal,28,60.45,60.69,55.48,50.64,0.39549999999999996,4.97,False,False,Maturéia,PB,3,Intermediário
2509404,PB,Nordeste,Municipal,28,68.01,64.29,74.26,73.21,0.31989999999999996,-6.25,False,True,Mogeiro,PB,0,Atenção
2509503,PB,Nordeste,Municipal,24,69.9,87.64,68.18,65.88,0.30099999999999993,1.72,False,False,Montadas,PB,0,Atenção
2509701,PB,Nordeste,Municipal,88,54.15,61.28,59.17,55.03,0.4585,-5.02,False,True,Monteiro,PB,0,Atenção
2509909,PB,Nordeste,Municipal,31,58.4,40.81,62.3,58.78,0.41600000000000004,-3.9,False,True,Natuba,PB,0,Atenção
2510105,PB,Nordeste,Municipal,39,63.3,72.58,68.38,66.12,0.367,-5.08,False,True,Nova Floresta,PB,0,Atenção
2510204,PB,Nordeste,Municipal,27,57.02,33.38,51.47,45.95,0.42979999999999996,5.55,False,False,Nova Olinda,PB,3,Intermediário
2510808,PB,Nordeste,Municipal,267,52.11,68.54,49.44,43.61,0.4789,2.67,False,False,Patos,PB,2,Crítico
2511202,PB,Nordeste,Municipal,111,43.88,49.63,43.85,37.3,0.5611999999999999,0.03,False,False,Pedras de Fogo,PB,2,Crítico
2511400,PB,Nordeste,Municipal,64,53.51,28.61,57.06,52.51,0.4649,-3.55,False,True,Picuí,PB,0,Atenção
2511509,PB,Nordeste,Municipal,27,68.66,47.4,74.43,73.41,0.3134,-5.77,False,True,Pilar,PB,1,Consolidado
2511608,PB,Nordeste,Municipal,25,57.48,55.53,47.82,41.76,0.4252,9.66,False,False,Pilões,PB,3,Intermediário
2511905,PB,Nordeste,Municipal,74,71.39,49.41,76.57,75.96,0.2861,-5.18,False,True,Pitimbu,PB,1,Consolidado
2512002,PB,Nordeste,Municipal,75,52.33,58.16,48.17,42.15,0.4767,4.16,False,False,Pocinhos,PB,2,Crítico
2512101,PB,Nordeste,Municipal,71,59.92,67.02,62.19,58.65,0.40079999999999993,-2.27,False,True,Pombal,PB,0,Atenção
2512309,PB,Nordeste,Municipal,56,88.37,85.78,80.0,97.47,0.11629999999999996,8.37,False,False,Princesa Isabel,PB,1,Consolidado
2512408,PB,Nordeste,Municipal,62,71.52,65.93,76.24,75.57,0.28480000000000005,-4.72,False,True,Puxinanã,PB,1,Consolidado
2512507,PB,Nordeste,Municipal,169,74.28,94.44,80.0,85.04,0.2572,-5.72,False,True,Queimadas,PB,1,Consolidado
2512705,PB,Nordeste,Municipal,44,59.79,42.88,62.28,58.76,0.4021,-2.49,False,True,Remígio,PB,0,Atenção
2512804,PB,Nordeste,Municipal,23,64.31,38.64,70.92,69.19,0.3569,-6.61,False,True,Riacho dos Cavalos,PB,0,Atenção
2512903,PB,Nordeste,Municipal,44,70.37,55.39,78.16,77.84,0.2963,-7.79,False,True,Rio Tinto,PB,1,Consolidado
2513208,PB,Nordeste,Municipal,22,60.74,86.27,57.29,52.79,0.39259999999999995,3.45,False,False,Santa Cruz,PB,0,Atenção
2513406,PB,Nordeste,Municipal,51,56.7,48.45,59.0,54.82,0.43299999999999994,-2.3,False,True,Santa Luzia,PB,0,Atenção
2513703,PB,Nordeste,Estadual,48,49.62,58.76,,45.45,0.5038,,True,False,Santa Rita,PB,0,Atenção
2513703,PB,Nordeste,Municipal,274,50.45,35.53,47.0,40.83,0.49549999999999994,3.45,False,False,Santa Rita,PB,2,Crítico
2513901,PB,Nordeste,Municipal,74,49.01,47.81,48.44,42.46,0.5099,0.57,False,False,São Bento,PB,2,Crítico
2514206,PB,Nordeste,Municipal,25,73.36,60.0,80.0,85.74,0.26639999999999997,-6.64,False,True,São José da Lagoa Tapada,PB,1,Consolidado
2514453,PB,Nordeste,Municipal,20,60.2,25.1,62.36,58.86,0.398,-2.16,False,True,São José dos Ramos,PB,0,Atenção
2514503,PB,Nordeste,Municipal,50,45.46,51.51,40.93,34.1,0.5454,4.53,False,False,São José de Piranhas,PB,2,Crítico
2514909,PB,Nordeste,Municipal,22,54.95,37.39,44.17,37.65,0.4505,10.78,False,False,São Mamede,PB,3,Intermediário
2515104,PB,Nordeste,Municipal,33,61.01,67.51,66.95,64.39,0.3899,-5.94,False,True,São Sebastião de Lagoa de Roça,PB,0,Atenção
2515302,PB,Nordeste,Municipal,140,42.12,38.75,40.74,33.89,0.5788,1.38,False,False,Sapé,PB,2,Crítico
2515401,PB,Nordeste,Municipal,21,59.21,52.94,59.88,55.88,0.40790000000000004,-0.67,False,True,São Vicente do Seridó,PB,0,Atenção
2515500,PB,Nordeste,Municipal,38,58.23,55.39,61.29,57.57,0.41770000000000007,-3.06,False,True,Serra Branca,PB,0,Atenção
2516003,PB,Nordeste,Municipal,52,70.1,45.69,78.77,78.56,0.29900000000000004,-8.67,False,True,Solânea,PB,1,Consolidado
2516102,PB,Nordeste,Municipal,42,49.36,43.17,40.39,33.51,0.5064,8.97,False,False,Soledade,PB,2,Crítico
2516201,PB,Nordeste,Municipal,177,50.61,66.63,49.9,44.13,0.4939,0.71,False,False,Sousa,PB,2,Crítico
2516300,PB,Nordeste,Municipal,40,46.34,69.76,40.1,33.2,0.5366,6.24,False,False,Sumé,PB,2,Crítico
2516508,PB,Nordeste,Municipal,41,69.55,86.55,78.57,78.33,0.3045,-9.02,False,True,Taperoá,PB,1,Consolidado
2516607,PB,Nordeste,Municipal,25,69.28,63.42,75.99,75.27,0.30720000000000003,-6.71,False,True,Tavares,PB,1,Consolidado
2516706,PB,Nordeste,Municipal,45,68.36,84.04,73.96,72.85,0.3164,-5.6,False,True,Teixeira,PB,0,Atenção
2516805,PB,Nordeste,Municipal,21,61.15,56.76,55.0,50.08,0.38850000000000007,6.15,False,False,Triunfo,PB,3,Intermediário
2516904,PB,Nordeste,Municipal,32,83.54,43.46,80.0,98.05,0.16459999999999997,3.54,False,False,Uiraúna,PB,1,Consolidado
2517001,PB,Nordeste,Municipal,40,50.95,87.29,44.74,38.29,0.49049999999999994,6.21,False,False,Umbuzeiro,PB,2,Crítico
2600054,PE,Nordeste,Municipal,233,51.2,47.43,52.75,47.44,0.488,-1.55,False,True,Abreu e Lima,PE,0,Atenção
2600104,PE,Nordeste,Municipal,114,64.73,65.41,68.77,66.59,0.3527,-4.04,False,True,Afogados da Ingazeira,PE,0,Atenção
2600203,PE,Nordeste,Municipal,50,57.24,56.05,58.8,54.58,0.4276,-1.56,False,True,Afrânio,PE,0,Atenção
2600302,PE,Nordeste,Municipal,78,74.45,66.94,73.01,71.71,0.25549999999999995,1.44,False,False,Agrestina,PE,1,Consolidado
2600401,PE,Nordeste,Municipal,59,70.26,57.72,64.26,61.14,0.2974,6.0,False,False,Água Preta,PE,3,Intermediário
2600500,PE,Nordeste,Municipal,153,58.17,65.65,61.28,57.56,0.4183,-3.11,False,True,Águas Belas,PE,0,Atenção
2600609,PE,Nordeste,Municipal,56,53.34,59.05,48.79,42.86,0.4666,4.55,False,False,Alagoinha,PE,3,Intermediário
2600708,PE,Nordeste,Municipal,87,56.91,44.13,59.27,55.15,0.43090000000000006,-2.36,False,True,Aliança,PE,0,Atenção
2600807,PE,Nordeste,Municipal,42,60.15,71.33,61.99,58.41,0.39849999999999997,-1.84,False,True,Altinho,PE,0,Atenção
2600906,PE,Nordeste,Municipal,43,74.36,53.29,70.55,68.74,0.25639999999999996,3.81,False,False,Amaraji,PE,1,Consolidado
2601003,PE,Nordeste,Municipal,32,66.03,68.88,65.01,62.05,0.3397,1.02,False,False,Angelim,PE,0,Atenção
2601052,PE,Nordeste,Municipal,77,58.65,52.97,51.26,45.71,0.4135,7.39,False,False,Araçoiaba,PE,3,Intermediário
2601102,PE,Nordeste,Municipal,313,59.12,50.47,60.73,56.89,0.40880000000000005,-1.61,False,True,Araripina,PE,0,Atenção
2601201,PE,Nordeste,Municipal,210,59.58,68.92,62.92,59.53,0.4042,-3.34,False,True,Arcoverde,PE,0,Atenção
2601300,PE,Nordeste,Municipal,36,79.73,88.89,80.0,80.78,0.2027,-0.27,False,True,Barra de Guabiraba,PE,1,Consolidado
2601409,PE,Nordeste,Municipal,148,66.43,59.71,64.79,61.78,0.3356999999999999,1.64,False,False,Barreiros,PE,0,Atenção
2601508,PE,Nordeste,Municipal,41,72.71,78.05,72.62,71.24,0.27290000000000003,0.09,False,False,Belém de Maria,PE,1,Consolidado
2601607,PE,Nordeste,Municipal,62,59.24,72.3,56.25,51.55,0.40759999999999996,2.99,False,False,Belém do São Francisco,PE,0,Atenção
2601706,PE,Nordeste,Municipal,202,53.88,39.25,54.67,49.69,0.46119999999999994,-0.79,False,True,Belo Jardim,PE,0,Atenção
2601805,PE,Nordeste,Municipal,32,72.61,71.78,71.97,70.45,0.27390000000000003,0.64,False,False,Betânia,PE,1,Consolidado
2601904,PE,Nordeste,Municipal,148,55.69,56.61,56.18,51.47,0.44310000000000005,-0.49,False,True,Bezerros,PE,0,Atenção
2602001,PE,Nordeste,Municipal,96,48.33,45.32,50.85,45.23,0.5166999999999999,-2.52,False,True,Bodocó,PE,2,Crítico
2602100,PE,Nordeste,Municipal,134,62.14,63.04,63.29,59.98,0.37860000000000005,-1.15,False,True,Bom Conselho,PE,0,Atenção
2602209,PE,Nordeste,Municipal,107,70.53,68.06,64.09,60.94,0.29469999999999996,6.44,False,False,Bom Jardim,PE,3,Intermediário
2602308,PE,Nordeste,Municipal,101,63.87,82.47,60.58,56.71,0.36130000000000007,3.29,False,False,Bonito,PE,0,Atenção
2602407,PE,Nordeste,Municipal,27,73.3,82.23,69.12,67.02,0.267,4.18,False,False,Brejão,PE,1,Consolidado
2602506,PE,Nordeste,Municipal,30,71.42,70.0,72.8,71.45,0.28579999999999994,-1.38,False,True,Brejinho,PE,1,Consolidado
2602605,PE,Nordeste,Municipal,139,56.52,51.56,57.44,52.96,0.43479999999999996,-0.92,False,True,Brejo da Madre de Deus,PE,0,Atenção
2602704,PE,Nordeste,Municipal,30,69.2,76.65,65.79,62.99,0.30799999999999994,3.41,False,False,Buenos Aires,PE,0,Atenção
2602803,PE,Nordeste,Municipal,152,54.56,48.07,57.08,52.54,0.4544,-2.52,False,True,Buíque,PE,0,Atenção
2602902,PE,Nordeste,Municipal,632,57.93,50.68,59.25,55.12,0.42069999999999996,-1.32,False,True,Cabo de Santo Agostinho,PE,0,Atenção
2603009,PE,Nordeste,Municipal,89,70.74,67.33,70.14,68.25,0.2926000000000001,0.6,False,False,Cabrobó,PE,1,Consolidado
2603108,PE,Nordeste,Municipal,58,60.71,77.09,60.56,56.69,0.3929,0.15,False,False,Cachoeirinha,PE,0,Atenção
2603207,PE,Nordeste,Municipal,120,51.02,56.74,51.32,45.78,0.4898,-0.3,False,True,Caetés,PE,2,Crítico
2603405,PE,Nordeste,Municipal,30,74.84,82.41,75.27,74.41,0.25159999999999993,-0.43,False,True,Calumbi,PE,1,Consolidado
2603454,PE,Nordeste,Municipal,383,58.72,58.52,62.2,58.66,0.41280000000000006,-3.48,False,True,Camaragibe,PE,0,Atenção
2603504,PE,Nordeste,Municipal,52,60.61,74.73,59.74,55.71,0.39390000000000003,0.87,False,False,Camocim de São Félix,PE,0,Atenção
2603603,PE,Nordeste,Municipal,20,66.12,65.37,60.07,56.1,0.3388,6.05,False,False,Camutanga,PE,3,Intermediário
2603702,PE,Nordeste,Municipal,65,55.65,69.4,53.45,48.26,0.4435,2.2,False,False,Canhotinho,PE,0,Atenção
2603801,PE,Nordeste,Municipal,82,56.73,74.28,55.74,50.95,0.4327000000000001,0.99,False,False,Capoeiras,PE,0,Atenção
2603900,PE,Nordeste,Municipal,81,81.74,93.9,80.0,91.81,0.1826000000000001,1.74,False,False,Carnaíba,PE,1,Consolidado
2603926,PE,Nordeste,Municipal,20,78.75,100.0,80.0,84.31,0.21250000000000002,-1.25,False,True,Carnaubeira da Penha,PE,1,Consolidado
2604007,PE,Nordeste,Municipal,176,68.78,65.16,67.68,65.28,0.31220000000000003,1.1,False,False,Carpina,PE,0,Atenção
2604106,PE,Nordeste,Municipal,988,54.61,60.05,59.11,54.95,0.45389999999999997,-4.5,False,True,Caruaru,PE,0,Atenção
2604155,PE,Nordeste,Municipal,27,80.06,85.28,79.54,79.46,0.19940000000000002,0.52,False,False,Casinhas,PE,1,Consolidado
2604205,PE,Nordeste,Municipal,84,50.63,23.25,50.3,44.6,0.4937,0.33,False,False,Catende,PE,2,Crítico
2604403,PE,Nordeste,Municipal,41,73.91,78.05,65.79,62.99,0.2609,8.12,False,False,Chã de Alegria,PE,3,Intermediário
2604502,PE,Nordeste,Municipal,76,58.76,55.87,59.42,55.33,0.4124,-0.66,False,True,Chã Grande,PE,0,Atenção
2604601,PE,Nordeste,Municipal,70,50.92,44.11,51.14,45.57,0.4908,-0.22,False,True,Condado,PE,2,Crítico
2604700,PE,Nordeste,Municipal,53,55.4,73.39,56.47,51.81,0.44600000000000006,-1.07,False,True,Correntes,PE,0,Atenção
2604809,PE,Nordeste,Municipal,29,65.95,75.94,64.81,61.81,0.3405,1.14,False,False,Cortês,PE,0,Atenção
2604908,PE,Nordeste,Municipal,27,77.74,100.0,76.97,76.43,0.22260000000000002,0.77,False,False,Cumaru,PE,1,Consolidado
2605004,PE,Nordeste,Municipal,107,78.88,89.75,78.27,77.97,0.21120000000000005,0.61,False,False,Cupira,PE,1,Consolidado
2605103,PE,Nordeste,Municipal,117,80.97,83.61,80.0,82.05,0.19030000000000002,0.97,False,False,Custódia,PE,1,Consolidado
2605152,PE,Nordeste,Municipal,60,63.14,84.92,67.39,64.93,0.36860000000000004,-4.25,False,True,Dormentes,PE,0,Atenção
2605202,PE,Nordeste,Municipal,135,56.82,25.76,58.74,54.51,0.43179999999999996,-1.92,False,True,Escada,PE,0,Atenção
2605301,PE,Nordeste,Municipal,126,58.31,47.53,60.53,56.65,0.41689999999999994,-2.22,False,True,Exu,PE,0,Atenção
2605400,PE,Nordeste,Municipal,53,84.47,79.36,80.0,85.66,0.1553,4.47,False,False,Feira Nova,PE,1,Consolidado
2605509,PE,Nordeste,Municipal,30,60.31,36.93,61.78,58.16,0.39690000000000003,-1.47,False,True,Ferreiros,PE,0,Atenção
2605608,PE,Nordeste,Municipal,48,73.08,64.42,75.14,74.26,0.2692,-2.06,False,True,Flores,PE,1,Consolidado
2605707,PE,Nordeste,Municipal,64,48.09,53.45,40.31,33.42,0.5190999999999999,7.78,False,False,Floresta,PE,2,Crítico
2605806,PE,Nordeste,Municipal,28,66.27,60.45,69.96,68.03,0.33730000000000004,-3.69,False,True,Frei Miguelinho,PE,0,Atenção
2605905,PE,Nordeste,Municipal,44,60.17,70.59,62.1,58.54,0.3983,-1.93,False,True,Gameleira,PE,0,Atenção
2606002,PE,Nordeste,Municipal,400,53.47,72.85,56.86,52.28,0.46530000000000005,-3.39,False,True,Garanhuns,PE,0,Atenção
2606101,PE,Nordeste,Municipal,70,71.37,66.99,72.07,70.58,0.2863,-0.7,False,True,Glória do Goitá,PE,1,Consolidado
2606200,PE,Nordeste,Municipal,234,54.98,48.99,57.59,53.14,0.45020000000000004,-2.61,False,True,Goiana,PE,0,Atenção
2606309,PE,Nordeste,Municipal,45,57.95,60.28,57.04,52.49,0.4205,0.91,False,False,Granito,PE,0,Atenção
2606408,PE,Nordeste,Municipal,132,48.96,41.89,48.26,42.26,0.5104,0.7,False,False,Gravatá,PE,2,Crítico
2606507,PE,Nordeste,Municipal,53,73.72,83.71,68.56,66.34,0.26280000000000003,5.16,False,False,Iati,PE,1,Consolidado
2606606,PE,Nordeste,Municipal,74,55.96,63.28,55.58,50.76,0.4404,0.38,False,False,Ibimirim,PE,0,Atenção
2606804,PE,Nordeste,Municipal,400,59.31,67.71,65.47,62.61,0.40689999999999993,-6.16,False,True,Igarassu,PE,0,Atenção
2606903,PE,Nordeste,Municipal,20,71.66,80.24,73.75,72.59,0.2834,-2.09,False,True,Iguaraci,PE,1,Consolidado
2607000,PE,Nordeste,Municipal,84,51.6,78.97,58.6,54.35,0.484,-7.0,False,True,Inajá,PE,0,Atenção
2607208,PE,Nordeste,Municipal,406,71.46,65.2,70.24,68.37,0.2854000000000001,1.22,False,False,Ipojuca,PE,1,Consolidado
2607307,PE,Nordeste,Municipal,110,71.33,64.07,73.25,72.0,0.28670000000000007,-1.92,False,True,Ipubi,PE,1,Consolidado
2607505,PE,Nordeste,Municipal,81,60.12,65.52,62.9,59.5,0.39880000000000004,-2.78,False,True,Itaíba,PE,0,Atenção
2607604,PE,Nordeste,Municipal,64,57.89,50.38,57.61,53.17,0.42110000000000003,0.28,False,False,Ilha de Itamaracá,PE,0,Atenção
2607653,PE,Nordeste,Municipal,70,54.43,42.44,53.71,48.56,0.4557,0.72,False,False,Itambé,PE,0,Atenção
2607703,PE,Nordeste,Municipal,35,69.62,88.65,67.68,65.28,0.30379999999999996,1.94,False,False,Itapetim,PE,0,Atenção
2607752,PE,Nordeste,Municipal,84,77.97,80.9,78.03,77.69,0.22030000000000005,-0.06,False,True,Itapissuma,PE,1,Consolidado
2607802,PE,Nordeste,Municipal,21,53.72,47.11,53.48,48.29,0.4628,0.24,False,False,Itaquitinga,PE,0,Atenção
2607901,PE,Nordeste,Municipal,1489,60.14,55.88,61.03,57.25,0.39859999999999995,-0.89,False,True,Jaboatão dos Guararapes,PE,0,Atenção
2607950,PE,Nordeste,Municipal,20,61.61,95.05,61.36,57.65,0.3839,0.25,False,False,Jaqueira,PE,0,Atenção
2608008,PE,Nordeste,Municipal,47,57.11,37.06,56.54,51.9,0.42890000000000006,0.57,False,False,Jataúba,PE,0,Atenção
2608057,PE,Nordeste,Municipal,35,79.5,65.54,76.72,76.14,0.20499999999999996,2.78,False,False,Jatobá,PE,1,Consolidado
2608107,PE,Nordeste,Municipal,60,59.52,75.0,60.81,56.99,0.40479999999999994,-1.29,False,True,João Alfredo,PE,0,Atenção
2608206,PE,Nordeste,Municipal,26,60.06,50.94,54.58,49.58,0.3994,5.48,False,False,Joaquim Nabuco,PE,3,Intermediário
2608255,PE,Nordeste,Municipal,53,58.45,65.86,49.83,44.05,0.4155,8.62,False,False,Jucati,PE,3,Intermediário
2608305,PE,Nordeste,Municipal,85,63.68,72.87,63.87,60.68,0.36319999999999997,-0.19,False,True,Jupi,PE,0,Atenção
2608404,PE,Nordeste,Municipal,48,59.0,64.56,57.86,53.46,0.41000000000000003,1.14,False,False,Jurema,PE,0,Atenção
2608453,PE,Nordeste,Municipal,31,55.69,58.14,53.55,48.37,0.44310000000000005,2.14,False,False,Lagoa do Carro,PE,0,Atenção
2608503,PE,Nordeste,Municipal,48,70.96,83.58,71.87,70.34,0.2904000000000001,-0.91,False,True,Lagoa de Itaenga,PE,1,Consolidado
2608602,PE,Nordeste,Municipal,30,74.74,86.15,73.78,72.63,0.25260000000000005,0.96,False,False,Lagoa do Ouro,PE,1,Consolidado
2608701,PE,Nordeste,Municipal,27,73.54,81.35,72.37,70.94,0.26459999999999995,1.17,False,False,Lagoa dos Gatos,PE,1,Consolidado
2608750,PE,Nordeste,Municipal,115,65.6,68.48,58.93,54.74,0.3440000000000001,6.67,False,False,Lagoa Grande,PE,3,Intermediário
2608800,PE,Nordeste,Municipal,148,54.66,59.98,52.98,47.71,0.4534,1.68,False,False,Lajedo,PE,0,Atenção
2608909,PE,Nordeste,Municipal,122,74.18,67.43,73.45,72.23,0.2582,0.73,False,False,Limoeiro,PE,1,Consolidado
2609006,PE,Nordeste,Municipal,76,72.24,80.12,73.76,72.61,0.27760000000000007,-1.52,False,True,Macaparana,PE,1,Consolidado
2609105,PE,Nordeste,Municipal,36,79.68,97.27,80.0,86.88,0.20319999999999994,-0.32,False,True,Machados,PE,1,Consolidado
2609154,PE,Nordeste,Municipal,55,61.5,46.0,60.73,56.89,0.385,0.77,False,False,Manari,PE,0,Atenção
2609204,PE,Nordeste,Municipal,45,72.3,49.21,70.93,69.2,0.277,1.37,False,False,Maraial,PE,1,Consolidado
2609303,PE,Nordeste,Municipal,53,53.51,63.95,42.17,35.45,0.4649,11.34,False,False,Mirandiba,PE,3,Intermediário
2609402,PE,Nordeste,Municipal,106,55.48,43.19,57.79,53.38,0.44520000000000004,-2.31,False,True,Moreno,PE,0,Atenção
2609501,PE,Nordeste,Municipal,73,58.38,63.0,58.93,54.74,0.4162,-0.55,False,True,Nazaré da Mata,PE,0,Atenção
2609600,PE,Nordeste,Municipal,908,58.47,60.76,62.95,59.57,0.4153,-4.48,False,True,Olinda,PE,0,Atenção
2609709,PE,Nordeste,Municipal,29,70.19,93.08,64.34,61.24,0.29810000000000003,5.85,False,False,Orobó,PE,3,Intermediário
2609808,PE,Nordeste,Municipal,34,55.38,55.88,51.44,45.91,0.44619999999999993,3.94,False,False,Orocó,PE,3,Intermediário
2609907,PE,Nordeste,Municipal,167,47.39,34.42,42.82,36.16,0.5261,4.57,False,False,Ouricuri,PE,2,Crítico
2610004,PE,Nordeste,Municipal,89,51.73,68.72,48.92,43.01,0.4827,2.81,False,False,Palmares,PE,2,Crítico
2610103,PE,Nordeste,Municipal,21,68.62,52.44,63.78,60.56,0.31379999999999997,4.84,False,False,Palmeirina,PE,0,Atenção
2610202,PE,Nordeste,Municipal,70,80.25,98.58,77.3,76.82,0.1975,2.95,False,False,Panelas,PE,1,Consolidado
2610301,PE,Nordeste,Municipal,52,75.3,63.46,75.04,74.14,0.247,0.26,False,False,Paranatama,PE,1,Consolidado
2610400,PE,Nordeste,Municipal,58,55.73,54.92,53.79,48.66,0.4427,1.94,False,False,Parnamirim,PE,0,Atenção
2610509,PE,Nordeste,Municipal,68,75.38,73.69,75.67,74.89,0.24620000000000009,-0.29,False,True,Passira,PE,1,Consolidado
2610608,PE,Nordeste,Municipal,168,62.93,63.9,65.79,62.99,0.37070000000000003,-2.86,False,True,Paudalho,PE,0,Atenção
2610707,PE,Nordeste,Municipal,658,53.1,55.42,55.98,51.23,0.469,-2.88,False,True,Paulista,PE,0,Atenção
2610806,PE,Nordeste,Municipal,49,52.81,57.17,52.41,47.04,0.4719,0.4,False,False,Pedra,PE,0,Atenção
2610905,PE,Nordeste,Municipal,164,59.98,59.83,63.02,59.65,0.4002,-3.04,False,True,Pesqueira,PE,0,Atenção
2611002,PE,Nordeste,Municipal,136,56.09,63.98,56.52,51.87,0.43909999999999993,-0.43,False,True,Petrolândia,PE,0,Atenção
2611101,PE,Nordeste,Municipal,1534,66.37,69.04,68.42,66.17,0.33629999999999993,-2.05,False,True,Petrolina,PE,0,Atenção
2611200,PE,Nordeste,Municipal,29,61.28,58.8,65.42,62.55,0.3872,-4.14,False,True,Poção,PE,0,Atenção
2611309,PE,Nordeste,Municipal,38,54.25,50.99,52.33,46.95,0.4575,1.92,False,False,Pombos,PE,0,Atenção
2611408,PE,Nordeste,Municipal,27,75.53,62.8,77.9,77.53,0.24470000000000003,-2.37,False,True,Primavera,PE,1,Consolidado
2611507,PE,Nordeste,Municipal,73,56.38,57.6,53.33,48.12,0.4361999999999999,3.05,False,False,Quipapá,PE,3,Intermediário
2611533,PE,Nordeste,Municipal,50,81.34,85.83,80.0,80.26,0.1866,1.34,False,False,Quixaba,PE,1,Consolidado
2611606,PE,Nordeste,Municipal,3133,62.98,54.66,65.29,62.39,0.3702000000000001,-2.31,False,True,Recife,PE,0,Atenção
2611705,PE,Nordeste,Municipal,58,62.84,70.59,66.6,63.97,0.37159999999999993,-3.76,False,True,Riacho das Almas,PE,0,Atenção
2611804,PE,Nordeste,Municipal,73,66.7,61.26,64.61,61.57,0.33299999999999996,2.09,False,False,Ribeirão,PE,0,Atenção
2611903,PE,Nordeste,Municipal,68,78.31,94.07,80.0,93.31,0.21689999999999998,-1.69,False,True,Rio Formoso,PE,1,Consolidado
2612000,PE,Nordeste,Municipal,31,71.17,80.65,69.69,67.71,0.2883,1.48,False,False,Sairé,PE,1,Consolidado
2612208,PE,Nordeste,Municipal,242,75.8,75.39,76.55,75.94,0.242,-0.75,False,True,Salgueiro,PE,1,Consolidado
2612307,PE,Nordeste,Municipal,53,68.59,73.58,61.72,58.09,0.31409999999999993,6.87,False,False,Saloá,PE,3,Intermediário
2612406,PE,Nordeste,Municipal,63,51.48,58.4,47.86,41.8,0.4852000000000001,3.62,False,False,Sanharó,PE,2,Crítico
2612455,PE,Nordeste,Municipal,57,72.17,73.89,70.98,69.26,0.2783,1.19,False,False,Santa Cruz,PE,1,Consolidado
2612471,PE,Nordeste,Municipal,40,75.78,89.85,76.08,75.38,0.24219999999999997,-0.3,False,True,Santa Cruz da Baixa Verde,PE,1,Consolidado
2612505,PE,Nordeste,Municipal,321,53.6,57.36,57.31,52.81,0.46399999999999997,-3.71,False,True,Santa Cruz do Capibaribe,PE,0,Atenção
2612554,PE,Nordeste,Municipal,34,67.61,49.77,62.41,58.92,0.32389999999999997,5.2,False,False,Santa Filomena,PE,3,Intermediário
2612604,PE,Nordeste,Municipal,153,51.48,61.53,51.17,45.6,0.4852000000000001,0.31,False,False,Santa Maria da Boa Vista,PE,2,Crítico
2612703,PE,Nordeste,Municipal,35,80.52,61.17,80.0,83.17,0.19480000000000008,0.52,False,False,Santa Maria do Cambucá,PE,1,Consolidado
2612802,PE,Nordeste,Municipal,45,70.6,78.77,70.19,68.31,0.29400000000000004,0.41,False,False,Santa Terezinha,PE,1,Consolidado
2612901,PE,Nordeste,Municipal,20,48.41,74.52,41.36,34.56,0.5159,7.05,False,False,São Benedito do Sul,PE,2,Crítico
2613008,PE,Nordeste,Municipal,171,60.91,62.37,59.89,55.89,0.3909,1.02,False,False,São Bento do Una,PE,0,Atenção
2613107,PE,Nordeste,Municipal,105,52.85,50.3,50.74,45.1,0.47150000000000003,2.11,False,False,São Caitano,PE,2,Crítico
2613206,PE,Nordeste,Municipal,58,62.4,55.32,63.98,60.81,0.376,-1.58,False,True,São João,PE,0,Atenção
2613305,PE,Nordeste,Municipal,66,71.53,77.32,70.35,68.5,0.28469999999999995,1.18,False,False,São Joaquim do Monte,PE,1,Consolidado
2613404,PE,Nordeste,Municipal,82,53.09,37.05,47.83,41.77,0.46909999999999996,5.26,False,False,São José da Coroa Grande,PE,3,Intermediário
2613503,PE,Nordeste,Municipal,124,52.78,59.88,52.12,46.7,0.47219999999999995,0.66,False,False,São José do Belmonte,PE,0,Atenção
2613602,PE,Nordeste,Municipal,88,69.25,73.64,69.54,67.52,0.3075,-0.29,False,True,São José do Egito,PE,0,Atenção
2613701,PE,Nordeste,Municipal,270,49.5,54.49,49.84,44.07,0.505,-0.34,False,True,São Lourenço da Mata,PE,2,Crítico
2613800,PE,Nordeste,Municipal,46,58.98,45.34,53.76,48.62,0.4102,5.22,False,False,São Vicente Ferrer,PE,3,Intermediário
2613909,PE,Nordeste,Municipal,274,75.66,77.53,76.71,76.13,0.24340000000000006,-1.05,False,True,Serra Talhada,PE,1,Consolidado
2614006,PE,Nordeste,Municipal,52,59.22,69.74,58.07,53.72,0.40780000000000005,1.15,False,False,Serrita,PE,0,Atenção
2614105,PE,Nordeste,Municipal,104,59.91,55.45,62.6,59.14,0.40090000000000003,-2.69,False,True,Sertânia,PE,0,Atenção
2614204,PE,Nordeste,Municipal,111,62.06,77.51,63.56,60.3,0.37939999999999996,-1.5,False,True,Sirinhaém,PE,0,Atenção
2614303,PE,Nordeste,Municipal,31,54.77,50.83,49.94,44.18,0.4522999999999999,4.83,False,False,Moreilândia,PE,3,Intermediário
2614402,PE,Nordeste,Municipal,21,76.54,89.82,75.45,74.63,0.23459999999999992,1.09,False,False,Solidão,PE,1,Consolidado
2614501,PE,Nordeste,Municipal,88,54.84,62.2,59.49,55.41,0.4516,-4.65,False,True,Surubim,PE,0,Atenção
2614600,PE,Nordeste,Municipal,98,73.81,69.32,74.03,72.93,0.2619,-0.22,False,True,Tabira,PE,1,Consolidado
2614709,PE,Nordeste,Municipal,29,57.27,43.88,51.45,45.92,0.4273,5.82,False,False,Tacaimbó,PE,3,Intermediário
2614808,PE,Nordeste,Municipal,46,59.32,78.0,60.02,56.04,0.40680000000000005,-0.7,False,True,Tacaratu,PE,0,Atenção
2614857,PE,Nordeste,Municipal,88,54.72,50.42,50.56,44.9,0.4528,4.16,False,False,Tamandaré,PE,3,Intermediário
2615003,PE,Nordeste,Municipal,70,60.39,54.16,63.02,59.65,0.3961,-2.63,False,True,Taquaritinga do Norte,PE,0,Atenção
2615201,PE,Nordeste,Municipal,37,64.45,61.79,64.99,62.03,0.3554999999999999,-0.54,False,True,Terra Nova,PE,0,Atenção
2615300,PE,Nordeste,Municipal,118,73.86,76.55,75.02,74.11,0.26139999999999997,-1.16,False,True,Timbaúba,PE,1,Consolidado
2615409,PE,Nordeste,Municipal,196,54.52,67.72,55.11,50.21,0.4548,-0.59,False,True,Toritama,PE,0,Atenção
2615508,PE,Nordeste,Municipal,44,63.12,66.19,62.75,59.32,0.3688,0.37,False,False,Tracunhaém,PE,0,Atenção
2615607,PE,Nordeste,Municipal,111,59.47,71.21,63.05,59.68,0.4053,-3.58,False,True,Trindade,PE,0,Atenção
2615706,PE,Nordeste,Municipal,35,80.61,79.84,80.0,82.65,0.19389999999999996,0.61,False,False,Triunfo,PE,1,Consolidado
2615805,PE,Nordeste,Municipal,60,66.17,75.24,70.41,68.57,0.33829999999999993,-4.24,False,True,Tupanatinga,PE,0,Atenção
2615904,PE,Nordeste,Municipal,37,80.02,78.33,77.54,77.11,0.1998000000000001,2.48,False,False,Tuparetama,PE,1,Consolidado
2616001,PE,Nordeste,Municipal,38,59.23,63.18,57.68,53.25,0.40770000000000006,1.55,False,False,Venturosa,PE,0,Atenção
2616183,PE,Nordeste,Municipal,28,83.01,92.78,80.0,83.71,0.16989999999999994,3.01,False,False,Vertente do Lério,PE,1,Consolidado
2616209,PE,Nordeste,Municipal,55,60.42,46.95,59.19,55.05,0.39579999999999993,1.23,False,False,Vertentes,PE,0,Atenção
2616308,PE,Nordeste,Municipal,64,59.34,68.76,61.19,57.45,0.40659999999999996,-1.85,False,True,Vicência,PE,0,Atenção
2616407,PE,Nordeste,Municipal,332,51.6,53.12,51.59,46.09,0.484,0.01,False,False,Vitória de Santo Antão,PE,2,Crítico
2616506,PE,Nordeste,Municipal,42,71.1,73.93,65.51,62.65,0.28900000000000003,5.59,False,False,Xexéu,PE,1,Consolidado
2700102,AL,Nordeste,Municipal,50,52.37,46.34,52.49,47.14,0.47630000000000006,-0.12,False,True,Água Branca,AL,0,Atenção
2700201,AL,Nordeste,Municipal,52,57.54,52.19,57.84,53.44,0.4246,-0.3,False,True,Anadia,AL,0,Atenção
2700300,AL,Nordeste,Municipal,855,41.69,42.44,45.77,39.44,0.5831,-4.08,False,True,Arapiraca,AL,2,Crítico
2700409,AL,Nordeste,Municipal,126,40.43,47.5,39.32,32.36,0.5957,1.11,False,False,Atalaia,AL,2,Crítico
2700508,AL,Nordeste,Municipal,84,35.56,28.3,37.63,30.57,0.6444,-2.07,False,True,Barra de Santo Antônio,AL,2,Crítico
2700607,AL,Nordeste,Municipal,45,46.07,51.17,38.79,31.79,0.5393,7.28,False,False,Barra de São Miguel,AL,2,Crítico
2700706,AL,Nordeste,Municipal,50,36.19,44.11,40.06,33.15,0.6381,-3.87,False,True,Batalha,AL,2,Crítico
2700904,AL,Nordeste,Municipal,27,76.32,100.0,80.0,83.89,0.23680000000000012,-3.68,False,True,Belo Monte,AL,1,Consolidado
2701001,AL,Nordeste,Municipal,78,73.64,92.26,74.59,73.6,0.26359999999999995,-0.95,False,True,Boca da Mata,AL,1,Consolidado
2701100,AL,Nordeste,Municipal,38,79.11,76.32,76.97,76.44,0.20889999999999997,2.14,False,False,Branquinha,AL,1,Consolidado
2701209,AL,Nordeste,Municipal,57,40.64,58.14,37.62,30.55,0.5936,3.02,False,False,Cacimbinhas,AL,2,Crítico
2701308,AL,Nordeste,Municipal,86,32.2,32.4,33.95,26.75,0.6779999999999999,-1.75,False,True,Cajueiro,AL,2,Crítico
2701357,AL,Nordeste,Municipal,28,50.33,67.94,47.36,41.23,0.49670000000000003,2.97,False,False,Campestre,AL,2,Crítico
2701407,AL,Nordeste,Municipal,157,77.59,67.29,67.86,65.49,0.22409999999999997,9.73,False,False,Campo Alegre,AL,1,Consolidado
2701605,AL,Nordeste,Municipal,69,56.51,63.7,51.08,45.5,0.43490000000000006,5.43,False,False,Canapi,AL,3,Intermediário
2701704,AL,Nordeste,Municipal,66,44.61,31.72,47.36,41.23,0.5539000000000001,-2.75,False,True,Capela,AL,2,Crítico
2701803,AL,Nordeste,Municipal,52,51.67,40.1,49.37,43.52,0.48329999999999995,2.3,False,False,Carneiros,AL,2,Crítico
2702009,AL,Nordeste,Municipal,30,82.25,79.85,75.74,74.97,0.1775,6.51,False,False,Coité do Nóia,AL,1,Consolidado
2702108,AL,Nordeste,Municipal,53,85.29,71.81,80.0,84.66,0.1470999999999999,5.29,False,False,Colônia Leopoldina,AL,1,Consolidado
2702207,AL,Nordeste,Municipal,31,47.52,64.52,41.33,34.53,0.5247999999999999,6.19,False,False,Coqueiro Seco,AL,2,Crítico
2702306,AL,Nordeste,Municipal,263,79.12,95.09,80.0,94.13,0.20879999999999999,-0.88,False,True,Coruripe,AL,1,Consolidado
2702355,AL,Nordeste,Municipal,58,47.42,71.79,51.26,45.7,0.5258,-3.84,False,True,Craíbas,AL,2,Crítico
2702405,AL,Nordeste,Municipal,184,37.18,22.96,38.15,31.11,0.6282,-0.97,False,True,Delmiro Gouveia,AL,2,Crítico
2702504,AL,Nordeste,Municipal,24,51.82,54.53,51.92,46.47,0.4818,-0.1,False,True,Dois Riachos,AL,0,Atenção
2702553,AL,Nordeste,Municipal,34,41.81,28.68,41.35,34.55,0.5819,0.46,False,False,Estrela de Alagoas,AL,2,Crítico
2702603,AL,Nordeste,Municipal,68,43.06,45.02,41.94,35.2,0.5693999999999999,1.12,False,False,Feira Grande,AL,2,Crítico
2702702,AL,Nordeste,Municipal,23,41.62,47.83,44.08,37.55,0.5838000000000001,-2.46,False,True,Feliz Deserto,AL,2,Crítico
2702801,AL,Nordeste,Municipal,55,44.73,40.1,41.5,34.71,0.5527,3.23,False,False,Flexeiras,AL,2,Crítico
2702900,AL,Nordeste,Municipal,141,41.06,45.94,42.43,35.73,0.5893999999999999,-1.37,False,True,Girau do Ponciano,AL,2,Crítico
2703007,AL,Nordeste,Municipal,28,88.0,50.0,80.0,93.46,0.12,8.0,False,False,Ibateguara,AL,1,Consolidado
2703106,AL,Nordeste,Municipal,78,37.49,22.95,36.85,29.74,0.6251,0.64,False,False,Igaci,AL,2,Crítico
2703205,AL,Nordeste,Municipal,84,54.15,53.6,53.17,47.93,0.4585,0.98,False,False,Igreja Nova,AL,0,Atenção
2703304,AL,Nordeste,Municipal,77,61.8,82.04,67.49,65.05,0.382,-5.69,False,True,Inhapi,AL,0,Atenção
2703403,AL,Nordeste,Municipal,27,54.42,48.23,44.64,38.18,0.4558,9.78,False,False,Jacaré dos Homens,AL,3,Intermediário
2703502,AL,Nordeste,Municipal,30,59.34,83.2,58.55,54.29,0.40659999999999996,0.79,False,False,Jacuípe,AL,0,Atenção
2703601,AL,Nordeste,Municipal,35,37.46,33.67,30.27,23.07,0.6254,7.19,False,False,Japaratinga,AL,2,Crítico
2703700,AL,Nordeste,Municipal,21,48.19,38.01,42.72,36.05,0.5181,5.47,False,False,Jaramataia,AL,2,Crítico
2703759,AL,Nordeste,Municipal,36,57.42,97.31,55.12,50.22,0.42579999999999996,2.3,False,False,Jequiá da Praia,AL,0,Atenção
2703809,AL,Nordeste,Municipal,61,39.2,31.17,40.35,33.47,0.608,-1.15,False,True,Joaquim Gomes,AL,2,Crítico
2704005,AL,Nordeste,Municipal,110,49.75,59.16,57.72,53.3,0.5025,-7.97,False,True,Junqueiro,AL,0,Atenção
2704104,AL,Nordeste,Municipal,37,51.27,50.32,51.14,45.57,0.48729999999999996,0.13,False,False,Lagoa da Canoa,AL,2,Crítico
2704203,AL,Nordeste,Municipal,94,51.26,41.49,49.3,43.45,0.48740000000000006,1.96,False,False,Limoeiro de Anadia,AL,2,Crítico
2704302,AL,Nordeste,Estadual,386,40.82,38.71,,40.66,0.5918,,True,False,Maceió,AL,2,Crítico
2704302,AL,Nordeste,Municipal,1642,42.6,41.45,45.58,39.23,0.5740000000000001,-2.98,False,True,Maceió,AL,2,Crítico
2704401,AL,Nordeste,Municipal,62,44.16,37.0,46.33,40.07,0.5584,-2.17,False,True,Major Isidoro,AL,2,Crítico
2704500,AL,Nordeste,Municipal,125,40.89,43.63,39.36,32.4,0.5911,1.53,False,False,Maragogi,AL,2,Crítico
2704609,AL,Nordeste,Municipal,38,65.5,73.15,70.6,68.8,0.345,-5.1,False,True,Maravilha,AL,0,Atenção
2704708,AL,Nordeste,Municipal,289,44.01,47.75,46.8,40.6,0.5599000000000001,-2.79,False,True,Marechal Deodoro,AL,2,Crítico
2704807,AL,Nordeste,Municipal,34,53.13,41.6,52.02,46.59,0.4687,1.11,False,False,Maribondo,AL,0,Atenção
2705002,AL,Nordeste,Municipal,38,46.02,60.63,46.37,40.11,0.5398,-0.35,False,True,Mata Grande,AL,2,Crítico
2705101,AL,Nordeste,Municipal,83,42.23,48.02,41.99,35.25,0.5777000000000001,0.24,False,False,Matriz de Camaragibe,AL,2,Crítico
2705200,AL,Nordeste,Municipal,78,41.02,36.95,37.86,30.81,0.5898,3.16,False,False,Messias,AL,2,Crítico
2705309,AL,Nordeste,Municipal,25,45.37,27.87,37.11,30.02,0.5463,8.26,False,False,Minador do Negrão,AL,2,Crítico
2705408,AL,Nordeste,Municipal,32,45.82,25.0,42.02,35.28,0.5418000000000001,3.8,False,False,Monteirópolis,AL,2,Crítico
2705507,AL,Nordeste,Municipal,75,55.6,88.02,57.6,53.15,0.44399999999999995,-2.0,False,True,Murici,AL,0,Atenção
2705606,AL,Nordeste,Municipal,47,41.42,31.95,34.56,27.37,0.5858,6.86,False,False,Novo Lino,AL,2,Crítico
2705705,AL,Nordeste,Municipal,85,45.46,48.21,46.38,40.12,0.5454,-0.92,False,True,Olho d'Água das Flores,AL,2,Crítico
2705804,AL,Nordeste,Municipal,49,43.72,34.71,41.05,34.23,0.5628,2.67,False,False,Olho d'Água do Casado,AL,2,Crítico
2706000,AL,Nordeste,Municipal,65,59.02,81.69,54.93,50.0,0.40979999999999994,4.09,False,False,Olivença,AL,3,Intermediário
2706109,AL,Nordeste,Municipal,43,39.29,54.4,27.52,20.41,0.6071,11.77,False,False,Ouro Branco,AL,2,Crítico
2706208,AL,Nordeste,Municipal,31,43.86,47.27,40.59,33.73,0.5614,3.27,False,False,Palestina,AL,2,Crítico
2706307,AL,Nordeste,Municipal,177,38.92,36.58,39.15,32.18,0.6108,-0.23,False,True,Palmeira dos Índios,AL,2,Crítico
2706406,AL,Nordeste,Municipal,96,53.06,47.74,52.93,47.65,0.46939999999999993,0.13,False,False,Pão de Açúcar,AL,0,Atenção
2706448,AL,Nordeste,Municipal,71,52.21,28.21,57.82,53.42,0.4779,-5.61,False,True,Paripueira,AL,0,Atenção
2706505,AL,Nordeste,Municipal,61,48.38,29.38,48.06,42.03,0.5162,0.32,False,False,Passo de Camaragibe,AL,2,Crítico
2706604,AL,Nordeste,Municipal,26,48.96,38.46,43.67,37.1,0.5104,5.29,False,False,Paulo Jacinto,AL,2,Crítico
2706703,AL,Nordeste,Municipal,205,44.81,41.28,47.02,40.85,0.5519000000000001,-2.21,False,True,Penedo,AL,2,Crítico
2706802,AL,Nordeste,Municipal,75,39.02,41.64,38.74,31.74,0.6097999999999999,0.28,False,False,Piaçabuçu,AL,2,Crítico
2706901,AL,Nordeste,Municipal,163,40.89,46.49,44.11,37.59,0.5911,-3.22,False,True,Pilar,AL,2,Crítico
2707107,AL,Nordeste,Municipal,123,37.04,19.17,31.96,24.74,0.6295999999999999,5.08,False,False,Piranhas,AL,2,Crítico
2707206,AL,Nordeste,Municipal,59,39.26,42.17,40.27,33.38,0.6073999999999999,-1.01,False,True,Poço das Trincheiras,AL,2,Crítico
2707305,AL,Nordeste,Municipal,77,41.27,43.61,43.17,36.55,0.5872999999999999,-1.9,False,True,Porto Calvo,AL,2,Crítico
2707404,AL,Nordeste,Municipal,44,43.67,27.35,37.21,30.12,0.5632999999999999,6.46,False,False,Porto de Pedras,AL,2,Crítico
2707503,AL,Nordeste,Municipal,39,71.62,95.54,69.69,67.71,0.28379999999999994,1.93,False,False,Porto Real do Colégio,AL,1,Consolidado
2707602,AL,Nordeste,Municipal,45,62.12,57.92,61.22,57.48,0.3788,0.9,False,False,Quebrangulo,AL,0,Atenção
2707701,AL,Nordeste,Municipal,419,39.15,37.58,43.48,36.89,0.6085,-4.33,False,True,Rio Largo,AL,2,Crítico
2707800,AL,Nordeste,Municipal,36,64.7,49.67,66.92,64.36,0.353,-2.22,False,True,Roteiro,AL,0,Atenção
2707909,AL,Nordeste,Municipal,25,43.52,40.03,38.86,31.87,0.5648,4.66,False,False,Santa Luzia do Norte,AL,2,Crítico
2708006,AL,Nordeste,Municipal,167,39.67,45.98,41.57,34.79,0.6033,-1.9,False,True,Santana do Ipanema,AL,2,Crítico
2708105,AL,Nordeste,Municipal,27,75.23,100.0,80.0,98.87,0.24769999999999992,-4.77,False,True,Santana do Mundaú,AL,1,Consolidado
2708204,AL,Nordeste,Municipal,27,68.26,77.72,69.26,67.19,0.3173999999999999,-1.0,False,True,São Brás,AL,0,Atenção
2708303,AL,Nordeste,Municipal,61,76.26,95.07,79.33,79.22,0.23739999999999994,-3.07,False,True,São José da Laje,AL,1,Consolidado
2708402,AL,Nordeste,Municipal,109,52.55,46.48,54.11,49.03,0.47450000000000003,-1.56,False,True,São José da Tapera,AL,0,Atenção
2708501,AL,Nordeste,Municipal,138,41.8,53.02,45.9,39.59,0.5820000000000001,-4.1,False,True,São Luís do Quitunde,AL,2,Crítico
2708600,AL,Nordeste,Municipal,179,53.72,51.46,55.0,50.08,0.4628,-1.28,False,True,São Miguel dos Campos,AL,0,Atenção
2708709,AL,Nordeste,Municipal,56,40.93,46.76,41.31,34.51,0.5907,-0.38,False,True,São Miguel dos Milagres,AL,2,Crítico
2708808,AL,Nordeste,Municipal,114,43.68,44.92,43.27,36.66,0.5631999999999999,0.41,False,False,São Sebastião,AL,2,Crítico
2708907,AL,Nordeste,Municipal,89,49.23,64.17,48.85,42.93,0.5077,0.38,False,False,Satuba,AL,2,Crítico
2708956,AL,Nordeste,Municipal,52,59.81,57.48,56.54,51.9,0.4018999999999999,3.27,False,False,Senador Rui Palmeira,AL,0,Atenção
2709004,AL,Nordeste,Municipal,20,53.41,70.37,48.08,42.05,0.4659,5.33,False,False,Tanque d'Arca,AL,3,Intermediário
2709103,AL,Nordeste,Municipal,78,48.55,41.62,49.8,44.02,0.5145,-1.25,False,True,Taquarana,AL,2,Crítico
2709152,AL,Nordeste,Municipal,133,65.86,61.18,57.03,52.48,0.34140000000000004,8.83,False,False,Teotônio Vilela,AL,3,Intermediário
2709202,AL,Nordeste,Municipal,51,39.32,57.11,38.63,31.62,0.6068,0.69,False,False,Traipu,AL,2,Crítico
2709301,AL,Nordeste,Municipal,192,79.13,92.66,80.0,89.35,0.2087,-0.87,False,True,União dos Palmares,AL,1,Consolidado
2709400,AL,Nordeste,Municipal,76,42.44,47.7,46.3,40.03,0.5756,-3.86,False,True,Viçosa,AL,2,Crítico
2800209,SE,Nordeste,Municipal,25,28.51,15.87,28.59,21.68,0.7149,-0.08,False,True,Aquidabã,SE,2,Crítico
2800308,SE,Nordeste,Estadual,348,34.57,34.28,,33.34,0.6543,,True,False,Aracaju,SE,2,Crítico
2800308,SE,Nordeste,Municipal,812,33.19,46.45,36.8,29.52,0.6681,-3.61,False,True,Aracaju,SE,2,Crítico
2800407,SE,Nordeste,Municipal,38,37.74,26.3,38.07,31.16,0.6226,-0.33,False,True,Arauá,SE,2,Crítico
2800506,SE,Nordeste,Municipal,49,36.37,36.0,34.29,27.05,0.6363000000000001,2.08,False,False,Areia Branca,SE,2,Crítico
2800605,SE,Nordeste,Municipal,82,34.31,19.77,29.32,22.17,0.6569,4.99,False,False,Barra dos Coqueiros,SE,2,Crítico
2800670,SE,Nordeste,Municipal,49,26.25,28.76,29.96,23.51,0.7375,-3.71,False,True,Boquim,SE,2,Crítico
2800704,SE,Nordeste,Municipal,46,33.37,30.47,34.46,27.51,0.6663,-1.09,False,True,Brejo Grande,SE,2,Crítico
2801009,SE,Nordeste,Municipal,34,36.75,37.99,45.54,38.88,0.6325000000000001,-8.79,False,True,Campo do Brito,SE,2,Crítico
2801207,SE,Nordeste,Municipal,137,31.17,31.94,29.89,22.51,0.6882999999999999,1.28,False,False,Canindé de São Francisco,SE,2,Crítico
2801306,SE,Nordeste,Municipal,90,36.21,32.86,40.4,33.66,0.6378999999999999,-4.19,False,True,Capela,SE,2,Crítico
2801405,SE,Nordeste,Municipal,30,34.24,49.11,40.4,33.89,0.6576,-6.16,False,True,Carira,SE,2,Crítico
2801504,SE,Nordeste,Municipal,51,32.51,16.82,32.07,24.94,0.6749,0.44,False,False,Carmópolis,SE,2,Crítico
2801702,SE,Nordeste,Municipal,68,33.28,34.34,31.96,24.69,0.6672,1.32,False,False,Cristinápolis,SE,2,Crítico
2802106,SE,Nordeste,Estadual,22,38.25,45.45,,33.93,0.6174999999999999,,True,False,Estância,SE,2,Crítico
2802106,SE,Nordeste,Municipal,180,38.24,32.65,40.81,34.59,0.6175999999999999,-2.57,False,True,Estância,SE,2,Crítico
2802205,SE,Nordeste,Municipal,27,34.56,29.89,36.69,30.38,0.6544,-2.13,False,True,Feira Nova,SE,2,Crítico
2802304,SE,Nordeste,Municipal,25,30.99,35.9,26.27,18.7,0.6900999999999999,4.72,False,False,Frei Paulo,SE,2,Crítico
2802403,SE,Nordeste,Municipal,29,31.49,26.88,26.47,19.2,0.6851,5.02,False,False,Gararu,SE,2,Crítico
2802700,SE,Nordeste,Municipal,29,32.18,14.19,34.17,24.94,0.6782,-1.99,False,True,Ilha das Flores,SE,2,Crítico
2802809,SE,Nordeste,Municipal,85,34.98,39.84,44.78,37.98,0.6502000000000001,-9.8,False,True,Indiaroba,SE,2,Crítico
2802908,SE,Nordeste,Estadual,43,36.76,39.64,,32.65,0.6324000000000001,,True,False,Itabaiana,SE,2,Crítico
2802908,SE,Nordeste,Municipal,202,36.98,45.01,33.84,26.12,0.6302000000000001,3.14,False,False,Itabaiana,SE,2,Crítico
2803005,SE,Nordeste,Municipal,157,50.44,58.79,62.52,59.04,0.49560000000000004,-12.08,False,True,Itabaianinha,SE,0,Atenção
2803203,SE,Nordeste,Municipal,100,32.58,40.57,31.53,23.92,0.6742,1.05,False,False,Itaporanga d'Ajuda,SE,2,Crítico
2803302,SE,Nordeste,Municipal,55,42.59,58.39,48.16,42.14,0.5740999999999999,-5.57,False,True,Japaratuba,SE,2,Crítico
2803401,SE,Nordeste,Municipal,49,36.74,48.79,33.27,25.89,0.6326,3.47,False,False,Japoatã,SE,2,Crítico
2803500,SE,Nordeste,Estadual,50,57.23,71.91,,71.03,0.4277000000000001,,True,False,Lagarto,SE,0,Atenção
2803500,SE,Nordeste,Municipal,222,39.93,28.31,42.31,35.72,0.6007,-2.38,False,True,Lagarto,SE,2,Crítico
2803609,SE,Nordeste,Municipal,66,28.29,27.36,23.05,15.94,0.7171000000000001,5.24,False,False,Laranjeiras,SE,2,Crítico
2803807,SE,Nordeste,Municipal,22,51.59,46.19,46.27,39.05,0.4841,5.32,False,False,Malhada dos Bois,SE,2,Crítico
2803906,SE,Nordeste,Municipal,52,39.6,32.9,41.11,33.26,0.604,-1.51,False,True,Malhador,SE,2,Crítico
2804003,SE,Nordeste,Municipal,43,32.92,25.51,28.54,21.23,0.6708000000000001,4.38,False,False,Maruim,SE,2,Crítico
2804102,SE,Nordeste,Municipal,35,46.91,42.89,49.05,43.16,0.5309,-2.14,False,True,Moita Bonita,SE,2,Crítico
2804201,SE,Nordeste,Municipal,41,30.71,44.05,31.99,24.61,0.6929000000000001,-1.28,False,True,Monte Alegre de Sergipe,SE,2,Crítico
2804409,SE,Nordeste,Municipal,39,32.33,25.49,28.33,21.11,0.6767000000000001,4.0,False,False,Neópolis,SE,2,Crítico
2804508,SE,Nordeste,Estadual,37,38.85,51.33,,36.79,0.6114999999999999,,True,False,Nossa Senhora da Glória,SE,2,Crítico
2804508,SE,Nordeste,Municipal,111,30.11,32.18,36.66,29.75,0.6989000000000001,-6.55,False,True,Nossa Senhora da Glória,SE,2,Crítico
2804607,SE,Nordeste,Municipal,60,37.23,31.96,39.64,32.71,0.6277,-2.41,False,True,Nossa Senhora das Dores,SE,2,Crítico
2804706,SE,Nordeste,Municipal,20,28.32,69.95,26.18,20.44,0.7168,2.14,False,False,Nossa Senhora de Lourdes,SE,2,Crítico
2804805,SE,Nordeste,Estadual,55,31.23,29.27,,28.38,0.6877,,True,False,Nossa Senhora do Socorro,SE,2,Crítico
2804805,SE,Nordeste,Municipal,550,32.56,30.66,26.93,19.68,0.6744,5.63,False,False,Nossa Senhora do Socorro,SE,2,Crítico
2804904,SE,Nordeste,Municipal,29,32.34,33.5,23.74,13.83,0.6766,8.6,False,False,Pacatuba,SE,2,Crítico
2805307,SE,Nordeste,Municipal,36,32.16,28.22,33.03,25.49,0.6784000000000001,-0.87,False,True,Pirambu,SE,2,Crítico
2805406,SE,Nordeste,Municipal,113,32.1,25.86,23.75,17.02,0.679,8.35,False,False,Poço Redondo,SE,2,Crítico
2805505,SE,Nordeste,Municipal,36,37.77,26.1,37.82,30.67,0.6223,-0.05,False,True,Poço Verde,SE,2,Crítico
2805604,SE,Nordeste,Municipal,59,33.79,16.51,30.74,23.55,0.6621,3.05,False,False,Porto da Folha,SE,2,Crítico
2805703,SE,Nordeste,Estadual,23,37.15,43.13,,36.55,0.6285000000000001,,True,False,Propriá,SE,2,Crítico
2805703,SE,Nordeste,Municipal,40,32.24,28.04,26.71,19.6,0.6776,5.53,False,False,Propriá,SE,2,Crítico
2805802,SE,Nordeste,Municipal,42,36.12,33.47,44.45,38.36,0.6388,-8.33,False,True,Riachão do Dantas,SE,2,Crítico
2805901,SE,Nordeste,Municipal,29,27.77,24.31,17.27,11.33,0.7222999999999999,10.5,False,False,Riachuelo,SE,2,Crítico
2806008,SE,Nordeste,Municipal,21,40.22,34.36,40.54,33.56,0.5978,-0.32,False,True,Ribeirópolis,SE,2,Crítico
2806107,SE,Nordeste,Municipal,39,35.82,35.65,45.54,39.36,0.6417999999999999,-9.72,False,True,Rosário do Catete,SE,2,Crítico
2806206,SE,Nordeste,Municipal,68,35.21,46.87,40.63,34.25,0.6478999999999999,-5.42,False,True,Salgado,SE,2,Crítico
2806305,SE,Nordeste,Municipal,35,34.15,20.18,33.12,25.56,0.6585000000000001,1.03,False,False,Santa Luzia do Itanhy,SE,2,Crítico
2806404,SE,Nordeste,Municipal,31,32.2,22.03,36.03,29.53,0.6779999999999999,-3.83,False,True,Santana do São Francisco,SE,2,Crítico
2806602,SE,Nordeste,Municipal,21,35.34,38.1,41.37,34.61,0.6466,-6.03,False,True,Santo Amaro das Brotas,SE,2,Crítico
2806701,SE,Nordeste,Municipal,209,45.99,67.66,59.87,55.76,0.5401,-13.88,False,True,São Cristóvão,SE,0,Atenção
2807105,SE,Nordeste,Estadual,28,36.36,61.29,,38.33,0.6364000000000001,,True,False,Simão Dias,SE,2,Crítico
2807105,SE,Nordeste,Municipal,92,35.11,27.95,40.09,33.15,0.6489,-4.98,False,True,Simão Dias,SE,2,Crítico
2807204,SE,Nordeste,Municipal,23,41.97,46.97,52.43,48.34,0.5803,-10.46,False,True,Siriri,SE,2,Crítico
2807402,SE,Nordeste,Municipal,134,40.6,48.25,47.95,41.67,0.594,-7.35,False,True,Tobias Barreto,SE,2,Crítico
2807501,SE,Nordeste,Municipal,32,49.09,37.01,48.79,42.84,0.5090999999999999,0.3,False,False,Tomar do Geru,SE,2,Crítico
2807600,SE,Nordeste,Municipal,72,30.31,51.63,32.62,24.94,0.6969000000000001,-2.31,False,True,Umbaúba,SE,2,Crítico
2900207,BA,Nordeste,Municipal,50,31.64,14.0,35.44,28.28,0.6836,-3.8,False,True,Abaré,BA,2,Crítico
2900306,BA,Nordeste,Municipal,26,29.75,73.08,26.77,19.69,0.7025,2.98,False,False,Acajutiba,BA,2,Crítico
2900355,BA,Nordeste,Municipal,52,40.06,36.54,50.37,44.69,0.5993999999999999,-10.31,False,True,Adustina,BA,2,Crítico
2900405,BA,Nordeste,Municipal,20,29.23,30.0,28.14,20.99,0.7077,1.09,False,False,Água Fria,BA,2,Crítico
2900603,BA,Nordeste,Municipal,21,35.4,19.05,36.39,29.25,0.646,-0.99,False,True,Aiquara,BA,2,Crítico
2900702,BA,Nordeste,Municipal,317,32.39,35.65,40.44,33.51,0.6760999999999999,-8.05,False,True,Alagoinhas,BA,2,Crítico
2900801,BA,Nordeste,Municipal,81,43.48,34.57,50.94,45.32,0.5652,-7.46,False,True,Alcobaça,BA,2,Crítico
2901007,BA,Nordeste,Municipal,81,39.79,55.56,55.84,51.06,0.6021000000000001,-16.05,False,True,Amargosa,BA,0,Atenção
2901106,BA,Nordeste,Municipal,40,36.77,42.5,44.02,37.49,0.6323,-7.25,False,True,Amélia Rodrigues,BA,2,Crítico
2901155,BA,Nordeste,Municipal,60,33.62,50.0,39.16,32.18,0.6638,-5.54,False,True,América Dourada,BA,2,Crítico
2901205,BA,Nordeste,Municipal,38,35.78,23.68,43.17,36.53,0.6422,-7.39,False,True,Anagé,BA,2,Crítico
2901304,BA,Nordeste,Municipal,37,46.92,56.76,50.48,44.79,0.5307999999999999,-3.56,False,True,Andaraí,BA,2,Crítico
2901353,BA,Nordeste,Municipal,34,33.83,17.65,39.88,32.96,0.6617,-6.05,False,True,Andorinha,BA,2,Crítico
2901403,BA,Nordeste,Municipal,36,35.24,25.0,44.53,38.05,0.6476,-9.29,False,True,Angical,BA,2,Crítico
2901502,BA,Nordeste,Municipal,31,37.71,58.06,45.15,38.73,0.6229,-7.44,False,True,Anguera,BA,2,Crítico
2901601,BA,Nordeste,Municipal,30,40.34,20.0,49.89,44.12,0.5966,-9.55,False,True,Antas,BA,2,Crítico
2901809,BA,Nordeste,Municipal,21,38.22,19.05,39.52,32.57,0.6178,-1.3,False,True,Antônio Gonçalves,BA,2,Crítico
2901908,BA,Nordeste,Municipal,66,29.44,18.18,24.7,17.78,0.7056,4.74,False,False,Aporá,BA,2,Crítico
2901957,BA,Nordeste,Municipal,23,33.3,47.83,43.58,37.01,0.667,-10.28,False,True,Apuarema,BA,2,Crítico
2902005,BA,Nordeste,Municipal,30,37.6,20.0,47.99,41.94,0.624,-10.39,False,True,Aracatu,BA,2,Crítico
2902054,BA,Nordeste,Municipal,40,36.89,40.0,43.28,36.68,0.6311,-6.39,False,True,Araças,BA,2,Crítico
2902104,BA,Nordeste,Municipal,111,26.63,20.72,27.37,20.26,0.7337,-0.74,False,True,Araci,BA,2,Crítico
2902203,BA,Nordeste,Municipal,21,31.1,9.52,28.9,21.72,0.6890000000000001,2.2,False,False,Aramari,BA,2,Crítico
2902252,BA,Nordeste,Municipal,25,27.0,12.0,23.69,16.86,0.73,3.31,False,False,Arataca,BA,2,Crítico
2902302,BA,Nordeste,Municipal,32,41.68,59.38,53.15,47.89,0.5831999999999999,-11.47,False,True,Aratuípe,BA,2,Crítico
2902401,BA,Nordeste,Municipal,44,43.29,29.55,48.61,42.66,0.5670999999999999,-5.32,False,True,Aurelino Leal,BA,2,Crítico
2902500,BA,Nordeste,Municipal,40,37.12,27.5,46.14,39.85,0.6288,-9.02,False,True,Baianópolis,BA,2,Crítico
2902609,BA,Nordeste,Municipal,25,36.22,64.0,42.94,36.29,0.6378,-6.72,False,True,Baixa Grande,BA,2,Crítico
2902658,BA,Nordeste,Municipal,31,38.29,54.84,46.98,40.77,0.6171,-8.69,False,True,Banzaê,BA,2,Crítico
2902708,BA,Nordeste,Municipal,157,30.58,24.84,34.04,26.97,0.6942,-3.46,False,True,Barra,BA,2,Crítico
2902807,BA,Nordeste,Municipal,87,40.84,43.68,52.87,47.57,0.5915999999999999,-12.03,False,True,Barra da Estiva,BA,2,Crítico
2902906,BA,Nordeste,Municipal,154,35.82,31.17,42.76,36.09,0.6417999999999999,-6.94,False,True,Barra do Choça,BA,2,Crítico
2903003,BA,Nordeste,Municipal,46,40.84,34.78,45.6,39.25,0.5915999999999999,-4.76,False,True,Barra do Mendes,BA,2,Crítico
2903102,BA,Nordeste,Municipal,23,36.36,21.74,44.61,38.14,0.6364000000000001,-8.25,False,True,Barra do Rocha,BA,2,Crítico
2903201,BA,Nordeste,Municipal,566,41.75,36.93,44.47,37.98,0.5825,-2.72,False,True,Barreiras,BA,2,Crítico
2903235,BA,Nordeste,Municipal,41,33.92,39.02,31.51,24.29,0.6608,2.41,False,False,Barro Alto,BA,2,Crítico
2903276,BA,Nordeste,Municipal,32,40.99,43.75,48.11,42.09,0.5901,-7.12,False,True,Barrocas,BA,2,Crítico
2903300,BA,Nordeste,Municipal,28,40.55,28.57,45.64,39.3,0.5945,-5.09,False,True,Barro Preto,BA,2,Crítico
2903409,BA,Nordeste,Municipal,47,34.46,31.91,42.49,35.8,0.6554,-8.03,False,True,Belmonte,BA,2,Crítico
2903508,BA,Nordeste,Municipal,40,42.97,47.5,52.89,47.6,0.5703,-9.92,False,True,Belo Campo,BA,2,Crítico
2903706,BA,Nordeste,Municipal,56,41.23,48.21,49.97,44.21,0.5877000000000001,-8.74,False,True,Boa Nova,BA,2,Crítico
2903805,BA,Nordeste,Municipal,51,33.64,33.33,40.29,33.4,0.6636,-6.65,False,True,Boa Vista do Tupim,BA,2,Crítico
2903904,BA,Nordeste,Municipal,219,34.24,38.36,40.73,33.88,0.6576,-6.49,False,True,Bom Jesus da Lapa,BA,2,Crítico
2903953,BA,Nordeste,Municipal,23,34.74,30.43,47.9,41.84,0.6526,-13.16,False,True,Bom Jesus da Serra,BA,2,Crítico
2904001,BA,Nordeste,Municipal,32,43.36,37.5,50.69,45.05,0.5664,-7.33,False,True,Boninal,BA,2,Crítico
2904050,BA,Nordeste,Municipal,47,34.58,38.3,46.43,40.18,0.6542,-11.85,False,True,Bonito,BA,2,Crítico
2904100,BA,Nordeste,Municipal,38,34.77,23.68,45.8,39.44,0.6523,-11.03,False,True,Boquira,BA,2,Crítico
2904308,BA,Nordeste,Municipal,50,43.78,50.0,57.86,53.47,0.5622,-14.08,False,True,Brejões,BA,0,Atenção
2904407,BA,Nordeste,Municipal,28,36.84,35.71,47.23,41.09,0.6315999999999999,-10.39,False,True,Brejolândia,BA,2,Crítico
2904506,BA,Nordeste,Municipal,30,48.89,66.67,,43.69,0.5111,,True,False,Brotas de Macaúbas,BA,0,Atenção
2904605,BA,Nordeste,Municipal,177,43.13,47.46,57.7,53.28,0.5687,-14.57,False,True,Brumado,BA,0,Atenção
2904704,BA,Nordeste,Municipal,33,28.02,36.36,31.49,24.27,0.7198,-3.47,False,True,Buerarema,BA,2,Crítico
2904852,BA,Nordeste,Municipal,38,30.69,21.05,,28.04,0.6931,,True,False,Cabaceiras do Paraguaçu,BA,2,Crítico
2904902,BA,Nordeste,Municipal,74,32.96,32.43,32.07,24.85,0.6704,0.89,False,False,Cachoeira,BA,2,Crítico
2905008,BA,Nordeste,Municipal,71,47.57,49.3,56.48,51.82,0.5243,-8.91,False,True,Caculé,BA,0,Atenção
2905107,BA,Nordeste,Municipal,27,34.44,48.15,42.1,35.39,0.6556,-7.66,False,True,Caém,BA,2,Crítico
2905206,BA,Nordeste,Municipal,148,45.0,38.51,54.21,49.15,0.55,-9.21,False,True,Caetité,BA,0,Atenção
2905305,BA,Nordeste,Municipal,52,29.2,28.85,28.79,21.63,0.708,0.41,False,False,Cafarnaum,BA,2,Crítico
2905404,BA,Nordeste,Municipal,100,36.55,31.0,43.5,36.9,0.6345000000000001,-6.95,False,True,Cairu,BA,2,Crítico
2905503,BA,Nordeste,Municipal,50,31.45,32.0,28.45,21.3,0.6855,3.0,False,False,Caldeirão Grande,BA,2,Crítico
2905602,BA,Nordeste,Municipal,61,34.71,24.59,40.84,34.0,0.6529,-6.13,False,True,Camacan,BA,2,Crítico
2905701,BA,Nordeste,Municipal,805,33.02,37.14,40.43,33.55,0.6698,-7.41,False,True,Camaçari,BA,2,Crítico
2905800,BA,Nordeste,Municipal,79,30.16,26.58,33.17,25.95,0.6984,-3.01,False,True,Camamu,BA,2,Crítico
2905909,BA,Nordeste,Municipal,66,36.3,28.79,43.29,37.14,0.637,-6.99,False,True,Campo Alegre de Lourdes,BA,2,Crítico
2906006,BA,Nordeste,Municipal,184,36.63,34.24,43.38,36.77,0.6336999999999999,-6.75,False,True,Campo Formoso,BA,2,Crítico
2906105,BA,Nordeste,Municipal,23,36.7,26.09,43.85,37.28,0.633,-7.15,False,True,Canápolis,BA,2,Crítico
2906204,BA,Nordeste,Municipal,77,31.01,38.96,36.34,29.21,0.6899,-5.33,False,True,Canarana,BA,2,Crítico
2906303,BA,Nordeste,Municipal,83,30.07,33.73,36.12,28.98,0.6993,-6.05,False,True,Canavieiras,BA,2,Crítico
2906402,BA,Nordeste,Municipal,20,36.33,25.0,37.97,30.92,0.6367,-1.64,False,True,Candeal,BA,2,Crítico
2906501,BA,Nordeste,Municipal,154,33.91,33.12,39.6,32.65,0.6609,-5.69,False,True,Candeias,BA,2,Crítico
2906600,BA,Nordeste,Municipal,44,45.06,45.45,52.13,46.72,0.5494,-7.07,False,True,Candiba,BA,2,Crítico
2906709,BA,Nordeste,Municipal,59,39.89,30.51,44.57,38.12,0.6011,-4.68,False,True,Cândido Sales,BA,2,Crítico
2906808,BA,Nordeste,Municipal,110,32.95,24.55,36.8,29.7,0.6705,-3.85,False,True,Cansanção,BA,2,Crítico
2906824,BA,Nordeste,Municipal,52,27.37,32.69,25.86,18.85,0.7263,1.51,False,False,Canudos,BA,2,Crítico
2906857,BA,Nordeste,Municipal,20,32.92,60.0,42.56,35.88,0.6708000000000001,-9.64,False,True,Capela do Alto Alegre,BA,2,Crítico
2906873,BA,Nordeste,Municipal,84,32.18,34.52,33.41,26.19,0.6782,-1.23,False,True,Capim Grosso,BA,2,Crítico
2906899,BA,Nordeste,Municipal,20,44.64,40.0,52.02,46.59,0.5536,-7.38,False,True,Caraíbas,BA,2,Crítico
2906907,BA,Nordeste,Municipal,75,39.38,42.67,47.08,40.9,0.6062,-7.7,False,True,Caravelas,BA,2,Crítico
2907004,BA,Nordeste,Municipal,46,32.51,39.13,33.87,26.67,0.6749,-1.36,False,True,Cardeal da Silva,BA,2,Crítico
2907103,BA,Nordeste,Municipal,101,32.75,33.66,35.7,28.56,0.6725,-2.95,False,True,Carinhanha,BA,2,Crítico
2907202,BA,Nordeste,Municipal,149,25.52,24.16,19.44,13.13,0.7448,6.08,False,False,Casa Nova,BA,2,Crítico
2907301,BA,Nordeste,Municipal,67,40.91,22.39,49.79,44.01,0.5909,-8.88,False,True,Castro Alves,BA,2,Crítico
2907509,BA,Nordeste,Municipal,68,39.69,35.29,49.32,43.47,0.6031,-9.63,False,True,Catu,BA,2,Crítico
2907558,BA,Nordeste,Municipal,20,44.85,65.0,52.31,46.92,0.5515,-7.46,False,True,Caturama,BA,2,Crítico
2907608,BA,Nordeste,Municipal,23,31.5,39.13,37.9,30.83,0.685,-6.4,False,True,Central,BA,2,Crítico
2907707,BA,Nordeste,Municipal,39,33.01,38.46,41.36,34.56,0.6698999999999999,-8.35,False,True,Chorrochó,BA,2,Crítico
2907806,BA,Nordeste,Municipal,62,29.63,35.48,37.98,30.93,0.7037,-8.35,False,True,Cícero Dantas,BA,2,Crítico
2907905,BA,Nordeste,Municipal,62,30.21,29.03,35.07,27.9,0.6979,-4.86,False,True,Cipó,BA,2,Crítico
2908002,BA,Nordeste,Municipal,37,38.98,37.84,43.8,37.24,0.6102000000000001,-4.82,False,True,Coaraci,BA,2,Crítico
2908101,BA,Nordeste,Municipal,68,44.23,52.94,53.76,48.61,0.5577000000000001,-9.53,False,True,Cocos,BA,0,Atenção
2908200,BA,Nordeste,Municipal,43,37.5,37.21,38.68,31.67,0.625,-1.18,False,True,Conceição da Feira,BA,2,Crítico
2908408,BA,Nordeste,Municipal,153,30.73,31.37,35.73,28.58,0.6927,-5.0,False,True,Conceição do Coité,BA,2,Crítico
2908507,BA,Nordeste,Municipal,81,35.51,43.21,41.12,34.3,0.6449,-5.61,False,True,Conceição do Jacuípe,BA,2,Crítico
2908606,BA,Nordeste,Municipal,63,39.79,30.16,46.79,40.59,0.6021000000000001,-7.0,False,True,Conde,BA,2,Crítico
2908903,BA,Nordeste,Municipal,45,32.99,11.11,37.99,30.97,0.6700999999999999,-5.0,False,True,Coração de Maria,BA,2,Crítico
2909109,BA,Nordeste,Municipal,50,43.04,40.0,52.66,47.32,0.5696,-9.62,False,True,Coribe,BA,2,Crítico
2909208,BA,Nordeste,Municipal,39,32.17,35.9,35.85,28.71,0.6782999999999999,-3.68,False,True,Coronel João Sá,BA,2,Crítico
2909307,BA,Nordeste,Municipal,73,36.96,31.51,43.32,36.71,0.6304000000000001,-6.36,False,True,Correntina,BA,2,Crítico
2909406,BA,Nordeste,Municipal,38,39.61,36.84,46.95,40.76,0.6039,-7.34,False,True,Cotegipe,BA,2,Crítico
2909505,BA,Nordeste,Municipal,21,53.07,23.81,61.09,57.33,0.46930000000000005,-8.02,False,True,Cravolândia,BA,0,Atenção
2909604,BA,Nordeste,Municipal,54,47.57,37.04,55.2,50.3,0.5243,-7.63,False,True,Crisópolis,BA,0,Atenção
2909703,BA,Nordeste,Municipal,41,41.54,46.34,50.23,44.52,0.5846,-8.69,False,True,Cristópolis,BA,2,Crítico
2909802,BA,Nordeste,Municipal,158,32.87,34.81,41.43,34.63,0.6713,-8.56,False,True,Cruz das Almas,BA,2,Crítico
2909901,BA,Nordeste,Municipal,155,28.83,21.94,36.77,29.68,0.7117,-7.94,False,True,Curaçá,BA,2,Crítico
2910008,BA,Nordeste,Municipal,38,34.45,42.11,44.31,37.79,0.6555,-9.86,False,True,Dário Meira,BA,2,Crítico
2910057,BA,Nordeste,Municipal,185,36.58,29.73,42.22,35.5,0.6342000000000001,-5.64,False,True,Dias d'Ávila,BA,2,Crítico
2910107,BA,Nordeste,Municipal,39,45.99,41.03,53.52,48.34,0.5401,-7.53,False,True,Dom Basílio,BA,0,Atenção
2910404,BA,Nordeste,Municipal,48,41.27,35.42,47.92,41.86,0.5872999999999999,-6.65,False,True,Encruzilhada,BA,2,Crítico
2910503,BA,Nordeste,Municipal,80,26.78,27.5,,19.56,0.7322,,True,False,Entre Rios,BA,2,Crítico
2910602,BA,Nordeste,Municipal,143,30.66,22.38,26.95,19.87,0.6934,3.71,False,False,Esplanada,BA,2,Crítico
2910701,BA,Nordeste,Municipal,140,33.57,27.14,39.98,33.07,0.6643,-6.41,False,True,Euclides da Cunha,BA,2,Crítico
2910727,BA,Nordeste,Municipal,257,35.75,39.69,41.41,34.62,0.6425000000000001,-5.66,False,True,Eunápolis,BA,2,Crítico
2910750,BA,Nordeste,Municipal,31,36.73,58.06,48.48,42.51,0.6327,-11.75,False,True,Fátima,BA,2,Crítico
2910776,BA,Nordeste,Municipal,24,48.69,45.83,59.76,55.73,0.5131,-11.07,False,True,Feira da Mata,BA,0,Atenção
2910800,BA,Nordeste,Municipal,1153,32.18,32.7,38.95,31.95,0.6782,-6.77,False,True,Feira de Santana,BA,2,Crítico
2910859,BA,Nordeste,Municipal,46,29.27,39.13,25.25,18.27,0.7073,4.02,False,False,Filadélfia,BA,2,Crítico
2911006,BA,Nordeste,Municipal,27,30.94,29.63,21.74,15.12,0.6906,9.2,False,False,Floresta Azul,BA,2,Crítico
2911105,BA,Nordeste,Municipal,78,30.57,28.21,26.73,19.65,0.6942999999999999,3.84,False,False,Formosa do Rio Preto,BA,2,Crítico
2911204,BA,Nordeste,Municipal,70,32.51,48.57,40.16,33.26,0.6749,-7.65,False,True,Gandu,BA,2,Crítico
2911303,BA,Nordeste,Municipal,29,43.53,51.72,50.71,45.07,0.5647,-7.18,False,True,Gentio do Ouro,BA,2,Crítico
2911402,BA,Nordeste,Municipal,24,35.94,20.83,42.59,35.89,0.6406000000000001,-6.65,False,True,Glória,BA,2,Crítico
2911501,BA,Nordeste,Municipal,20,28.79,45.0,34.92,27.74,0.7121,-6.13,False,True,Gongogi,BA,2,Crítico
2911600,BA,Nordeste,Municipal,62,36.29,30.65,43.51,36.9,0.6371,-7.22,False,True,Governador Mangabeira,BA,2,Crítico
2911659,BA,Nordeste,Municipal,31,34.42,38.71,36.33,29.19,0.6557999999999999,-1.91,False,True,Guajeru,BA,2,Crítico
2911709,BA,Nordeste,Municipal,252,40.86,46.43,53.73,48.58,0.5913999999999999,-12.87,False,True,Guanambi,BA,2,Crítico
2911808,BA,Nordeste,Municipal,55,33.04,30.91,29.89,22.71,0.6696,3.15,False,False,Guaratinga,BA,2,Crítico
2911857,BA,Nordeste,Municipal,24,35.54,33.33,38.42,31.37,0.6446000000000001,-2.88,False,True,Heliópolis,BA,2,Crítico
2911907,BA,Nordeste,Municipal,93,29.44,23.66,30.13,22.93,0.7056,-0.69,False,True,Iaçu,BA,2,Crítico
2912004,BA,Nordeste,Municipal,25,57.2,36.0,67.46,65.01,0.42799999999999994,-10.26,False,True,Ibiassucê,BA,0,Atenção
2912103,BA,Nordeste,Municipal,47,35.08,36.17,,34.21,0.6492,,True,False,Ibicaraí,BA,2,Crítico
2912202,BA,Nordeste,Municipal,84,31.1,36.9,35.04,27.86,0.6890000000000001,-3.94,False,True,Ibicoara,BA,2,Crítico
2912301,BA,Nordeste,Municipal,26,52.8,53.85,62.43,58.94,0.472,-9.63,False,True,Ibicuí,BA,0,Atenção
2912400,BA,Nordeste,Municipal,52,34.28,36.54,36.9,29.79,0.6572,-2.62,False,True,Ibipeba,BA,2,Crítico
2912509,BA,Nordeste,Municipal,26,41.49,50.0,49.93,44.15,0.5851,-8.44,False,True,Ibipitanga,BA,2,Crítico
2912707,BA,Nordeste,Municipal,67,34.24,31.34,38.26,31.22,0.6576,-4.02,False,True,Ibirapitanga,BA,2,Crítico
2912806,BA,Nordeste,Municipal,52,53.41,40.38,63.71,60.48,0.4659,-10.3,False,True,Ibirapuã,BA,0,Atenção
2912905,BA,Nordeste,Municipal,61,33.44,34.43,39.72,32.79,0.6656,-6.28,False,True,Ibirataia,BA,2,Crítico
2913002,BA,Nordeste,Municipal,27,49.78,44.44,65.11,62.17,0.5022,-15.33,False,True,Ibitiara,BA,0,Atenção
2913101,BA,Nordeste,Municipal,34,33.21,26.47,33.31,26.11,0.6678999999999999,-0.1,False,True,Ibititá,BA,2,Crítico
2913200,BA,Nordeste,Municipal,96,40.07,35.42,48.37,42.37,0.5992999999999999,-8.3,False,True,Ibotirama,BA,2,Crítico
2913408,BA,Nordeste,Municipal,34,51.81,55.88,60.96,57.16,0.4819,-9.15,False,True,Igaporã,BA,0,Atenção
2913457,BA,Nordeste,Municipal,20,31.8,35.0,37.38,30.3,0.6819999999999999,-5.58,False,True,Igrapiúna,BA,2,Crítico
2913507,BA,Nordeste,Municipal,37,43.16,29.73,54.55,49.55,0.5684,-11.39,False,True,Iguaí,BA,0,Atenção
2913606,BA,Nordeste,Municipal,444,34.28,24.55,39.22,32.24,0.6572,-4.94,False,True,Ilhéus,BA,2,Crítico
2913705,BA,Nordeste,Municipal,76,31.21,28.95,36.61,29.48,0.6879,-5.4,False,True,Inhambupe,BA,2,Crítico
2913804,BA,Nordeste,Municipal,25,39.15,48.0,41.61,34.82,0.6085,-2.46,False,True,Ipecaetá,BA,2,Crítico
2913903,BA,Nordeste,Municipal,95,35.58,20.0,40.51,33.64,0.6442,-4.93,False,True,Ipiaú,BA,2,Crítico
2914000,BA,Nordeste,Municipal,140,31.87,37.86,37.07,29.98,0.6813,-5.2,False,True,Ipirá,BA,2,Crítico
2914109,BA,Nordeste,Municipal,21,55.15,71.43,68.9,66.76,0.4485,-13.75,False,True,Ipupiara,BA,0,Atenção
2914406,BA,Nordeste,Municipal,88,40.97,45.45,45.26,38.86,0.5903,-4.29,False,True,Iraquara,BA,2,Crítico
2914505,BA,Nordeste,Municipal,28,34.09,35.71,,33.58,0.6591,,True,False,Irará,BA,2,Crítico
2914604,BA,Nordeste,Municipal,213,38.23,46.95,48.05,42.02,0.6177,-9.82,False,True,Irecê,BA,2,Crítico
2914653,BA,Nordeste,Municipal,95,32.36,26.32,38.14,31.1,0.6764,-5.78,False,True,Itabela,BA,2,Crítico
2914703,BA,Nordeste,Municipal,109,36.44,31.19,48.23,42.21,0.6355999999999999,-11.79,False,True,Itaberaba,BA,2,Crítico
2914802,BA,Nordeste,Municipal,299,34.61,26.76,38.61,31.6,0.6538999999999999,-4.0,False,True,Itabuna,BA,2,Crítico
2914901,BA,Nordeste,Municipal,74,34.62,29.73,39.28,32.32,0.6538,-4.66,False,True,Itacaré,BA,2,Crítico
2915007,BA,Nordeste,Municipal,39,36.61,35.9,47.43,41.3,0.6339,-10.82,False,True,Itaeté,BA,2,Crítico
2915106,BA,Nordeste,Municipal,42,37.78,26.19,44.26,37.75,0.6222,-6.48,False,True,Itagi,BA,2,Crítico
2915205,BA,Nordeste,Municipal,67,36.53,49.25,43.51,36.91,0.6347,-6.98,False,True,Itagibá,BA,2,Crítico
2915353,BA,Nordeste,Municipal,39,29.83,28.21,28.02,20.88,0.7017,1.81,False,False,Itaguaçu da Bahia,BA,2,Crítico
2915403,BA,Nordeste,Municipal,23,29.48,17.39,27.27,20.17,0.7052,2.21,False,False,Itaju do Colônia,BA,2,Crítico
2915502,BA,Nordeste,Municipal,32,35.18,28.12,41.18,34.37,0.6482,-6.0,False,True,Itajuípe,BA,2,Crítico
2915601,BA,Nordeste,Municipal,166,44.43,36.14,49.84,44.07,0.5557000000000001,-5.41,False,True,Itamaraju,BA,2,Crítico
2915809,BA,Nordeste,Municipal,92,27.66,28.26,29.39,22.21,0.7234,-1.73,False,True,Itambé,BA,2,Crítico
2916104,BA,Nordeste,Municipal,75,38.23,30.67,44.71,38.25,0.6177,-6.48,False,True,Itaparica,BA,2,Crítico
2916302,BA,Nordeste,Municipal,21,29.49,19.05,21.57,14.97,0.7051000000000001,7.92,False,False,Itapebi,BA,2,Crítico
2916401,BA,Nordeste,Municipal,165,37.15,36.97,45.94,39.63,0.6285000000000001,-8.79,False,True,Itapetinga,BA,2,Crítico
2916500,BA,Nordeste,Municipal,110,29.26,51.82,35.25,28.08,0.7074,-5.99,False,True,Itapicuru,BA,2,Crítico
2916609,BA,Nordeste,Municipal,20,31.25,25.0,38.06,31.02,0.6875,-6.81,False,True,Itapitanga,BA,2,Crítico
2916708,BA,Nordeste,Municipal,26,36.79,34.62,41.17,34.36,0.6321,-4.38,False,True,Itaquara,BA,2,Crítico
2916807,BA,Nordeste,Municipal,28,37.44,42.86,44.64,38.17,0.6256,-7.2,False,True,Itarantim,BA,2,Crítico
2916856,BA,Nordeste,Municipal,53,41.63,62.26,56.29,51.59,0.5837,-14.66,False,True,Itatim,BA,0,Atenção
2916906,BA,Nordeste,Municipal,21,35.1,19.05,39.79,32.86,0.649,-4.69,False,True,Itiruçu,BA,2,Crítico
2917003,BA,Nordeste,Municipal,62,30.93,14.52,34.97,27.79,0.6907,-4.04,False,True,Itiúba,BA,2,Crítico
2917102,BA,Nordeste,Municipal,32,41.89,31.25,52.72,47.4,0.5811,-10.83,False,True,Itororó,BA,2,Crítico
2917201,BA,Nordeste,Municipal,77,48.68,42.86,61.25,57.52,0.5132,-12.57,False,True,Ituaçu,BA,0,Atenção
2917300,BA,Nordeste,Municipal,41,41.89,26.83,49.86,44.09,0.5811,-7.97,False,True,Ituberá,BA,2,Crítico
2917334,BA,Nordeste,Municipal,28,49.23,28.57,54.11,49.01,0.5077,-4.88,False,True,Iuiú,BA,0,Atenção
2917359,BA,Nordeste,Municipal,29,39.88,55.17,47.06,40.91,0.6012,-7.18,False,True,Jaborandi,BA,2,Crítico
2917409,BA,Nordeste,Municipal,35,55.07,62.86,66.43,63.76,0.44930000000000003,-11.36,False,True,Jacaraci,BA,0,Atenção
2917508,BA,Nordeste,Municipal,175,31.76,30.29,37.79,30.73,0.6824,-6.03,False,True,Jacobina,BA,2,Crítico
2917607,BA,Nordeste,Municipal,161,40.81,59.01,51.78,46.31,0.5919,-10.97,False,True,Jaguaquara,BA,2,Crítico
2917706,BA,Nordeste,Municipal,74,32.63,37.84,37.63,30.57,0.6737,-5.0,False,True,Jaguarari,BA,2,Crítico
2917805,BA,Nordeste,Municipal,48,31.11,45.83,33.07,25.85,0.6889000000000001,-1.96,False,True,Jaguaripe,BA,2,Crítico
2917904,BA,Nordeste,Municipal,31,45.24,32.26,55.37,50.5,0.5476,-10.13,False,True,Jandaíra,BA,0,Atenção
2918001,BA,Nordeste,Municipal,313,36.74,36.1,44.37,37.87,0.6326,-7.63,False,True,Jequié,BA,2,Crítico
2918100,BA,Nordeste,Municipal,50,28.73,34.0,34.24,27.04,0.7127,-5.51,False,True,Jeremoabo,BA,2,Crítico
2918308,BA,Nordeste,Municipal,32,31.19,37.5,31.37,24.15,0.6880999999999999,-0.18,False,True,Jitaúna,BA,2,Crítico
2918357,BA,Nordeste,Municipal,81,38.43,54.32,41.43,34.63,0.6157,-3.0,False,True,João Dourado,BA,2,Crítico
2918407,BA,Nordeste,Municipal,797,32.92,28.98,38.21,31.18,0.6708000000000001,-5.29,False,True,Juazeiro,BA,2,Crítico
2918506,BA,Nordeste,Municipal,37,30.84,51.35,30.4,23.19,0.6916,0.44,False,False,Jussara,BA,2,Crítico
2918803,BA,Nordeste,Municipal,46,43.41,45.65,52.04,46.6,0.5659000000000001,-8.63,False,True,Laje,BA,2,Crítico
2919157,BA,Nordeste,Municipal,96,30.51,26.04,32.3,25.07,0.6949,-1.79,False,True,Lapão,BA,2,Crítico
2919207,BA,Nordeste,Municipal,399,31.44,30.08,36.74,29.63,0.6856,-5.3,False,True,Lauro de Freitas,BA,2,Crítico
2919306,BA,Nordeste,Municipal,24,35.7,37.5,42.83,36.17,0.643,-7.13,False,True,Lençóis,BA,2,Crítico
2919405,BA,Nordeste,Municipal,29,67.24,65.52,75.76,75.01,0.3276,-8.52,False,True,Licínio de Almeida,BA,0,Atenção
2919504,BA,Nordeste,Municipal,140,36.03,39.29,44.87,38.42,0.6396999999999999,-8.84,False,True,Livramento de Nossa Senhora,BA,2,Crítico
2919553,BA,Nordeste,Municipal,428,32.43,35.75,36.53,29.41,0.6757,-4.1,False,True,Luís Eduardo Magalhães,BA,2,Crítico
2919603,BA,Nordeste,Municipal,43,24.31,30.23,25.55,18.56,0.7569,-1.24,False,True,Macajuba,BA,2,Crítico
2919702,BA,Nordeste,Municipal,33,44.38,36.36,54.13,49.05,0.5562,-9.75,False,True,Macarani,BA,0,Atenção
2919801,BA,Nordeste,Municipal,95,40.11,31.58,49.35,43.5,0.5989,-9.24,False,True,Macaúbas,BA,2,Crítico
2919926,BA,Nordeste,Municipal,59,41.46,22.03,46.9,40.71,0.5853999999999999,-5.44,False,True,Madre de Deus,BA,2,Crítico
2920007,BA,Nordeste,Municipal,27,36.92,29.63,36.93,29.82,0.6308,-0.01,False,True,Maiquinique,BA,2,Crítico
2920106,BA,Nordeste,Municipal,25,38.91,16.0,46.99,40.82,0.6109,-8.08,False,True,Mairi,BA,2,Crítico
2920205,BA,Nordeste,Municipal,58,31.95,36.21,32.45,25.24,0.6805,-0.5,False,True,Malhada,BA,2,Crítico
2920304,BA,Nordeste,Municipal,21,61.23,61.9,71.89,70.35,0.38770000000000004,-10.66,False,True,Malhada de Pedras,BA,0,Atenção
2920403,BA,Nordeste,Municipal,36,32.7,25.0,45.86,39.53,0.673,-13.16,False,True,Manoel Vitorino,BA,2,Crítico
2920502,BA,Nordeste,Municipal,61,49.41,49.18,57.02,52.46,0.5059,-7.61,False,True,Maracás,BA,0,Atenção
2920601,BA,Nordeste,Municipal,55,43.14,61.82,52.74,47.44,0.5686,-9.6,False,True,Maragogipe,BA,2,Crítico
2920809,BA,Nordeste,Municipal,28,27.11,17.86,28.29,21.15,0.7289,-1.18,False,True,Marcionílio Souza,BA,2,Crítico
2920908,BA,Nordeste,Municipal,30,30.55,33.33,29.51,22.32,0.6945,1.04,False,False,Mascote,BA,2,Crítico
2921005,BA,Nordeste,Municipal,237,43.46,59.07,58.32,54.01,0.5654,-14.86,False,True,Mata de São João,BA,0,Atenção
2921054,BA,Nordeste,Municipal,39,43.97,46.15,47.77,41.69,0.5603,-3.8,False,True,Matina,BA,2,Crítico
2921104,BA,Nordeste,Municipal,79,44.97,45.57,56.17,51.46,0.5503,-11.2,False,True,Medeiros Neto,BA,0,Atenção
2921203,BA,Nordeste,Municipal,51,41.64,37.25,53.06,47.8,0.5836,-11.42,False,True,Miguel Calmon,BA,2,Crítico
2921302,BA,Nordeste,Municipal,25,36.04,52.0,40.72,33.87,0.6396,-4.68,False,True,Milagres,BA,2,Crítico
2921401,BA,Nordeste,Municipal,39,37.4,17.95,40.59,33.72,0.626,-3.19,False,True,Mirangaba,BA,2,Crítico
2921450,BA,Nordeste,Municipal,32,43.97,28.12,56.77,52.17,0.5603,-12.8,False,True,Mirante,BA,0,Atenção
2921500,BA,Nordeste,Municipal,78,32.1,28.21,37.95,30.89,0.679,-5.85,False,True,Monte Santo,BA,2,Crítico
2921609,BA,Nordeste,Municipal,25,37.06,28.0,38.78,31.78,0.6294,-1.72,False,True,Morpará,BA,2,Crítico
2921708,BA,Nordeste,Municipal,64,34.96,29.69,42.87,36.2,0.6504,-7.91,False,True,Morro do Chapéu,BA,2,Crítico
2921807,BA,Nordeste,Municipal,31,60.5,58.06,70.74,68.97,0.395,-10.24,False,True,Mortugaba,BA,0,Atenção
2921906,BA,Nordeste,Municipal,23,41.91,43.48,47.73,41.63,0.5809,-5.82,False,True,Mucugê,BA,2,Crítico
2922003,BA,Nordeste,Municipal,108,48.15,46.3,54.16,49.09,0.5185,-6.01,False,True,Mucuri,BA,0,Atenção
2922052,BA,Nordeste,Municipal,43,29.29,30.23,29.66,22.46,0.7071000000000001,-0.37,False,True,Mulungu do Morro,BA,2,Crítico
2922102,BA,Nordeste,Municipal,33,30.5,39.39,33.82,26.6,0.6950000000000001,-3.32,False,True,Mundo Novo,BA,2,Crítico
2922201,BA,Nordeste,Municipal,21,43.11,47.62,51.44,45.91,0.5689,-8.33,False,True,Muniz Ferreira,BA,2,Crítico
2922250,BA,Nordeste,Municipal,40,34.53,25.0,38.02,30.96,0.6547000000000001,-3.49,False,True,Muquém de São Francisco,BA,2,Crítico
2922300,BA,Nordeste,Municipal,52,29.53,46.15,30.55,23.35,0.7047,-1.02,False,True,Muritiba,BA,2,Crítico
2922409,BA,Nordeste,Municipal,53,53.65,62.26,61.96,58.37,0.4635,-8.31,False,True,Mutuípe,BA,0,Atenção
2922607,BA,Nordeste,Municipal,26,35.47,53.85,42.73,36.05,0.6453,-7.26,False,True,Nilo Peçanha,BA,2,Crítico
2922656,BA,Nordeste,Municipal,58,32.95,29.31,38.28,31.25,0.6705,-5.33,False,True,Nordestina,BA,2,Crítico
2922805,BA,Nordeste,Municipal,30,35.62,26.67,39.89,32.96,0.6438,-4.27,False,True,Nova Itarana,BA,2,Crítico
2922904,BA,Nordeste,Municipal,68,31.32,29.41,29.32,22.14,0.6868000000000001,2.0,False,False,Nova Soure,BA,2,Crítico
2923001,BA,Nordeste,Municipal,151,52.59,39.07,60.29,56.37,0.47409999999999997,-7.7,False,True,Nova Viçosa,BA,0,Atenção
2923035,BA,Nordeste,Municipal,25,56.11,72.0,63.79,60.6,0.43889999999999996,-7.68,False,True,Novo Horizonte,BA,0,Atenção
2923050,BA,Nordeste,Municipal,20,32.85,35.0,28.92,21.76,0.6715,3.93,False,False,Novo Triunfo,BA,2,Crítico
2923100,BA,Nordeste,Municipal,65,34.39,18.46,41.3,34.5,0.6561,-6.91,False,True,Olindina,BA,2,Crítico
2923209,BA,Nordeste,Municipal,60,35.72,31.67,44.58,38.11,0.6428,-8.86,False,True,Oliveira dos Brejinhos,BA,2,Crítico
2923308,BA,Nordeste,Municipal,30,38.42,60.0,42.62,35.93,0.6157999999999999,-4.2,False,True,Ouriçangas,BA,2,Crítico
2923357,BA,Nordeste,Municipal,42,29.73,21.43,29.85,22.65,0.7027,-0.12,False,True,Ourolândia,BA,2,Crítico
2923407,BA,Nordeste,Municipal,53,42.01,32.08,51.09,45.51,0.5799000000000001,-9.08,False,True,Palmas de Monte Alto,BA,2,Crítico
2923506,BA,Nordeste,Municipal,31,45.23,41.94,49.55,43.72,0.5477000000000001,-4.32,False,True,Palmeiras,BA,2,Crítico
2923605,BA,Nordeste,Municipal,48,39.78,41.67,52.28,46.89,0.6022000000000001,-12.5,False,True,Paramirim,BA,2,Crítico
2923704,BA,Nordeste,Municipal,64,28.41,20.31,28.27,21.13,0.7159,0.14,False,False,Paratinga,BA,2,Crítico
2923803,BA,Nordeste,Municipal,61,48.15,40.98,56.5,51.84,0.5185,-8.35,False,True,Paripiranga,BA,0,Atenção
2923902,BA,Nordeste,Municipal,37,47.11,37.84,50.35,44.65,0.5288999999999999,-3.24,False,True,Pau Brasil,BA,2,Crítico
2924009,BA,Nordeste,Municipal,306,25.67,33.33,32.01,24.78,0.7433,-6.34,False,True,Paulo Afonso,BA,2,Crítico
2924207,BA,Nordeste,Municipal,41,33.54,21.95,36.27,29.14,0.6646000000000001,-2.73,False,True,Pedro Alexandre,BA,2,Crítico
2924306,BA,Nordeste,Municipal,55,38.96,47.27,48.21,42.18,0.6104,-9.25,False,True,Piatã,BA,2,Crítico
2924405,BA,Nordeste,Municipal,128,32.06,25.0,31.12,23.9,0.6794,0.94,False,False,Pilão Arcado,BA,2,Crítico
2924504,BA,Nordeste,Municipal,37,64.98,37.84,72.46,71.03,0.35019999999999996,-7.48,False,True,Pindaí,BA,0,Atenção
2924603,BA,Nordeste,Municipal,77,34.0,40.26,41.0,34.16,0.6599999999999999,-7.0,False,True,Pindobaçu,BA,2,Crítico
2924652,BA,Nordeste,Municipal,27,45.82,48.15,50.59,44.93,0.5418000000000001,-4.77,False,True,Pintadas,BA,2,Crítico
2924801,BA,Nordeste,Municipal,41,45.34,46.34,48.97,43.05,0.5466,-3.63,False,True,Piritiba,BA,2,Crítico
2925006,BA,Nordeste,Municipal,41,33.92,26.83,46.35,40.09,0.6608,-12.43,False,True,Planalto,BA,2,Crítico
2925105,BA,Nordeste,Municipal,135,38.42,48.15,49.79,44.0,0.6157999999999999,-11.37,False,True,Poções,BA,2,Crítico
2925204,BA,Nordeste,Municipal,83,49.56,57.83,63.76,60.54,0.5044,-14.2,False,True,Pojuca,BA,0,Atenção
2925253,BA,Nordeste,Municipal,59,29.55,37.29,30.38,23.18,0.7045,-0.83,False,True,Ponto Novo,BA,2,Crítico
2925303,BA,Nordeste,Municipal,672,39.65,47.32,52.13,46.71,0.6035,-12.48,False,True,Porto Seguro,BA,2,Crítico
2925402,BA,Nordeste,Municipal,24,31.52,25.0,35.06,27.88,0.6848000000000001,-3.54,False,True,Potiraguá,BA,2,Crítico
2925501,BA,Nordeste,Municipal,110,35.22,26.36,41.65,34.88,0.6477999999999999,-6.43,False,True,Prado,BA,2,Crítico
2925600,BA,Nordeste,Municipal,41,29.76,17.07,28.43,21.28,0.7023999999999999,1.33,False,False,Presidente Dutra,BA,2,Crítico
2925709,BA,Nordeste,Municipal,32,33.02,34.38,37.48,30.4,0.6698,-4.46,False,True,Presidente Jânio Quadros,BA,2,Crítico
2925808,BA,Nordeste,Municipal,55,32.77,30.91,34.54,27.35,0.6722999999999999,-1.77,False,True,Queimadas,BA,2,Crítico
2925907,BA,Nordeste,Municipal,47,35.61,38.3,44.9,38.46,0.6439,-9.29,False,True,Quijingue,BA,2,Crítico
2925956,BA,Nordeste,Municipal,56,44.25,35.71,53.58,48.42,0.5575,-9.33,False,True,Rafael Jambeiro,BA,0,Atenção
2926004,BA,Nordeste,Municipal,97,32.06,36.08,32.32,25.1,0.6794,-0.26,False,True,Remanso,BA,2,Crítico
2926103,BA,Nordeste,Municipal,41,29.78,17.07,25.46,18.49,0.7021999999999999,4.32,False,False,Retirolândia,BA,2,Crítico
2926301,BA,Nordeste,Municipal,58,33.56,32.76,44.85,38.41,0.6644,-11.29,False,True,Riachão do Jacuípe,BA,2,Crítico
2926400,BA,Nordeste,Municipal,52,40.29,51.92,48.17,42.15,0.5971,-7.88,False,True,Riacho de Santana,BA,2,Crítico
2926509,BA,Nordeste,Municipal,55,31.54,29.09,35.87,28.73,0.6846,-4.33,False,True,Ribeira do Amparo,BA,2,Crítico
2926608,BA,Nordeste,Municipal,151,33.02,37.75,41.2,34.38,0.6698,-8.18,False,True,Ribeira do Pombal,BA,2,Crítico
2926657,BA,Nordeste,Municipal,32,45.12,56.25,52.59,47.25,0.5488,-7.47,False,True,Ribeirão do Largo,BA,2,Crítico
2926707,BA,Nordeste,Municipal,41,41.93,63.41,55.31,50.46,0.5807,-13.38,False,True,Rio de Contas,BA,0,Atenção
2926806,BA,Nordeste,Municipal,27,52.8,44.44,65.42,62.53,0.472,-12.62,False,True,Rio do Antônio,BA,0,Atenção
2927002,BA,Nordeste,Municipal,90,39.5,25.56,47.13,40.97,0.605,-7.63,False,True,Rio Real,BA,2,Crítico
2927101,BA,Nordeste,Municipal,42,30.26,21.43,30.48,23.27,0.6974,-0.22,False,True,Rodelas,BA,2,Crítico
2927200,BA,Nordeste,Municipal,82,35.27,36.59,44.71,38.25,0.6473,-9.44,False,True,Ruy Barbosa,BA,2,Crítico
2927309,BA,Nordeste,Municipal,76,42.79,47.37,53.07,47.82,0.5721,-10.28,False,True,Salinas da Margarida,BA,2,Crítico
2927408,BA,Nordeste,Estadual,20,62.23,65.0,,65.36,0.37770000000000004,,True,False,Salvador,BA,0,Atenção
2927408,BA,Nordeste,Municipal,3974,35.67,36.74,45.52,39.16,0.6433,-9.85,False,True,Salvador,BA,2,Crítico
2927507,BA,Nordeste,Municipal,39,30.24,28.21,28.15,21.01,0.6976,2.09,False,False,Santa Bárbara,BA,2,Crítico
2927606,BA,Nordeste,Municipal,42,32.66,23.81,32.87,25.64,0.6734,-0.21,False,True,Santa Brígida,BA,2,Crítico
2927705,BA,Nordeste,Municipal,136,36.08,38.97,46.67,40.46,0.6392,-10.59,False,True,Santa Cruz Cabrália,BA,2,Crítico
2927804,BA,Nordeste,Municipal,21,49.41,52.38,50.76,45.13,0.5059,-1.35,False,True,Santa Cruz da Vitória,BA,2,Crítico
2927903,BA,Nordeste,Municipal,36,47.36,50.0,52.67,47.34,0.5264,-5.31,False,True,Santa Inês,BA,2,Crítico
2928000,BA,Nordeste,Municipal,69,32.15,28.99,32.3,25.08,0.6785,-0.15,False,True,Santaluz,BA,2,Crítico
2928059,BA,Nordeste,Municipal,31,31.43,32.26,40.34,33.46,0.6857,-8.91,False,True,Santa Luzia,BA,2,Crítico
2928109,BA,Nordeste,Municipal,80,33.55,30.0,39.29,32.33,0.6645000000000001,-5.74,False,True,Santa Maria da Vitória,BA,2,Crítico
2928208,BA,Nordeste,Municipal,70,31.84,45.71,37.01,29.92,0.6816,-5.17,False,True,Santana,BA,2,Crítico
2928406,BA,Nordeste,Municipal,93,40.3,36.56,52.33,46.95,0.597,-12.03,False,True,Santa Rita de Cássia,BA,2,Crítico
2928505,BA,Nordeste,Municipal,24,34.3,29.17,33.84,26.63,0.657,0.46,False,False,Santa Teresinha,BA,2,Crítico
2928604,BA,Nordeste,Municipal,136,40.76,41.91,49.62,43.81,0.5924,-8.86,False,True,Santo Amaro,BA,2,Crítico
2928703,BA,Nordeste,Municipal,150,34.5,40.0,40.35,33.37,0.655,-5.85,False,True,Santo Antônio de Jesus,BA,2,Crítico
2928802,BA,Nordeste,Municipal,179,32.75,35.75,39.59,32.64,0.6725,-6.84,False,True,Santo Estêvão,BA,2,Crítico
2928901,BA,Nordeste,Municipal,92,41.51,52.17,50.38,44.69,0.5849,-8.87,False,True,São Desidério,BA,2,Crítico
2929008,BA,Nordeste,Municipal,25,38.1,40.0,39.05,32.05,0.619,-0.95,False,True,São Félix,BA,2,Crítico
2929057,BA,Nordeste,Municipal,46,46.49,36.96,59.05,54.88,0.5350999999999999,-12.56,False,True,São Félix do Coribe,BA,0,Atenção
2929107,BA,Nordeste,Municipal,40,43.32,45.0,51.43,45.89,0.5668,-8.11,False,True,São Felipe,BA,2,Crítico
2929206,BA,Nordeste,Municipal,103,33.23,20.39,37.11,30.03,0.6677,-3.88,False,True,São Francisco do Conde,BA,2,Crítico
2929255,BA,Nordeste,Municipal,51,32.22,31.37,40.09,33.17,0.6778,-7.87,False,True,São Gabriel,BA,2,Crítico
2929305,BA,Nordeste,Municipal,74,36.92,20.27,43.04,36.39,0.6308,-6.12,False,True,São Gonçalo dos Campos,BA,2,Crítico
2929354,BA,Nordeste,Municipal,24,37.85,29.17,38.32,31.3,0.6214999999999999,-0.47,False,True,São José da Vitória,BA,2,Crítico
2929370,BA,Nordeste,Municipal,34,29.4,32.35,30.39,23.18,0.706,-0.99,False,True,São José do Jacuípe,BA,2,Crítico
2929404,BA,Nordeste,Municipal,20,31.0,45.0,35.91,28.74,0.69,-4.91,False,True,São Miguel das Matas,BA,2,Crítico
2929503,BA,Nordeste,Municipal,87,46.03,43.68,54.89,49.95,0.5397000000000001,-8.86,False,True,São Sebastião do Passé,BA,0,Atenção
2929602,BA,Nordeste,Municipal,39,54.23,69.23,60.68,56.84,0.4577,-6.45,False,True,Sapeaçu,BA,0,Atenção
2929701,BA,Nordeste,Municipal,26,31.07,26.92,22.02,15.36,0.6893,9.05,False,False,Sátiro Dias,BA,2,Crítico
2929750,BA,Nordeste,Municipal,20,39.68,65.0,49.07,43.16,0.6032,-9.39,False,True,Saubara,BA,2,Crítico
2929800,BA,Nordeste,Municipal,26,30.96,19.23,21.63,15.01,0.6904,9.33,False,False,Saúde,BA,2,Crítico
2929909,BA,Nordeste,Municipal,127,44.36,36.22,53.8,48.68,0.5564,-9.44,False,True,Seabra,BA,0,Atenção
2930105,BA,Nordeste,Municipal,157,28.02,18.47,27.01,19.93,0.7198,1.01,False,False,Senhor do Bonfim,BA,2,Crítico
2930154,BA,Nordeste,Municipal,158,32.19,27.22,42.83,36.17,0.6781,-10.64,False,True,Serra do Ramalho,BA,2,Crítico
2930204,BA,Nordeste,Municipal,134,32.53,22.39,33.62,26.41,0.6747,-1.09,False,True,Sento Sé,BA,2,Crítico
2930303,BA,Nordeste,Municipal,48,32.22,31.25,36.13,28.99,0.6778,-3.91,False,True,Serra Dourada,BA,2,Crítico
2930402,BA,Nordeste,Municipal,26,34.25,46.15,38.83,31.83,0.6575,-4.58,False,True,Serra Preta,BA,2,Crítico
2930501,BA,Nordeste,Municipal,177,31.92,14.69,32.42,25.19,0.6808,-0.5,False,True,Serrinha,BA,2,Crítico
2930600,BA,Nordeste,Municipal,47,32.89,27.66,39.77,32.84,0.6711,-6.88,False,True,Serrolândia,BA,2,Crítico
2930709,BA,Nordeste,Municipal,380,39.22,41.32,48.58,42.61,0.6078,-9.36,False,True,Simões Filho,BA,2,Crítico
2930766,BA,Nordeste,Municipal,23,44.3,39.13,49.83,44.06,0.557,-5.53,False,True,Sítio do Quinto,BA,2,Crítico
2930774,BA,Nordeste,Municipal,95,31.89,28.42,33.65,26.44,0.6811,-1.76,False,True,Sobradinho,BA,2,Crítico
2930808,BA,Nordeste,Municipal,45,33.34,46.67,32.71,25.49,0.6666,0.63,False,False,Souto Soares,BA,2,Crítico
2930907,BA,Nordeste,Municipal,34,36.6,44.12,42.53,35.83,0.634,-5.93,False,True,Tabocas do Brejo Velho,BA,2,Crítico
2931004,BA,Nordeste,Municipal,29,46.26,41.38,62.26,58.72,0.5374000000000001,-16.0,False,True,Tanhaçu,BA,0,Atenção
2931053,BA,Nordeste,Municipal,48,54.81,54.17,66.17,63.44,0.45189999999999997,-11.36,False,True,Tanque Novo,BA,0,Atenção
2931103,BA,Nordeste,Municipal,29,30.75,31.03,25.95,18.93,0.6925,4.8,False,False,Tanquinho,BA,2,Crítico
2931202,BA,Nordeste,Municipal,50,36.57,44.0,45.23,38.83,0.6343,-8.66,False,True,Taperoá,BA,2,Crítico
2931301,BA,Nordeste,Municipal,27,34.31,40.74,39.97,33.06,0.6569,-5.66,False,True,Tapiramutá,BA,2,Crítico
2931350,BA,Nordeste,Municipal,409,50.18,31.78,56.5,51.85,0.4982,-6.32,False,True,Teixeira de Freitas,BA,0,Atenção
2931400,BA,Nordeste,Municipal,26,37.75,23.08,47.18,41.03,0.6225,-9.43,False,True,Teodoro Sampaio,BA,2,Crítico
2931509,BA,Nordeste,Municipal,65,32.74,26.15,35.23,28.07,0.6726,-2.49,False,True,Teofilândia,BA,2,Crítico
2931608,BA,Nordeste,Municipal,48,41.42,52.08,52.65,47.32,0.5858,-11.23,False,True,Teolândia,BA,2,Crítico
2931707,BA,Nordeste,Municipal,33,30.3,21.21,30.46,23.25,0.6970000000000001,-0.16,False,True,Terra Nova,BA,2,Crítico
2931806,BA,Nordeste,Municipal,21,43.31,57.14,54.5,49.48,0.5669,-11.19,False,True,Tremedal,BA,0,Atenção
2931905,BA,Nordeste,Municipal,83,34.12,38.55,36.12,28.98,0.6588,-2.0,False,True,Tucano,BA,2,Crítico
2932002,BA,Nordeste,Municipal,72,42.11,41.67,50.59,44.93,0.5789,-8.48,False,True,Uauá,BA,2,Crítico
2932101,BA,Nordeste,Municipal,46,42.18,43.48,52.71,47.39,0.5782,-10.53,False,True,Ubaíra,BA,2,Crítico
2932200,BA,Nordeste,Municipal,44,32.39,27.27,36.89,29.78,0.6760999999999999,-4.5,False,True,Ubaitaba,BA,2,Crítico
2932309,BA,Nordeste,Municipal,33,31.97,36.36,38.45,31.43,0.6803,-6.48,False,True,Ubatã,BA,2,Crítico
2932408,BA,Nordeste,Municipal,30,30.52,26.67,40.0,33.09,0.6948000000000001,-9.48,False,True,Uibaí,BA,2,Crítico
2932457,BA,Nordeste,Municipal,35,30.73,22.86,28.46,21.3,0.6927,2.27,False,False,Umburanas,BA,2,Crítico
2932507,BA,Nordeste,Municipal,73,36.18,60.27,44.38,37.88,0.6382,-8.2,False,True,Una,BA,2,Crítico
2932606,BA,Nordeste,Municipal,41,58.63,46.34,62.68,59.23,0.41369999999999996,-4.05,False,True,Urandi,BA,0,Atenção
2932705,BA,Nordeste,Municipal,53,33.61,28.3,37.1,30.01,0.6638999999999999,-3.49,False,True,Uruçuca,BA,2,Crítico
2932804,BA,Nordeste,Municipal,42,35.88,33.33,40.69,33.84,0.6412,-4.81,False,True,Utinga,BA,2,Crítico
2932903,BA,Nordeste,Municipal,124,31.03,39.52,38.08,31.03,0.6897,-7.05,False,True,Valença,BA,2,Crítico
2933000,BA,Nordeste,Municipal,30,33.96,30.0,39.21,32.26,0.6604,-5.25,False,True,Valente,BA,2,Crítico
2933059,BA,Nordeste,Municipal,30,34.2,36.67,39.52,32.59,0.6579999999999999,-5.32,False,True,Várzea da Roça,BA,2,Crítico
2933158,BA,Nordeste,Municipal,56,32.86,14.29,39.73,32.79,0.6714,-6.87,False,True,Várzea Nova,BA,2,Crítico
2933174,BA,Nordeste,Municipal,22,43.24,36.36,49.91,44.14,0.5676,-6.67,False,True,Varzedo,BA,2,Crítico
2933208,BA,Nordeste,Municipal,136,40.7,31.62,45.5,39.13,0.593,-4.8,False,True,Vera Cruz,BA,2,Crítico
2933257,BA,Nordeste,Municipal,20,59.93,65.0,69.8,67.83,0.40070000000000006,-9.87,False,True,Vereda,BA,0,Atenção
2933307,BA,Nordeste,Municipal,929,41.87,42.95,53.11,47.86,0.5813,-11.24,False,True,Vitória da Conquista,BA,2,Crítico
2933406,BA,Nordeste,Municipal,30,46.34,36.67,57.82,53.42,0.5366,-11.48,False,True,Wagner,BA,0,Atenção
2933455,BA,Nordeste,Municipal,36,43.42,41.67,58.33,54.02,0.5658,-14.91,False,True,Wanderley,BA,0,Atenção
2933505,BA,Nordeste,Municipal,49,37.46,28.57,44.82,38.37,0.6254,-7.36,False,True,Wenceslau Guimarães,BA,2,Crítico
2933604,BA,Nordeste,Municipal,163,30.77,31.9,38.06,31.01,0.6923,-7.29,False,True,Xique-Xique,BA,2,Crítico
3100203,MG,Sudeste,Estadual,20,73.07,75.01,,55.44,0.2693000000000001,,True,False,Abaeté,MG,0,Atenção
3100203,MG,Sudeste,Municipal,40,70.23,82.19,56.9,52.32,0.29769999999999996,13.33,False,False,Abaeté,MG,3,Intermediário
3100302,MG,Sudeste,Estadual,26,79.78,78.5,,74.14,0.20219999999999994,,True,False,Abre Campo,MG,1,Consolidado
3100609,MG,Sudeste,Estadual,29,69.37,83.83,,66.7,0.3062999999999999,,True,False,Água Boa,MG,0,Atenção
3100906,MG,Sudeste,Estadual,53,65.06,63.93,,49.23,0.34939999999999993,,True,False,Águas Formosas,MG,0,Atenção
3101003,MG,Sudeste,Municipal,48,65.06,76.4,48.71,42.77,0.34939999999999993,16.35,False,False,Águas Vermelhas,MG,3,Intermediário
3101102,MG,Sudeste,Estadual,48,73.11,51.81,,67.1,0.26890000000000003,,True,False,Aimorés,MG,0,Atenção
3101102,MG,Sudeste,Municipal,39,71.03,59.79,53.9,48.78,0.28969999999999996,17.13,False,False,Aimorés,MG,3,Intermediário
3101508,MG,Sudeste,Municipal,81,77.14,49.96,70.71,68.94,0.22860000000000003,6.43,False,False,Além Paraíba,MG,1,Consolidado
3101607,MG,Sudeste,Estadual,69,67.94,68.31,,49.18,0.3206,,True,False,Alfenas,MG,0,Atenção
3101607,MG,Sudeste,Municipal,123,71.59,78.27,62.52,59.05,0.2841,9.07,False,False,Alfenas,MG,3,Intermediário
3101631,MG,Sudeste,Municipal,27,79.39,84.54,73.26,72.01,0.20609999999999995,6.13,False,False,Alfredo Vasconcelos,MG,1,Consolidado
3101706,MG,Sudeste,Municipal,136,57.18,53.55,45.59,39.24,0.4282,11.59,False,False,Almenara,MG,3,Intermediário
3101904,MG,Sudeste,Municipal,48,66.35,80.97,48.26,42.26,0.3365,18.09,False,False,Alpinópolis,MG,3,Intermediário
3102001,MG,Sudeste,Municipal,47,76.74,78.88,64.6,61.55,0.23260000000000003,12.14,False,False,Alterosa,MG,3,Intermediário
3102050,MG,Sudeste,Municipal,29,82.69,86.11,80.0,93.75,0.17310000000000003,2.69,False,False,Alto Caparaó,MG,1,Consolidado
3102100,MG,Sudeste,Municipal,20,79.79,83.94,,78.1,0.20209999999999995,,True,False,Alto Rio Doce,MG,1,Consolidado
3102308,MG,Sudeste,Municipal,22,68.55,74.54,54.12,49.04,0.3145,14.43,False,False,Alvinópolis,MG,3,Intermediário
3102605,MG,Sudeste,Municipal,89,71.29,79.7,60.22,56.29,0.2870999999999999,11.07,False,False,Andradas,MG,3,Intermediário
3102803,MG,Sudeste,Municipal,29,75.4,73.07,,63.11,0.246,,True,False,Andrelândia,MG,0,Atenção
3102852,MG,Sudeste,Municipal,24,75.72,83.4,63.08,59.72,0.24280000000000002,12.64,False,False,Angelândia,MG,3,Intermediário
3102902,MG,Sudeste,Municipal,21,80.21,63.5,78.32,78.03,0.19790000000000008,1.89,False,False,Antônio Carlos,MG,1,Consolidado
3103009,MG,Sudeste,Estadual,21,84.51,85.75,,82.09,0.15489999999999993,,True,False,Antônio Dias,MG,1,Consolidado
3103405,MG,Sudeste,Estadual,55,76.11,76.15,,67.99,0.2389,,True,False,Araçuaí,MG,1,Consolidado
3103405,MG,Sudeste,Municipal,25,57.93,43.84,50.02,44.27,0.42069999999999996,7.91,False,False,Araçuaí,MG,3,Intermediário
3103504,MG,Sudeste,Estadual,92,69.83,65.31,,51.84,0.30169999999999997,,True,False,Araguari,MG,0,Atenção
3103504,MG,Sudeste,Municipal,234,68.42,66.41,53.17,47.92,0.31579999999999997,15.25,False,False,Araguari,MG,3,Intermediário
3103751,MG,Sudeste,Municipal,46,75.83,80.27,65.56,62.72,0.24170000000000003,10.27,False,False,Araporã,MG,3,Intermediário
3103900,MG,Sudeste,Municipal,27,78.62,82.82,74.92,74.0,0.2138,3.7,False,False,Araújos,MG,1,Consolidado
3104007,MG,Sudeste,Municipal,352,77.73,72.92,70.59,68.79,0.2227,7.14,False,False,Araxá,MG,1,Consolidado
3104205,MG,Sudeste,Municipal,94,77.48,84.33,79.0,78.83,0.22519999999999996,-1.52,False,True,Arcos,MG,1,Consolidado
3104304,MG,Sudeste,Municipal,52,79.06,81.06,72.21,70.75,0.20940000000000003,6.85,False,False,Areado,MG,1,Consolidado
3104502,MG,Sudeste,Estadual,31,52.36,41.92,,28.71,0.47640000000000005,,True,False,Arinos,MG,2,Crítico
3104502,MG,Sudeste,Municipal,38,65.44,44.93,50.89,45.28,0.3456,14.55,False,False,Arinos,MG,3,Intermediário
3104601,MG,Sudeste,Municipal,36,78.37,88.83,75.66,74.88,0.21629999999999994,2.71,False,False,Astolfo Dutra,MG,1,Consolidado
3104700,MG,Sudeste,Municipal,20,76.35,65.17,69.2,67.11,0.23650000000000004,7.15,False,False,Ataléia,MG,1,Consolidado
3104908,MG,Sudeste,Municipal,43,76.52,80.76,71.83,70.29,0.2348,4.69,False,False,Baependi,MG,1,Consolidado
3105004,MG,Sudeste,Municipal,21,81.35,85.97,75.13,74.25,0.1865000000000001,6.22,False,False,Baldim,MG,1,Consolidado
3105103,MG,Sudeste,Municipal,42,77.12,74.05,68.24,65.95,0.2288,8.88,False,False,Bambuí,MG,1,Consolidado
3105301,MG,Sudeste,Municipal,25,78.53,95.97,74.43,73.41,0.2147,4.1,False,False,Bandeira do Sul,MG,1,Consolidado
3105400,MG,Sudeste,Municipal,101,74.26,54.55,62.28,58.76,0.25739999999999996,11.98,False,False,Barão de Cocais,MG,3,Intermediário
3105608,MG,Sudeste,Estadual,123,80.02,87.53,,72.56,0.1998000000000001,,True,False,Barbacena,MG,1,Consolidado
3105608,MG,Sudeste,Municipal,173,73.79,82.15,62.71,59.28,0.2620999999999999,11.08,False,False,Barbacena,MG,3,Intermediário
3105905,MG,Sudeste,Municipal,44,77.84,86.47,74.67,73.7,0.22160000000000002,3.17,False,False,Barroso,MG,1,Consolidado
3106002,MG,Sudeste,Municipal,27,76.39,66.35,66.46,63.8,0.23609999999999998,9.93,False,False,Bela Vista de Minas,MG,3,Intermediário
3106200,MG,Sudeste,Estadual,1556,74.14,72.65,,65.95,0.25859999999999994,,True,False,Belo Horizonte,MG,0,Atenção
3106200,MG,Sudeste,Municipal,3668,68.69,68.13,61.33,57.61,0.31310000000000004,7.36,False,False,Belo Horizonte,MG,3,Intermediário
3106309,MG,Sudeste,Municipal,77,72.18,60.28,60.9,57.1,0.2781999999999999,11.28,False,False,Belo Oriente,MG,3,Intermediário
3106408,MG,Sudeste,Municipal,22,84.36,95.28,80.0,93.05,0.15639999999999998,4.36,False,False,Belo Vale,MG,1,Consolidado
3106705,MG,Sudeste,Municipal,1311,69.03,66.33,58.25,53.93,0.3097,10.78,False,False,Betim,MG,3,Intermediário
3106903,MG,Sudeste,Municipal,38,68.02,64.36,50.81,45.18,0.3198000000000001,17.21,False,False,Bicas,MG,3,Intermediário
3107109,MG,Sudeste,Municipal,156,67.8,76.49,58.17,53.83,0.32200000000000006,9.63,False,False,Boa Esperança,MG,3,Intermediário
3107307,MG,Sudeste,Estadual,140,80.25,77.87,,73.86,0.1975,,True,False,Bocaiúva,MG,1,Consolidado
3107307,MG,Sudeste,Municipal,38,78.63,72.09,70.61,68.82,0.2137,8.02,False,False,Bocaiúva,MG,1,Consolidado
3107406,MG,Sudeste,Estadual,50,73.49,91.17,,66.77,0.2651,,True,False,Bom Despacho,MG,0,Atenção
3107406,MG,Sudeste,Municipal,79,64.64,62.79,48.79,42.86,0.3536,15.85,False,False,Bom Despacho,MG,3,Intermediário
3107505,MG,Sudeste,Municipal,21,72.42,66.53,52.98,47.71,0.27579999999999993,19.44,False,False,Bom Jardim de Minas,MG,3,Intermediário
3107802,MG,Sudeste,Estadual,33,78.74,81.55,,66.11,0.2126,,True,False,Bom Jesus do Galho,MG,1,Consolidado
3107901,MG,Sudeste,Municipal,44,73.74,68.04,60.44,56.55,0.26260000000000006,13.3,False,False,Bom Repouso,MG,3,Intermediário
3108008,MG,Sudeste,Municipal,45,78.98,81.65,69.34,67.28,0.21019999999999994,9.64,False,False,Bom Sucesso,MG,1,Consolidado
3108255,MG,Sudeste,Municipal,20,74.34,49.08,66.87,64.3,0.25659999999999994,7.47,False,False,Bonito de Minas,MG,1,Consolidado
3108305,MG,Sudeste,Municipal,40,75.43,82.33,67.91,65.55,0.24569999999999992,7.52,False,False,Borda da Mata,MG,1,Consolidado
3108404,MG,Sudeste,Municipal,28,77.24,89.31,67.86,65.49,0.22760000000000002,9.38,False,False,Botelhos,MG,1,Consolidado
3108552,MG,Sudeste,Municipal,62,76.39,68.46,77.23,76.74,0.23609999999999998,-0.84,False,True,Brasilândia de Minas,MG,1,Consolidado
3108602,MG,Sudeste,Estadual,75,77.72,76.18,,74.07,0.2228,,True,False,Brasília de Minas,MG,1,Consolidado
3108909,MG,Sudeste,Municipal,49,69.7,81.34,55.66,50.86,0.30299999999999994,14.04,False,False,Brazópolis,MG,3,Intermediário
3109006,MG,Sudeste,Municipal,140,77.64,82.1,71.82,70.28,0.22360000000000002,5.82,False,False,Brumadinho,MG,1,Consolidado
3109105,MG,Sudeste,Municipal,37,75.22,86.23,65.8,63.01,0.24780000000000002,9.42,False,False,Bueno Brandão,MG,3,Intermediário
3109204,MG,Sudeste,Municipal,35,79.11,79.45,80.0,82.01,0.20889999999999997,-0.89,False,True,Buenópolis,MG,1,Consolidado
3109303,MG,Sudeste,Municipal,88,69.46,65.17,56.75,52.14,0.3054000000000001,12.71,False,False,Buritis,MG,3,Intermediário
3109402,MG,Sudeste,Municipal,78,56.17,60.37,44.21,37.7,0.4383,11.96,False,False,Buritizeiro,MG,3,Intermediário
3109451,MG,Sudeste,Municipal,39,66.49,47.49,46.7,40.49,0.33510000000000006,19.79,False,False,Cabeceira Grande,MG,3,Intermediário
3109501,MG,Sudeste,Municipal,30,76.57,96.38,73.25,71.99,0.23430000000000006,3.32,False,False,Cabo Verde,MG,1,Consolidado
3109709,MG,Sudeste,Municipal,40,74.85,80.02,64.71,61.69,0.25150000000000006,10.14,False,False,Cachoeira de Minas,MG,3,Intermediário
3109907,MG,Sudeste,Municipal,30,71.89,76.84,59.24,55.11,0.2811,12.65,False,False,Caetanópolis,MG,3,Intermediário
3110004,MG,Sudeste,Municipal,99,77.45,71.56,74.49,73.48,0.22549999999999992,2.96,False,False,Caeté,MG,1,Consolidado
3110301,MG,Sudeste,Municipal,44,69.48,78.19,56.1,51.38,0.3051999999999999,13.38,False,False,Caldas,MG,3,Intermediário
3110509,MG,Sudeste,Municipal,98,70.86,62.15,58.85,54.64,0.2914,12.01,False,False,Camanducaia,MG,3,Intermediário
3110608,MG,Sudeste,Municipal,79,75.0,81.1,67.59,65.17,0.25,7.41,False,False,Cambuí,MG,1,Consolidado
3110707,MG,Sudeste,Municipal,27,77.53,92.86,71.0,69.29,0.2247,6.53,False,False,Cambuquira,MG,1,Consolidado
3110905,MG,Sudeste,Municipal,53,66.39,67.58,48.0,41.96,0.33609999999999995,18.39,False,False,Campanha,MG,3,Intermediário
3111002,MG,Sudeste,Municipal,37,78.21,77.82,71.58,69.98,0.2179000000000001,6.63,False,False,Campestre,MG,1,Consolidado
3111101,MG,Sudeste,Municipal,36,80.87,75.88,77.67,77.26,0.19129999999999991,3.2,False,False,Campina Verde,MG,1,Consolidado
3111200,MG,Sudeste,Municipal,120,76.86,85.02,71.17,69.49,0.23140000000000005,5.69,False,False,Campo Belo,MG,1,Consolidado
3111309,MG,Sudeste,Municipal,33,78.99,90.64,69.55,67.54,0.21010000000000006,9.44,False,False,Campo do Meio,MG,1,Consolidado
3111408,MG,Sudeste,Municipal,28,77.92,52.57,76.57,75.96,0.2208,1.35,False,False,Campo Florido,MG,1,Consolidado
3111507,MG,Sudeste,Municipal,60,75.09,72.48,61.87,58.27,0.2491,13.22,False,False,Campos Altos,MG,3,Intermediário
3111606,MG,Sudeste,Municipal,55,75.98,76.16,67.91,65.56,0.24019999999999997,8.07,False,False,Campos Gerais,MG,1,Consolidado
3111804,MG,Sudeste,Municipal,20,68.01,74.66,51.07,45.48,0.31989999999999996,16.94,False,False,Canápolis,MG,3,Intermediário
3112000,MG,Sudeste,Municipal,30,82.04,93.62,80.0,88.88,0.17959999999999998,2.04,False,False,Candeias,MG,1,Consolidado
3112109,MG,Sudeste,Municipal,21,75.46,65.46,63.44,60.15,0.24540000000000006,12.02,False,False,Caparaó,MG,3,Intermediário
3112307,MG,Sudeste,Estadual,94,80.28,89.43,,79.77,0.19720000000000004,,True,False,Capelinha,MG,1,Consolidado
3112307,MG,Sudeste,Municipal,65,71.05,78.34,60.28,56.35,0.2895,10.77,False,False,Capelinha,MG,3,Intermediário
3112406,MG,Sudeste,Municipal,20,72.58,85.81,,54.82,0.2742,,True,False,Capetinga,MG,0,Atenção
3112505,MG,Sudeste,Municipal,34,72.53,84.7,,,0.27469999999999994,,True,False,Capim Branco,MG,0,Atenção
3112604,MG,Sudeste,Municipal,52,71.69,68.15,55.94,51.19,0.2831,15.75,False,False,Capinópolis,MG,3,Intermediário
3112703,MG,Sudeste,Municipal,57,75.03,70.65,64.86,61.87,0.24970000000000003,10.17,False,False,Capitão Enéas,MG,3,Intermediário
3112802,MG,Sudeste,Municipal,22,80.43,73.01,80.0,83.44,0.19569999999999999,0.43,False,False,Capitólio,MG,1,Consolidado
3112901,MG,Sudeste,Municipal,34,73.91,85.23,62.8,59.39,0.2609,11.11,False,False,Caputira,MG,3,Intermediário
3113008,MG,Sudeste,Estadual,29,68.61,58.26,,54.56,0.31389999999999996,,True,False,Caraí,MG,0,Atenção
3113206,MG,Sudeste,Municipal,60,78.5,85.4,73.09,71.8,0.21499999999999997,5.41,False,False,Carandaí,MG,1,Consolidado
3113305,MG,Sudeste,Estadual,48,66.55,68.18,,41.48,0.3345,,True,False,Carangola,MG,0,Atenção
3113305,MG,Sudeste,Municipal,37,70.8,43.93,55.64,50.84,0.29200000000000004,15.16,False,False,Carangola,MG,3,Intermediário
3113404,MG,Sudeste,Municipal,279,65.75,70.3,55.16,50.26,0.3425,10.59,False,False,Caratinga,MG,3,Intermediário
3113503,MG,Sudeste,Municipal,28,76.69,75.04,67.08,64.55,0.23309999999999997,9.61,False,False,Carbonita,MG,1,Consolidado
3113602,MG,Sudeste,Municipal,22,84.92,81.74,80.0,97.42,0.15079999999999993,4.92,False,False,Careaçu,MG,1,Consolidado
3113701,MG,Sudeste,Municipal,43,70.87,64.16,60.36,56.45,0.2913,10.51,False,False,Carlos Chagas,MG,3,Intermediário
3113909,MG,Sudeste,Municipal,35,78.45,85.54,75.21,74.34,0.21550000000000002,3.24,False,False,Carmo da Cachoeira,MG,1,Consolidado
3114006,MG,Sudeste,Municipal,22,78.3,68.31,79.19,79.05,0.21700000000000008,-0.89,False,True,Carmo da Mata,MG,1,Consolidado
3114105,MG,Sudeste,Municipal,33,74.44,69.29,60.43,56.53,0.25560000000000005,14.01,False,False,Carmo de Minas,MG,3,Intermediário
3114204,MG,Sudeste,Municipal,58,76.67,74.01,69.28,67.21,0.23329999999999995,7.39,False,False,Carmo do Cajuru,MG,1,Consolidado
3114303,MG,Sudeste,Municipal,104,74.3,81.91,71.94,70.42,0.257,2.36,False,False,Carmo do Paranaíba,MG,1,Consolidado
3114402,MG,Sudeste,Municipal,52,74.34,66.81,65.96,63.2,0.25659999999999994,8.38,False,False,Carmo do Rio Claro,MG,3,Intermediário
3114501,MG,Sudeste,Municipal,51,77.21,90.07,77.39,76.93,0.2279000000000001,-0.18,False,True,Carmópolis de Minas,MG,1,Consolidado
3114550,MG,Sudeste,Municipal,37,73.06,67.69,56.8,52.21,0.2694,16.26,False,False,Carneirinho,MG,3,Intermediário
3115102,MG,Sudeste,Municipal,46,78.57,78.06,72.14,70.66,0.21430000000000005,6.43,False,False,Cássia,MG,1,Consolidado
3115300,MG,Sudeste,Estadual,64,68.46,69.89,,39.74,0.3154,,True,False,Cataguases,MG,0,Atenção
3115300,MG,Sudeste,Municipal,68,55.94,59.36,42.67,36.0,0.4406,13.27,False,False,Cataguases,MG,3,Intermediário
3115458,MG,Sudeste,Municipal,31,70.47,73.54,42.58,35.9,0.2953,27.89,False,False,Catuji,MG,3,Intermediário
3115474,MG,Sudeste,Municipal,22,73.55,68.38,64.35,61.25,0.26450000000000007,9.2,False,False,Catuti,MG,3,Intermediário
3115508,MG,Sudeste,Municipal,46,77.93,77.87,76.93,76.39,0.2206999999999999,1.0,False,False,Caxambu,MG,1,Consolidado
3115706,MG,Sudeste,Municipal,26,80.6,73.34,72.65,71.27,0.19400000000000006,7.95,False,False,Central de Minas,MG,1,Consolidado
3116100,MG,Sudeste,Municipal,30,69.35,57.55,47.26,41.12,0.3065000000000001,22.09,False,False,Chapada do Norte,MG,3,Intermediário
3116159,MG,Sudeste,Municipal,70,64.74,54.17,54.23,49.17,0.3526,10.51,False,False,Chapada Gaúcha,MG,3,Intermediário
3116407,MG,Sudeste,Municipal,29,79.16,93.09,75.74,74.97,0.20840000000000003,3.42,False,False,Claraval,MG,1,Consolidado
3116506,MG,Sudeste,Municipal,24,74.51,70.8,71.63,70.05,0.2548999999999999,2.88,False,False,Claro dos Poções,MG,1,Consolidado
3116605,MG,Sudeste,Municipal,103,75.43,88.41,64.18,61.05,0.24569999999999992,11.25,False,False,Cláudio,MG,3,Intermediário
3116704,MG,Sudeste,Municipal,26,78.17,85.19,77.38,76.92,0.21829999999999994,0.79,False,False,Coimbra,MG,1,Consolidado
3116803,MG,Sudeste,Municipal,25,74.45,95.9,66.67,64.06,0.25549999999999995,7.78,False,False,Coluna,MG,1,Consolidado
3117009,MG,Sudeste,Municipal,23,74.28,70.15,61.87,58.27,0.2572,12.41,False,False,Comercinho,MG,3,Intermediário
3117108,MG,Sudeste,Municipal,26,77.22,81.0,72.31,70.88,0.2278,4.91,False,False,Conceição da Aparecida,MG,1,Consolidado
3117306,MG,Sudeste,Municipal,100,68.17,48.76,59.46,55.38,0.3183,8.71,False,False,Conceição das Alagoas,MG,3,Intermediário
3117504,MG,Sudeste,Municipal,71,75.18,81.67,62.26,58.74,0.24819999999999998,12.92,False,False,Conceição do Mato Dentro,MG,3,Intermediário
3117702,MG,Sudeste,Municipal,43,83.0,83.4,80.0,89.94,0.17000000000000004,3.0,False,False,Conceição do Rio Verde,MG,1,Consolidado
3117801,MG,Sudeste,Municipal,38,75.69,75.27,64.92,61.94,0.24309999999999998,10.77,False,False,Conceição dos Ouros,MG,3,Intermediário
3117900,MG,Sudeste,Municipal,44,79.04,90.77,74.47,73.46,0.2095999999999999,4.57,False,False,Congonhal,MG,1,Consolidado
3118007,MG,Sudeste,Municipal,182,71.58,72.2,60.11,56.15,0.2842,11.47,False,False,Congonhas,MG,3,Intermediário
3118205,MG,Sudeste,Municipal,30,77.92,70.07,70.54,68.73,0.2208,7.38,False,False,Conquista,MG,1,Consolidado
3118304,MG,Sudeste,Estadual,115,80.95,89.31,,79.6,0.1905,,True,False,Conselheiro Lafaiete,MG,1,Consolidado
3118304,MG,Sudeste,Municipal,303,75.42,82.77,67.43,64.98,0.24580000000000002,7.99,False,False,Conselheiro Lafaiete,MG,1,Consolidado
3118403,MG,Sudeste,Municipal,55,76.68,60.85,69.02,66.9,0.23319999999999996,7.66,False,False,Conselheiro Pena,MG,1,Consolidado
3118601,MG,Sudeste,Estadual,201,73.94,79.93,,61.95,0.26060000000000005,,True,False,Contagem,MG,0,Atenção
3118601,MG,Sudeste,Municipal,1274,69.06,68.59,58.08,53.73,0.3094,10.98,False,False,Contagem,MG,3,Intermediário
3118700,MG,Sudeste,Municipal,22,79.58,90.98,72.67,71.3,0.20420000000000005,6.91,False,False,Coqueiral,MG,1,Consolidado
3118809,MG,Sudeste,Estadual,45,78.9,77.83,,77.87,0.21099999999999997,,True,False,Coração de Jesus,MG,1,Consolidado
3119104,MG,Sudeste,Municipal,72,56.25,83.16,46.3,40.03,0.4375,9.95,False,False,Corinto,MG,3,Intermediário
3119203,MG,Sudeste,Municipal,21,72.9,71.43,60.17,56.23,0.2709999999999999,12.73,False,False,Coroaci,MG,3,Intermediário
3119302,MG,Sudeste,Estadual,67,81.92,83.21,,73.0,0.18079999999999996,,True,False,Coromandel,MG,1,Consolidado
3119302,MG,Sudeste,Municipal,25,71.53,63.54,47.93,41.88,0.28469999999999995,23.6,False,False,Coromandel,MG,3,Intermediário
3119401,MG,Sudeste,Municipal,219,63.1,66.61,52.71,47.39,0.369,10.39,False,False,Coronel Fabriciano,MG,3,Intermediário
3119708,MG,Sudeste,Municipal,22,80.32,86.84,73.66,72.49,0.19680000000000009,6.66,False,False,Coronel Xavier Chaves,MG,1,Consolidado
3120102,MG,Sudeste,Municipal,20,63.77,64.25,53.63,48.47,0.36229999999999996,10.14,False,False,Couto de Magalhães de Minas,MG,3,Intermediário
3120151,MG,Sudeste,Municipal,20,72.19,49.5,57.46,52.99,0.2781,14.73,False,False,Crisólita,MG,3,Intermediário
3120201,MG,Sudeste,Municipal,34,76.67,88.08,69.33,67.27,0.23329999999999995,7.34,False,False,Cristais,MG,1,Consolidado
3120508,MG,Sudeste,Municipal,50,74.41,82.05,59.84,55.83,0.2559,14.57,False,False,Cristina,MG,3,Intermediário
3120706,MG,Sudeste,Municipal,29,76.37,79.14,65.32,62.42,0.23629999999999995,11.05,False,False,Cruzeiro da Fortaleza,MG,3,Intermediário
3120805,MG,Sudeste,Municipal,30,90.9,70.26,80.0,97.18,0.09099999999999997,10.9,False,False,Cruzília,MG,1,Consolidado
3120870,MG,Sudeste,Municipal,36,77.72,86.11,79.36,79.24,0.2228,-1.64,False,True,Curral de Dentro,MG,1,Consolidado
3120904,MG,Sudeste,Municipal,234,76.44,71.83,67.73,65.34,0.23560000000000003,8.71,False,False,Curvelo,MG,1,Consolidado
3121001,MG,Sudeste,Municipal,23,80.61,91.43,80.0,80.05,0.19389999999999996,0.61,False,False,Datas,MG,1,Consolidado
3121209,MG,Sudeste,Municipal,29,76.78,76.04,79.34,79.23,0.23219999999999996,-2.56,False,True,Delfinópolis,MG,1,Consolidado
3121258,MG,Sudeste,Municipal,39,71.18,43.91,55.77,50.98,0.2881999999999999,15.41,False,False,Delta,MG,3,Intermediário
3121407,MG,Sudeste,Municipal,20,81.24,95.0,80.0,80.91,0.1876000000000001,1.24,False,False,Desterro de Entre Rios,MG,1,Consolidado
3121605,MG,Sudeste,Estadual,100,73.51,78.63,,59.06,0.2648999999999999,,True,False,Diamantina,MG,0,Atenção
3121605,MG,Sudeste,Municipal,53,74.17,59.49,62.93,59.54,0.2583,11.24,False,False,Diamantina,MG,3,Intermediário
3122009,MG,Sudeste,Municipal,51,65.35,66.51,54.23,49.17,0.34650000000000003,11.12,False,False,Divino,MG,3,Intermediário
3122207,MG,Sudeste,Municipal,28,78.02,92.86,69.54,67.53,0.2198,8.48,False,False,Divinolândia de Minas,MG,1,Consolidado
3122306,MG,Sudeste,Estadual,300,79.98,81.79,,75.59,0.20019999999999993,,True,False,Divinópolis,MG,1,Consolidado
3122306,MG,Sudeste,Municipal,290,73.09,71.58,67.23,64.73,0.2691,5.86,False,False,Divinópolis,MG,1,Consolidado
3122355,MG,Sudeste,Municipal,28,73.33,70.17,55.72,50.93,0.26670000000000005,17.61,False,False,Divisa Alegre,MG,3,Intermediário
3122454,MG,Sudeste,Municipal,21,68.37,81.27,48.44,42.46,0.3162999999999999,19.93,False,False,Divisópolis,MG,3,Intermediário
3122900,MG,Sudeste,Municipal,23,70.56,91.47,52.47,47.11,0.2944,18.09,False,False,Dona Eusébia,MG,3,Intermediário
3123007,MG,Sudeste,Municipal,24,73.04,71.22,58.87,54.67,0.26959999999999995,14.17,False,False,Dores de Campos,MG,3,Intermediário
3123205,MG,Sudeste,Municipal,44,75.82,83.97,68.1,65.78,0.24180000000000001,7.72,False,False,Dores do Indaiá,MG,1,Consolidado
3123601,MG,Sudeste,Municipal,89,72.61,64.64,61.57,57.91,0.27390000000000003,11.04,False,False,Elói Mendes,MG,3,Intermediário
3123809,MG,Sudeste,Municipal,38,70.94,81.71,50.36,44.66,0.29059999999999997,20.58,False,False,Engenheiro Navarro,MG,3,Intermediário
3123858,MG,Sudeste,Municipal,20,79.88,84.72,78.84,78.64,0.20120000000000005,1.04,False,False,Entre Folhas,MG,1,Consolidado
3123908,MG,Sudeste,Municipal,35,81.58,79.95,80.0,83.15,0.18420000000000003,1.58,False,False,Entre Rios de Minas,MG,1,Consolidado
3124005,MG,Sudeste,Municipal,44,73.82,85.84,58.71,54.48,0.26180000000000003,15.11,False,False,Ervália,MG,3,Intermediário
3124104,MG,Sudeste,Estadual,103,67.75,70.95,,51.83,0.3225,,True,False,Esmeraldas,MG,0,Atenção
3124104,MG,Sudeste,Municipal,195,65.51,69.13,55.55,50.73,0.3449,9.96,False,False,Esmeraldas,MG,3,Intermediário
3124203,MG,Sudeste,Estadual,25,78.35,64.09,,72.01,0.21650000000000003,,True,False,Espera Feliz,MG,1,Consolidado
3124203,MG,Sudeste,Municipal,39,76.23,48.84,72.95,71.63,0.2376999999999999,3.28,False,False,Espera Feliz,MG,1,Consolidado
3124302,MG,Sudeste,Estadual,65,82.55,75.43,,85.7,0.1745,,True,False,Espinosa,MG,1,Consolidado
3124302,MG,Sudeste,Municipal,39,75.97,64.48,66.83,64.25,0.24029999999999996,9.14,False,False,Espinosa,MG,1,Consolidado
3124401,MG,Sudeste,Municipal,26,76.97,57.61,68.68,66.49,0.23030000000000006,8.29,False,False,Espírito Santo do Dourado,MG,1,Consolidado
3124500,MG,Sudeste,Estadual,22,72.46,81.57,,57.64,0.2754000000000001,,True,False,Estiva,MG,0,Atenção
3124906,MG,Sudeste,Municipal,28,73.56,73.75,60.4,56.5,0.26439999999999997,13.16,False,False,Eugenópolis,MG,3,Intermediário
3125002,MG,Sudeste,Municipal,24,73.11,66.67,42.36,35.65,0.26890000000000003,30.75,False,False,Ewbank da Câmara,MG,3,Intermediário
3125101,MG,Sudeste,Municipal,231,69.25,69.4,61.38,57.68,0.3075,7.87,False,False,Extrema,MG,3,Intermediário
3125408,MG,Sudeste,Municipal,24,82.5,66.83,80.0,82.12,0.17500000000000004,2.5,False,False,Felício dos Santos,MG,1,Consolidado
3125606,MG,Sudeste,Municipal,33,71.72,72.2,56.8,52.21,0.28280000000000005,14.92,False,False,Felisburgo,MG,3,Intermediário
3125705,MG,Sudeste,Municipal,39,70.94,72.09,56.65,52.03,0.29059999999999997,14.29,False,False,Felixlândia,MG,3,Intermediário
3125952,MG,Sudeste,Municipal,36,75.05,76.54,68.38,66.12,0.24950000000000006,6.67,False,False,Fervedouro,MG,1,Consolidado
3126000,MG,Sudeste,Municipal,27,74.03,84.07,60.94,57.15,0.25970000000000004,13.09,False,False,Florestal,MG,3,Intermediário
3126109,MG,Sudeste,Municipal,128,77.74,84.47,69.05,66.93,0.22260000000000002,8.69,False,False,Formiga,MG,1,Consolidado
3126208,MG,Sudeste,Municipal,31,71.93,74.16,64.21,61.08,0.28069999999999995,7.72,False,False,Formoso,MG,3,Intermediário
3126703,MG,Sudeste,Estadual,21,70.73,62.02,,55.3,0.29269999999999996,,True,False,Francisco Sá,MG,0,Atenção
3126703,MG,Sudeste,Municipal,27,63.74,30.61,47.71,41.63,0.36260000000000003,16.03,False,False,Francisco Sá,MG,3,Intermediário
3126802,MG,Sudeste,Municipal,24,73.61,71.13,56.48,51.83,0.2639,17.13,False,False,Frei Gaspar,MG,3,Intermediário
3126901,MG,Sudeste,Municipal,35,71.76,68.32,57.56,53.11,0.2824,14.2,False,False,Frei Inocêncio,MG,3,Intermediário
3127008,MG,Sudeste,Municipal,42,69.56,83.24,57.36,52.87,0.3044,12.2,False,False,Fronteira,MG,3,Intermediário
3127107,MG,Sudeste,Municipal,165,70.22,77.28,58.24,53.92,0.29780000000000006,11.98,False,False,Frutal,MG,3,Intermediário
3127305,MG,Sudeste,Municipal,22,70.54,67.33,52.6,47.26,0.2946,17.94,False,False,Galiléia,MG,3,Intermediário
3127602,MG,Sudeste,Municipal,46,77.77,89.26,75.13,74.24,0.22230000000000005,2.64,False,False,Gouveia,MG,1,Consolidado
3127701,MG,Sudeste,Estadual,332,76.13,70.73,,66.78,0.23870000000000002,,True,False,Governador Valadares,MG,1,Consolidado
3127701,MG,Sudeste,Municipal,358,66.64,68.16,56.68,52.06,0.3336,9.96,False,False,Governador Valadares,MG,3,Intermediário
3127800,MG,Sudeste,Municipal,42,74.92,80.53,72.9,71.57,0.2508,2.02,False,False,Grão Mogol,MG,1,Consolidado
3128006,MG,Sudeste,Municipal,67,73.31,67.88,61.34,57.63,0.2669,11.97,False,False,Guanhães,MG,3,Intermediário
3128105,MG,Sudeste,Municipal,48,74.35,79.29,62.11,58.55,0.25650000000000006,12.24,False,False,Guapé,MG,3,Intermediário
3128303,MG,Sudeste,Municipal,74,78.34,63.89,74.61,73.63,0.21660000000000001,3.73,False,False,Guaranésia,MG,1,Consolidado
3128402,MG,Sudeste,Municipal,30,78.69,76.83,80.0,80.48,0.21310000000000007,-1.31,False,True,Guarani,MG,1,Consolidado
3128600,MG,Sudeste,Municipal,21,79.6,62.76,79.19,79.05,0.20400000000000007,0.41,False,False,Guarda-Mor,MG,1,Consolidado
3128709,MG,Sudeste,Municipal,137,66.64,65.95,57.85,53.45,0.3336,8.79,False,False,Guaxupé,MG,3,Intermediário
3128808,MG,Sudeste,Municipal,26,77.43,45.38,64.83,61.83,0.2256999999999999,12.6,False,False,Guidoval,MG,3,Intermediário
3128907,MG,Sudeste,Municipal,34,73.87,85.59,63.8,60.59,0.2613,10.07,False,False,Guimarânia,MG,3,Intermediário
3129301,MG,Sudeste,Municipal,33,59.08,73.29,43.66,37.09,0.4092,15.42,False,False,Iapu,MG,3,Intermediário
3129509,MG,Sudeste,Municipal,52,68.98,91.08,57.07,52.52,0.3101999999999999,11.91,False,False,Ibiá,MG,3,Intermediário
3129707,MG,Sudeste,Municipal,36,62.26,69.26,39.73,32.8,0.37740000000000007,22.53,False,False,Ibiraci,MG,3,Intermediário
3129806,MG,Sudeste,Estadual,134,70.53,79.03,,56.43,0.29469999999999996,,True,False,Ibirité,MG,0,Atenção
3129806,MG,Sudeste,Municipal,399,67.91,65.1,56.29,51.6,0.3209000000000001,11.62,False,False,Ibirité,MG,3,Intermediário
3130051,MG,Sudeste,Municipal,27,70.97,81.43,58.3,53.99,0.2903,12.67,False,False,Icaraí de Minas,MG,3,Intermediário
3130101,MG,Sudeste,Municipal,180,68.64,73.68,56.52,51.87,0.3136,12.12,False,False,Igarapé,MG,3,Intermediário
3130200,MG,Sudeste,Municipal,41,78.98,84.56,70.67,68.89,0.21019999999999994,8.31,False,False,Igaratinga,MG,1,Consolidado
3130309,MG,Sudeste,Municipal,22,87.52,90.68,80.0,98.44,0.12480000000000002,7.52,False,False,Iguatama,MG,1,Consolidado
3130507,MG,Sudeste,Municipal,32,66.63,65.12,51.49,45.97,0.3337,15.14,False,False,Ilicínea,MG,3,Intermediário
3130705,MG,Sudeste,Municipal,25,72.56,42.86,49.02,43.12,0.2744,23.54,False,False,Indianópolis,MG,3,Intermediário
3130903,MG,Sudeste,Municipal,51,75.39,92.2,70.4,68.56,0.24609999999999999,4.99,False,False,Inhapim,MG,1,Consolidado
3131109,MG,Sudeste,Municipal,29,72.31,83.08,46.85,40.65,0.2768999999999999,25.46,False,False,Inimutaba,MG,3,Intermediário
3131158,MG,Sudeste,Municipal,56,72.27,77.36,65.76,62.96,0.2773,6.51,False,False,Ipaba,MG,1,Consolidado
3131208,MG,Sudeste,Municipal,56,77.75,85.58,79.02,78.85,0.22250000000000003,-1.27,False,True,Ipanema,MG,1,Consolidado
3131307,MG,Sudeste,Estadual,190,77.86,88.76,,71.76,0.22140000000000004,,True,False,Ipatinga,MG,1,Consolidado
3131307,MG,Sudeste,Municipal,452,72.66,71.58,67.17,64.66,0.2734000000000001,5.49,False,False,Ipatinga,MG,1,Consolidado
3131505,MG,Sudeste,Municipal,26,71.03,58.27,57.35,52.86,0.28969999999999996,13.68,False,False,Ipuiúna,MG,3,Intermediário
3131604,MG,Sudeste,Municipal,32,63.46,68.92,44.85,38.41,0.36539999999999995,18.61,False,False,Iraí de Minas,MG,3,Intermediário
3131703,MG,Sudeste,Estadual,65,76.36,76.63,,56.87,0.23640000000000005,,True,False,Itabira,MG,0,Atenção
3131703,MG,Sudeste,Municipal,269,69.66,68.35,60.96,57.17,0.3034,8.7,False,False,Itabira,MG,3,Intermediário
3131802,MG,Sudeste,Municipal,34,74.65,85.4,67.27,64.78,0.25349999999999995,7.38,False,False,Itabirinha,MG,1,Consolidado
3131901,MG,Sudeste,Estadual,25,52.66,88.75,,28.24,0.47340000000000004,,True,False,Itabirito,MG,2,Crítico
3131901,MG,Sudeste,Municipal,197,75.37,77.74,63.29,59.98,0.24629999999999996,12.08,False,False,Itabirito,MG,3,Intermediário
3132107,MG,Sudeste,Municipal,45,70.33,68.58,54.5,49.49,0.29669999999999996,15.83,False,False,Itacarambi,MG,3,Intermediário
3132206,MG,Sudeste,Municipal,36,74.78,94.58,60.81,56.99,0.2522,13.97,False,False,Itaguara,MG,3,Intermediário
3132305,MG,Sudeste,Municipal,25,71.53,58.62,61.22,57.48,0.28469999999999995,10.31,False,False,Itaipé,MG,3,Intermediário
3132404,MG,Sudeste,Municipal,206,72.21,81.12,63.11,59.76,0.27790000000000004,9.1,False,False,Itajubá,MG,3,Intermediário
3132503,MG,Sudeste,Estadual,32,82.52,91.03,,87.5,0.17480000000000007,,True,False,Itamarandiba,MG,1,Consolidado
3132503,MG,Sudeste,Municipal,89,74.79,85.56,62.57,59.11,0.2521,12.22,False,False,Itamarandiba,MG,3,Intermediário
3132701,MG,Sudeste,Estadual,38,69.34,60.43,,55.48,0.3066,,True,False,Itambacuri,MG,0,Atenção
3132701,MG,Sudeste,Municipal,34,66.24,58.69,56.29,51.6,0.3376,9.95,False,False,Itambacuri,MG,3,Intermediário
3132909,MG,Sudeste,Municipal,30,75.02,67.23,64.25,61.13,0.24980000000000002,10.77,False,False,Itamogi,MG,3,Intermediário
3133006,MG,Sudeste,Municipal,41,71.07,92.19,61.31,57.59,0.2893000000000001,9.76,False,False,Itamonte,MG,3,Intermediário
3133105,MG,Sudeste,Municipal,27,83.82,77.11,80.0,89.82,0.16180000000000005,3.82,False,False,Itanhandu,MG,1,Consolidado
3133204,MG,Sudeste,Municipal,30,65.09,86.87,47.22,41.07,0.34909999999999997,17.87,False,False,Itanhomi,MG,3,Intermediário
3133303,MG,Sudeste,Municipal,45,69.81,34.63,54.67,49.69,0.30189999999999995,15.14,False,False,Itaobim,MG,3,Intermediário
3133402,MG,Sudeste,Municipal,43,71.83,81.47,66.51,63.86,0.28170000000000006,5.32,False,False,Itapagipe,MG,1,Consolidado
3133501,MG,Sudeste,Estadual,23,81.5,90.93,,79.98,0.18500000000000005,,True,False,Itapecerica,MG,1,Consolidado
3133501,MG,Sudeste,Municipal,25,78.17,91.37,73.56,72.37,0.21829999999999994,4.61,False,False,Itapecerica,MG,1,Consolidado
3133600,MG,Sudeste,Municipal,47,72.77,72.17,56.63,52.0,0.2723,16.14,False,False,Itapeva,MG,3,Intermediário
3133709,MG,Sudeste,Municipal,49,79.72,89.81,73.57,72.38,0.20279999999999998,6.15,False,False,Itatiaiuçu,MG,1,Consolidado
3133758,MG,Sudeste,Municipal,37,78.1,94.71,75.2,74.33,0.21900000000000008,2.9,False,False,Itaú de Minas,MG,1,Consolidado
3133808,MG,Sudeste,Estadual,37,77.92,83.93,,69.31,0.2208,,True,False,Itaúna,MG,1,Consolidado
3133808,MG,Sudeste,Municipal,169,75.28,85.02,71.43,69.8,0.24719999999999998,3.85,False,False,Itaúna,MG,1,Consolidado
3134202,MG,Sudeste,Estadual,106,73.58,54.72,,60.85,0.2642,,True,False,Ituiutaba,MG,0,Atenção
3134202,MG,Sudeste,Municipal,184,74.6,67.09,65.79,62.99,0.254,8.81,False,False,Ituiutaba,MG,3,Intermediário
3134400,MG,Sudeste,Municipal,116,70.08,68.87,59.85,55.84,0.2992,10.23,False,False,Iturama,MG,3,Intermediário
3134608,MG,Sudeste,Municipal,66,76.35,73.31,71.06,69.36,0.23650000000000004,5.29,False,False,Jaboticatubas,MG,1,Consolidado
3134707,MG,Sudeste,Municipal,41,67.65,53.26,50.97,45.37,0.3234999999999999,16.68,False,False,Jacinto,MG,3,Intermediário
3134806,MG,Sudeste,Municipal,30,78.51,90.98,72.3,70.85,0.21489999999999998,6.21,False,False,Jacuí,MG,1,Consolidado
3134905,MG,Sudeste,Municipal,92,73.6,75.86,63.18,59.84,0.264,10.42,False,False,Jacutinga,MG,3,Intermediário
3135050,MG,Sudeste,Estadual,118,71.25,55.08,,48.42,0.2875,,True,False,Jaíba,MG,0,Atenção
3135050,MG,Sudeste,Municipal,47,64.39,73.54,48.75,42.81,0.35609999999999997,15.64,False,False,Jaíba,MG,3,Intermediário
3135100,MG,Sudeste,Estadual,154,69.76,75.19,,54.68,0.3024,,True,False,Janaúba,MG,0,Atenção
3135100,MG,Sudeste,Municipal,98,66.61,59.11,54.63,49.64,0.3339,11.98,False,False,Janaúba,MG,3,Intermediário
3135209,MG,Sudeste,Estadual,206,67.35,61.73,,46.03,0.3265,,True,False,Januária,MG,0,Atenção
3135506,MG,Sudeste,Municipal,31,75.94,83.31,61.2,57.46,0.24060000000000004,14.74,False,False,Jequeri,MG,3,Intermediário
3135605,MG,Sudeste,Municipal,33,63.01,81.62,46.21,39.93,0.3699,16.8,False,False,Jequitaí,MG,3,Intermediário
3135803,MG,Sudeste,Municipal,37,64.02,52.32,49.76,43.97,0.3598,14.26,False,False,Jequitinhonha,MG,3,Intermediário
3136009,MG,Sudeste,Municipal,28,63.95,57.47,48.92,43.01,0.36049999999999993,15.03,False,False,Joaíma,MG,3,Intermediário
3136207,MG,Sudeste,Estadual,86,80.23,83.35,,76.62,0.1977,,True,False,João Monlevade,MG,1,Consolidado
3136207,MG,Sudeste,Municipal,118,74.07,83.95,64.07,60.91,0.2593000000000001,10.0,False,False,João Monlevade,MG,3,Intermediário
3136306,MG,Sudeste,Estadual,128,79.48,72.42,,69.55,0.20519999999999994,,True,False,João Pinheiro,MG,1,Consolidado
3136306,MG,Sudeste,Municipal,45,74.78,70.94,63.39,60.09,0.2522,11.39,False,False,João Pinheiro,MG,3,Intermediário
3136504,MG,Sudeste,Estadual,26,75.88,42.48,,60.65,0.24120000000000008,,True,False,Jordânia,MG,0,Atenção
3136603,MG,Sudeste,Municipal,22,70.39,90.58,53.22,47.99,0.29610000000000003,17.17,False,False,Nova União,MG,3,Intermediário
3136652,MG,Sudeste,Municipal,118,67.55,69.45,52.87,47.58,0.3245,14.68,False,False,Juatuba,MG,3,Intermediário
3136702,MG,Sudeste,Estadual,344,70.64,65.89,,58.62,0.29359999999999997,,True,False,Juiz de Fora,MG,0,Atenção
3136702,MG,Sudeste,Municipal,756,63.46,50.48,49.46,43.63,0.36539999999999995,14.0,False,False,Juiz de Fora,MG,3,Intermediário
3136900,MG,Sudeste,Municipal,49,78.41,76.19,78.72,78.5,0.21589999999999998,-0.31,False,True,Juruaia,MG,1,Consolidado
3137007,MG,Sudeste,Municipal,31,51.26,46.23,31.02,23.8,0.48740000000000006,20.24,False,False,Ladainha,MG,3,Intermediário
3137205,MG,Sudeste,Estadual,67,71.59,86.44,,59.32,0.2841,,True,False,Lagoa da Prata,MG,0,Atenção
3137205,MG,Sudeste,Municipal,104,77.93,80.81,73.73,72.57,0.2206999999999999,4.2,False,False,Lagoa da Prata,MG,1,Consolidado
3137403,MG,Sudeste,Municipal,49,76.57,87.56,66.55,63.91,0.23430000000000006,10.02,False,False,Lagoa Dourada,MG,3,Intermediário
3137502,MG,Sudeste,Municipal,69,75.68,80.76,63.75,60.53,0.24319999999999997,11.93,False,False,Lagoa Formosa,MG,3,Intermediário
3137536,MG,Sudeste,Municipal,30,81.38,80.12,80.0,81.75,0.18620000000000003,1.38,False,False,Lagoa Grande,MG,1,Consolidado
3137601,MG,Sudeste,Municipal,172,72.89,70.99,64.72,61.7,0.2711,8.17,False,False,Lagoa Santa,MG,3,Intermediário
3137700,MG,Sudeste,Municipal,59,76.73,73.41,73.28,72.03,0.2326999999999999,3.45,False,False,Lajinha,MG,1,Consolidado
3137809,MG,Sudeste,Municipal,47,75.82,80.17,68.05,65.73,0.24180000000000001,7.77,False,False,Lambari,MG,1,Consolidado
3138203,MG,Sudeste,Municipal,250,70.97,64.75,60.18,56.24,0.2903,10.79,False,False,Lavras,MG,3,Intermediário
3138401,MG,Sudeste,Estadual,46,70.68,68.39,,53.04,0.2931999999999999,,True,False,Leopoldina,MG,0,Atenção
3138401,MG,Sudeste,Municipal,88,74.59,61.33,62.21,58.67,0.2541,12.38,False,False,Leopoldina,MG,3,Intermediário
3138609,MG,Sudeste,Municipal,35,69.8,61.07,51.94,46.48,0.30200000000000005,17.86,False,False,Lima Duarte,MG,3,Intermediário
3138625,MG,Sudeste,Municipal,43,77.38,65.3,67.61,65.19,0.22620000000000007,9.77,False,False,Limeira do Oeste,MG,1,Consolidado
3138658,MG,Sudeste,Municipal,23,75.39,69.86,66.64,64.02,0.24609999999999999,8.75,False,False,Lontra,MG,1,Consolidado
3138674,MG,Sudeste,Municipal,31,79.79,84.09,80.0,81.62,0.20209999999999995,-0.21,False,True,Luisburgo,MG,1,Consolidado
3138906,MG,Sudeste,Municipal,20,75.4,50.33,64.98,62.01,0.246,10.42,False,False,Machacalis,MG,3,Intermediário
3139003,MG,Sudeste,Municipal,81,74.08,83.95,63.26,59.94,0.2592,10.82,False,False,Machado,MG,3,Intermediário
3139201,MG,Sudeste,Estadual,42,73.86,80.23,,65.16,0.26139999999999997,,True,False,Malacacheta,MG,0,Atenção
3139250,MG,Sudeste,Municipal,23,62.47,78.02,46.38,40.12,0.37529999999999997,16.09,False,False,Mamonas,MG,3,Intermediário
3139300,MG,Sudeste,Estadual,26,71.48,45.69,,57.54,0.2852,,True,False,Manga,MG,0,Atenção
3139300,MG,Sudeste,Municipal,35,53.49,51.34,31.24,24.02,0.46509999999999996,22.25,False,False,Manga,MG,3,Intermediário
3139409,MG,Sudeste,Estadual,170,73.85,79.46,,66.96,0.26150000000000007,,True,False,Manhuaçu,MG,0,Atenção
3139409,MG,Sudeste,Municipal,173,68.42,69.95,53.58,48.41,0.31579999999999997,14.84,False,False,Manhuaçu,MG,3,Intermediário
3139508,MG,Sudeste,Municipal,66,78.12,56.76,70.43,68.6,0.2188,7.69,False,False,Manhumirim,MG,1,Consolidado
3139607,MG,Sudeste,Municipal,78,67.59,75.59,54.88,49.94,0.32409999999999994,12.71,False,False,Mantena,MG,3,Intermediário
3139706,MG,Sudeste,Municipal,20,77.35,88.93,71.64,70.06,0.22650000000000003,5.71,False,False,Maravilhas,MG,1,Consolidado
3139805,MG,Sudeste,Estadual,44,63.12,72.95,,48.92,0.3688,,True,False,Mar de Espanha,MG,0,Atenção
3139904,MG,Sudeste,Municipal,48,75.14,82.37,64.13,60.99,0.24860000000000004,11.01,False,False,Maria da Fé,MG,3,Intermediário
3140001,MG,Sudeste,Estadual,33,73.1,84.89,,60.14,0.269,,True,False,Mariana,MG,0,Atenção
3140001,MG,Sudeste,Municipal,157,70.35,60.96,58.12,53.77,0.2965000000000001,12.23,False,False,Mariana,MG,3,Intermediário
3140100,MG,Sudeste,Municipal,20,77.87,55.91,65.87,63.09,0.22129999999999994,12.0,False,False,Marilac,MG,3,Intermediário
3140159,MG,Sudeste,Municipal,54,78.03,76.72,71.88,70.35,0.2197,6.15,False,False,Mário Campos,MG,1,Consolidado
3140506,MG,Sudeste,Estadual,21,78.14,95.44,,66.89,0.21860000000000002,,True,False,Martinho Campos,MG,1,Consolidado
3140506,MG,Sudeste,Municipal,37,72.47,75.64,60.0,56.02,0.2753,12.47,False,False,Martinho Campos,MG,3,Intermediário
3140530,MG,Sudeste,Municipal,25,79.68,75.42,77.07,76.55,0.20319999999999994,2.61,False,False,Martins Soares,MG,1,Consolidado
3140555,MG,Sudeste,Municipal,27,73.47,78.48,59.04,54.87,0.2653,14.43,False,False,Mata Verde,MG,3,Intermediário
3140704,MG,Sudeste,Municipal,118,71.91,75.26,60.63,56.77,0.28090000000000004,11.28,False,False,Mateus Leme,MG,3,Intermediário
3140803,MG,Sudeste,Municipal,38,73.0,69.1,62.35,58.84,0.27,10.65,False,False,Matias Barbosa,MG,3,Intermediário
3140852,MG,Sudeste,Municipal,39,64.72,37.75,44.2,37.68,0.3528,20.52,False,False,Matias Cardoso,MG,3,Intermediário
3140902,MG,Sudeste,Estadual,61,76.1,88.47,,63.44,0.2390000000000001,,True,False,Matipó,MG,0,Atenção
3140902,MG,Sudeste,Municipal,30,80.92,63.47,80.0,85.52,0.19079999999999997,0.92,False,False,Matipó,MG,1,Consolidado
3141009,MG,Sudeste,Estadual,29,85.3,65.42,,91.55,0.14700000000000002,,True,False,Mato Verde,MG,1,Consolidado
3141009,MG,Sudeste,Municipal,23,74.38,73.45,70.78,69.02,0.2562000000000001,3.6,False,False,Mato Verde,MG,1,Consolidado
3141108,MG,Sudeste,Estadual,35,69.36,68.48,,47.21,0.3064,,True,False,Matozinhos,MG,0,Atenção
3141108,MG,Sudeste,Municipal,75,68.35,53.58,52.79,47.48,0.3165,15.56,False,False,Matozinhos,MG,3,Intermediário
3141405,MG,Sudeste,Municipal,58,77.36,71.05,71.82,70.27,0.22640000000000005,5.54,False,False,Medina,MG,1,Consolidado
3141603,MG,Sudeste,Municipal,20,93.4,76.4,80.0,98.41,0.06599999999999995,13.4,False,False,Mercês,MG,1,Consolidado
3141702,MG,Sudeste,Municipal,26,67.54,73.12,57.61,53.17,0.3245999999999999,9.93,False,False,Mesquita,MG,3,Intermediário
3141801,MG,Sudeste,Municipal,77,77.83,82.53,71.72,70.15,0.2217,6.11,False,False,Minas Novas,MG,1,Consolidado
3142007,MG,Sudeste,Municipal,32,71.66,49.91,62.46,58.98,0.2834,9.2,False,False,Mirabela,MG,3,Intermediário
3142106,MG,Sudeste,Municipal,23,67.04,68.19,52.6,47.26,0.3295999999999999,14.44,False,False,Miradouro,MG,3,Intermediário
3142205,MG,Sudeste,Municipal,22,83.7,72.44,80.0,96.19,0.16299999999999992,3.7,False,False,Miraí,MG,1,Consolidado
3142403,MG,Sudeste,Municipal,30,79.92,69.96,80.0,81.44,0.20079999999999998,-0.08,False,True,Moema,MG,1,Consolidado
3142601,MG,Sudeste,Municipal,24,76.5,88.14,65.54,62.69,0.235,10.96,False,False,Monsenhor Paulo,MG,3,Intermediário
3142700,MG,Sudeste,Estadual,22,73.22,73.8,,56.33,0.26780000000000004,,True,False,Montalvânia,MG,0,Atenção
3142700,MG,Sudeste,Municipal,24,70.47,65.75,53.65,48.49,0.2953,16.82,False,False,Montalvânia,MG,3,Intermediário
3142809,MG,Sudeste,Municipal,76,78.0,56.58,75.58,74.78,0.21999999999999997,2.42,False,False,Monte Alegre de Minas,MG,1,Consolidado
3142908,MG,Sudeste,Estadual,41,81.78,65.73,,85.95,0.18220000000000003,,True,False,Monte Azul,MG,1,Consolidado
3143005,MG,Sudeste,Municipal,41,71.8,83.07,55.11,50.21,0.28200000000000003,16.69,False,False,Monte Belo,MG,3,Intermediário
3143104,MG,Sudeste,Estadual,107,79.07,82.95,,73.43,0.20930000000000004,,True,False,Monte Carmelo,MG,1,Consolidado
3143104,MG,Sudeste,Municipal,39,75.74,77.67,66.33,63.64,0.24260000000000004,9.41,False,False,Monte Carmelo,MG,3,Intermediário
3143203,MG,Sudeste,Municipal,49,65.74,66.8,48.17,42.15,0.3426,17.57,False,False,Monte Santo de Minas,MG,3,Intermediário
3143302,MG,Sudeste,Estadual,463,73.41,75.25,,64.69,0.2659,,True,False,Montes Claros,MG,0,Atenção
3143302,MG,Sudeste,Municipal,701,71.63,75.75,64.62,61.58,0.28370000000000006,7.01,False,False,Montes Claros,MG,3,Intermediário
3143401,MG,Sudeste,Municipal,58,69.66,73.8,58.25,53.93,0.3034,11.41,False,False,Monte Sião,MG,3,Intermediário
3143450,MG,Sudeste,Municipal,23,72.98,86.65,58.49,54.21,0.2702,14.49,False,False,Montezuma,MG,3,Intermediário
3143500,MG,Sudeste,Municipal,27,79.23,55.95,80.0,86.32,0.2077,-0.77,False,True,Morada Nova de Minas,MG,1,Consolidado
3143807,MG,Sudeste,Municipal,23,76.98,87.2,78.23,77.92,0.23019999999999996,-1.25,False,True,Munhoz,MG,1,Consolidado
3143906,MG,Sudeste,Estadual,57,75.46,80.53,,61.41,0.24540000000000006,,True,False,Muriaé,MG,0,Atenção
3143906,MG,Sudeste,Municipal,233,72.4,72.79,62.06,58.49,0.2759999999999999,10.34,False,False,Muriaé,MG,3,Intermediário
3144003,MG,Sudeste,Estadual,56,80.73,85.93,,83.46,0.19269999999999998,,True,False,Mutum,MG,1,Consolidado
3144003,MG,Sudeste,Municipal,43,76.88,80.89,64.53,61.47,0.23120000000000007,12.35,False,False,Mutum,MG,3,Intermediário
3144102,MG,Sudeste,Municipal,58,67.48,82.28,49.23,43.36,0.32519999999999993,18.25,False,False,Muzambinho,MG,3,Intermediário
3144300,MG,Sudeste,Estadual,64,75.22,56.86,,64.92,0.24780000000000002,,True,False,Nanuque,MG,0,Atenção
3144300,MG,Sudeste,Municipal,45,68.15,53.39,56.6,51.97,0.3184999999999999,11.55,False,False,Nanuque,MG,3,Intermediário
3144359,MG,Sudeste,Municipal,24,79.42,50.25,79.61,79.54,0.20579999999999998,-0.19,False,True,Naque,MG,1,Consolidado
3144508,MG,Sudeste,Municipal,29,80.79,79.63,80.0,87.42,0.19209999999999994,0.79,False,False,Nazareno,MG,1,Consolidado
3144607,MG,Sudeste,Municipal,62,70.03,72.79,58.03,53.67,0.29969999999999997,12.0,False,False,Nepomuceno,MG,3,Intermediário
3144656,MG,Sudeste,Municipal,25,71.43,80.41,54.31,49.26,0.28569999999999995,17.12,False,False,Ninheira,MG,3,Intermediário
3144706,MG,Sudeste,Municipal,66,76.7,77.47,63.58,60.32,0.23299999999999998,13.12,False,False,Nova Era,MG,3,Intermediário
3144805,MG,Sudeste,Municipal,287,70.47,77.72,60.62,56.76,0.2953,9.85,False,False,Nova Lima,MG,3,Intermediário
3145000,MG,Sudeste,Municipal,50,76.7,69.8,73.54,72.34,0.23299999999999998,3.16,False,False,Nova Ponte,MG,1,Consolidado
3145059,MG,Sudeste,Municipal,20,64.53,50.43,47.65,41.56,0.3547,16.88,False,False,Nova Porteirinha,MG,3,Intermediário
3145109,MG,Sudeste,Municipal,60,77.0,88.46,71.01,69.3,0.22999999999999998,5.99,False,False,Nova Resende,MG,1,Consolidado
3145208,MG,Sudeste,Municipal,469,66.85,75.25,59.11,54.95,0.3315,7.74,False,False,Nova Serrana,MG,3,Intermediário
3145307,MG,Sudeste,Estadual,55,77.79,74.37,,68.45,0.22209999999999996,,True,False,Novo Cruzeiro,MG,1,Consolidado
3145307,MG,Sudeste,Municipal,42,77.79,83.45,76.27,75.6,0.22209999999999996,1.52,False,False,Novo Cruzeiro,MG,1,Consolidado
3145356,MG,Sudeste,Municipal,22,69.16,59.25,50.62,44.96,0.3084,18.54,False,False,Novo Oriente de Minas,MG,3,Intermediário
3145455,MG,Sudeste,Municipal,25,76.19,96.09,70.12,68.23,0.23809999999999998,6.07,False,False,Olhos-d'Água,MG,1,Consolidado
3145604,MG,Sudeste,Estadual,36,93.24,100.0,,98.44,0.0676000000000001,,True,False,Oliveira,MG,1,Consolidado
3145604,MG,Sudeste,Municipal,74,68.4,77.24,54.71,49.74,0.31599999999999995,13.69,False,False,Oliveira,MG,3,Intermediário
3145877,MG,Sudeste,Municipal,49,75.94,74.35,65.59,62.75,0.24060000000000004,10.35,False,False,Orizânia,MG,3,Intermediário
3145901,MG,Sudeste,Municipal,116,76.41,77.61,67.76,65.37,0.2359,8.65,False,False,Ouro Branco,MG,1,Consolidado
3146008,MG,Sudeste,Municipal,68,76.12,80.62,66.49,63.84,0.2387999999999999,9.63,False,False,Ouro Fino,MG,3,Intermediário
3146107,MG,Sudeste,Estadual,83,83.5,78.16,,79.19,0.16500000000000004,,True,False,Ouro Preto,MG,1,Consolidado
3146107,MG,Sudeste,Municipal,115,70.15,65.66,59.55,55.48,0.2985,10.6,False,False,Ouro Preto,MG,3,Intermediário
3146206,MG,Sudeste,Municipal,23,74.22,95.73,55.99,51.25,0.25780000000000003,18.23,False,False,Ouro Verde de Minas,MG,3,Intermediário
3146255,MG,Sudeste,Municipal,20,72.33,58.83,52.45,47.09,0.27670000000000006,19.88,False,False,Padre Carvalho,MG,3,Intermediário
3146305,MG,Sudeste,Estadual,30,65.72,66.8,,41.47,0.3428,,True,False,Padre Paraíso,MG,0,Atenção
3146305,MG,Sudeste,Municipal,41,67.96,44.39,54.04,48.95,0.3204,13.92,False,False,Padre Paraíso,MG,3,Intermediário
3146503,MG,Sudeste,Municipal,21,76.79,80.26,69.54,67.53,0.23209999999999997,7.25,False,False,Pains,MG,1,Consolidado
3146552,MG,Sudeste,Municipal,29,77.04,79.38,65.4,62.53,0.22959999999999992,11.64,False,False,Pai Pedro,MG,3,Intermediário
3146909,MG,Sudeste,Municipal,40,69.07,82.15,52.46,47.1,0.3093,16.61,False,False,Papagaios,MG,3,Intermediário
3147006,MG,Sudeste,Estadual,124,78.85,74.89,,69.78,0.21150000000000002,,True,False,Paracatu,MG,1,Consolidado
3147006,MG,Sudeste,Municipal,203,76.48,62.2,68.02,65.69,0.23519999999999996,8.46,False,False,Paracatu,MG,1,Consolidado
3147105,MG,Sudeste,Estadual,122,78.35,89.31,,71.63,0.21650000000000003,,True,False,Pará de Minas,MG,1,Consolidado
3147105,MG,Sudeste,Municipal,135,68.31,67.0,57.9,53.51,0.31689999999999996,10.41,False,False,Pará de Minas,MG,3,Intermediário
3147204,MG,Sudeste,Municipal,53,76.39,75.53,65.34,62.45,0.23609999999999998,11.05,False,False,Paraguaçu,MG,3,Intermediário
3147303,MG,Sudeste,Municipal,61,75.68,80.58,63.95,60.77,0.24319999999999997,11.73,False,False,Paraisópolis,MG,3,Intermediário
3147402,MG,Sudeste,Municipal,52,67.94,73.06,53.95,48.84,0.3206,13.99,False,False,Paraopeba,MG,3,Intermediário
3147600,MG,Sudeste,Estadual,29,83.28,75.16,,86.26,0.16720000000000002,,True,False,Passa Quatro,MG,1,Consolidado
3147600,MG,Sudeste,Municipal,20,79.4,65.18,80.0,85.63,0.20599999999999996,-0.6,False,True,Passa Quatro,MG,1,Consolidado
3147709,MG,Sudeste,Municipal,34,80.13,76.91,80.0,80.61,0.1987000000000001,0.13,False,False,Passa Tempo,MG,1,Consolidado
3147907,MG,Sudeste,Estadual,101,76.33,73.87,,59.42,0.23670000000000002,,True,False,Passos,MG,0,Atenção
3147907,MG,Sudeste,Municipal,285,75.25,84.74,67.82,65.45,0.24750000000000005,7.43,False,False,Passos,MG,1,Consolidado
3148004,MG,Sudeste,Estadual,242,77.72,79.4,,70.81,0.2228,,True,False,Patos de Minas,MG,1,Consolidado
3148004,MG,Sudeste,Municipal,132,76.66,84.57,70.88,69.14,0.23340000000000005,5.78,False,False,Patos de Minas,MG,1,Consolidado
3148103,MG,Sudeste,Estadual,55,78.22,46.8,,60.22,0.2178,,True,False,Patrocínio,MG,0,Atenção
3148103,MG,Sudeste,Municipal,252,75.69,80.17,64.83,61.83,0.24309999999999998,10.86,False,False,Patrocínio,MG,3,Intermediário
3148202,MG,Sudeste,Municipal,22,80.06,85.57,73.79,72.64,0.19940000000000002,6.27,False,False,Patrocínio do Muriaé,MG,1,Consolidado
3148301,MG,Sudeste,Municipal,25,73.7,88.27,58.13,53.79,0.263,15.57,False,False,Paula Cândido,MG,3,Intermediário
3148608,MG,Sudeste,Estadual,24,82.7,70.66,,88.41,0.17299999999999993,,True,False,Peçanha,MG,1,Consolidado
3148707,MG,Sudeste,Municipal,58,69.72,67.61,60.83,57.01,0.30279999999999996,8.89,False,False,Pedra Azul,MG,3,Intermediário
3149101,MG,Sudeste,Municipal,24,71.07,91.78,55.01,50.09,0.2893000000000001,16.06,False,False,Pedralva,MG,3,Intermediário
3149150,MG,Sudeste,Municipal,26,59.09,47.08,35.81,28.66,0.4091,23.28,False,False,Pedras de Maria da Cruz,MG,3,Intermediário
3149309,MG,Sudeste,Estadual,66,75.55,92.35,,57.89,0.24450000000000005,,True,False,Pedro Leopoldo,MG,0,Atenção
3149309,MG,Sudeste,Municipal,124,72.52,69.94,62.5,59.02,0.27480000000000004,10.02,False,False,Pedro Leopoldo,MG,3,Intermediário
3149606,MG,Sudeste,Municipal,28,79.46,83.22,66.77,64.18,0.20540000000000003,12.69,False,False,Pequi,MG,3,Intermediário
3149705,MG,Sudeste,Municipal,56,80.22,81.84,80.0,80.06,0.19779999999999998,0.22,False,False,Perdigão,MG,1,Consolidado
3149804,MG,Sudeste,Municipal,69,76.71,84.08,69.85,67.9,0.2329000000000001,6.86,False,False,Perdizes,MG,1,Consolidado
3149903,MG,Sudeste,Municipal,55,79.09,74.75,72.62,71.24,0.20909999999999995,6.47,False,False,Perdões,MG,1,Consolidado
3149952,MG,Sudeste,Municipal,24,68.6,46.27,50.92,45.31,0.31400000000000006,17.68,False,False,Periquito,MG,3,Intermediário
3150158,MG,Sudeste,Municipal,49,72.53,69.95,57.33,52.84,0.27469999999999994,15.2,False,False,Piedade de Caratinga,MG,3,Intermediário
3150505,MG,Sudeste,Municipal,22,78.57,95.28,73.93,72.81,0.21430000000000005,4.64,False,False,Pimenta,MG,1,Consolidado
3150570,MG,Sudeste,Municipal,30,71.24,72.16,53.21,47.98,0.2876000000000001,18.03,False,False,Pintópolis,MG,3,Intermediário
3150703,MG,Sudeste,Municipal,33,73.36,81.22,66.13,63.4,0.26639999999999997,7.23,False,False,Pirajuba,MG,1,Consolidado
3150802,MG,Sudeste,Municipal,38,72.42,78.88,63.43,60.14,0.27579999999999993,8.99,False,False,Piranga,MG,3,Intermediário
3151008,MG,Sudeste,Municipal,34,78.42,88.11,71.05,69.35,0.2158,7.37,False,False,Piranguinho,MG,1,Consolidado
3151107,MG,Sudeste,Municipal,23,75.65,56.79,65.52,62.67,0.24349999999999994,10.13,False,False,Pirapetinga,MG,3,Intermediário
3151206,MG,Sudeste,Estadual,23,74.66,69.72,,63.97,0.25340000000000007,,True,False,Pirapora,MG,0,Atenção
3151206,MG,Sudeste,Municipal,161,69.34,71.12,54.52,49.51,0.3066,14.82,False,False,Pirapora,MG,3,Intermediário
3151305,MG,Sudeste,Municipal,34,78.16,89.53,75.54,74.74,0.21840000000000004,2.62,False,False,Piraúba,MG,1,Consolidado
3151404,MG,Sudeste,Estadual,59,76.04,72.57,,69.01,0.23959999999999992,,True,False,Pitangui,MG,1,Consolidado
3151503,MG,Sudeste,Municipal,105,72.0,67.66,61.04,57.27,0.28,10.96,False,False,Piumhi,MG,3,Intermediário
3151602,MG,Sudeste,Municipal,48,68.65,66.65,51.44,45.91,0.3134999999999999,17.21,False,False,Planura,MG,3,Intermediário
3151701,MG,Sudeste,Municipal,39,80.42,64.44,80.0,81.87,0.19579999999999997,0.42,False,False,Poço Fundo,MG,1,Consolidado
3151800,MG,Sudeste,Estadual,31,74.75,64.33,,58.36,0.25249999999999995,,True,False,Poços de Caldas,MG,0,Atenção
3151800,MG,Sudeste,Municipal,305,69.63,80.68,61.73,58.1,0.3037000000000001,7.9,False,False,Poços de Caldas,MG,3,Intermediário
3152006,MG,Sudeste,Estadual,35,75.78,91.47,,76.18,0.24219999999999997,,True,False,Pompéu,MG,1,Consolidado
3152006,MG,Sudeste,Municipal,44,76.21,61.55,67.62,65.2,0.2379000000000001,8.59,False,False,Pompéu,MG,1,Consolidado
3152105,MG,Sudeste,Estadual,36,65.6,74.89,,41.42,0.3440000000000001,,True,False,Ponte Nova,MG,0,Atenção
3152105,MG,Sudeste,Municipal,120,68.76,76.47,57.17,52.65,0.3123999999999999,11.59,False,False,Ponte Nova,MG,3,Intermediário
3152170,MG,Sudeste,Municipal,32,76.94,63.05,73.78,72.63,0.23060000000000003,3.16,False,False,Ponto dos Volantes,MG,1,Consolidado
3152204,MG,Sudeste,Estadual,87,74.73,74.39,,65.71,0.2526999999999999,,True,False,Porteirinha,MG,0,Atenção
3152204,MG,Sudeste,Municipal,26,73.35,69.13,66.24,63.54,0.26650000000000007,7.11,False,False,Porteirinha,MG,1,Consolidado
3152303,MG,Sudeste,Estadual,20,79.89,95.41,,88.0,0.20109999999999995,,True,False,Porto Firme,MG,1,Consolidado
3152402,MG,Sudeste,Municipal,27,66.0,93.02,47.81,41.74,0.33999999999999997,18.19,False,False,Poté,MG,3,Intermediário
3152501,MG,Sudeste,Estadual,132,66.73,71.88,,46.87,0.3327,,True,False,Pouso Alegre,MG,0,Atenção
3152501,MG,Sudeste,Municipal,266,69.59,73.22,62.41,58.91,0.3040999999999999,7.18,False,False,Pouso Alegre,MG,3,Intermediário
3152600,MG,Sudeste,Municipal,21,78.07,74.43,78.67,78.45,0.21930000000000005,-0.6,False,True,Pouso Alto,MG,1,Consolidado
3152808,MG,Sudeste,Municipal,104,70.58,45.9,59.46,55.38,0.2942,11.12,False,False,Prata,MG,3,Intermediário
3153400,MG,Sudeste,Municipal,44,78.63,71.9,77.76,77.37,0.2137,0.87,False,False,Presidente Olegário,MG,1,Consolidado
3153509,MG,Sudeste,Municipal,30,70.86,83.13,55.63,50.82,0.2914,15.23,False,False,Alto Jequitibá,MG,3,Intermediário
3153608,MG,Sudeste,Municipal,27,70.04,59.36,57.41,52.93,0.2996,12.63,False,False,Prudente de Morais,MG,3,Intermediário
3153905,MG,Sudeste,Municipal,44,71.53,70.09,53.57,48.4,0.28469999999999995,17.96,False,False,Raposos,MG,3,Intermediário
3154002,MG,Sudeste,Municipal,30,75.17,96.55,69.16,67.06,0.24829999999999997,6.01,False,False,Raul Soares,MG,1,Consolidado
3154150,MG,Sudeste,Municipal,21,69.53,95.09,45.77,39.44,0.30469999999999997,23.76,False,False,Reduto,MG,3,Intermediário
3154200,MG,Sudeste,Municipal,23,73.75,86.63,61.52,57.85,0.26249999999999996,12.23,False,False,Resende Costa,MG,3,Intermediário
3154309,MG,Sudeste,Municipal,41,76.1,51.76,72.87,71.54,0.2390000000000001,3.23,False,False,Resplendor,MG,1,Consolidado
3154457,MG,Sudeste,Municipal,25,78.71,63.63,71.24,69.58,0.2129000000000001,7.47,False,False,Riachinho,MG,1,Consolidado
3154507,MG,Sudeste,Municipal,33,76.56,63.64,69.55,67.54,0.23439999999999994,7.01,False,False,Riacho dos Machados,MG,1,Consolidado
3154606,MG,Sudeste,Estadual,179,66.21,64.52,,53.3,0.3379000000000001,,True,False,Ribeirão das Neves,MG,0,Atenção
3154606,MG,Sudeste,Municipal,890,68.13,60.04,59.14,54.99,0.3187000000000001,8.99,False,False,Ribeirão das Neves,MG,3,Intermediário
3154804,MG,Sudeste,Municipal,34,60.45,70.66,46.93,40.74,0.39549999999999996,13.52,False,False,Rio Acima,MG,3,Intermediário
3154903,MG,Sudeste,Municipal,31,75.37,67.07,63.0,59.63,0.24629999999999996,12.37,False,False,Rio Casca,MG,3,Intermediário
3155405,MG,Sudeste,Municipal,32,71.27,55.84,45.41,39.03,0.2873,25.86,False,False,Rio Novo,MG,3,Intermediário
3155504,MG,Sudeste,Municipal,65,79.9,53.11,78.89,78.7,0.20099999999999996,1.01,False,False,Rio Paranaíba,MG,1,Consolidado
3155603,MG,Sudeste,Municipal,78,75.74,80.94,74.39,73.36,0.24260000000000004,1.35,False,False,Rio Pardo de Minas,MG,1,Consolidado
3155702,MG,Sudeste,Municipal,29,78.43,82.64,77.46,77.01,0.2156999999999999,0.97,False,False,Rio Piracicaba,MG,1,Consolidado
3155801,MG,Sudeste,Municipal,40,76.4,85.24,67.71,65.31,0.236,8.69,False,False,Rio Pomba,MG,1,Consolidado
3156007,MG,Sudeste,Municipal,24,65.29,64.32,49.66,43.86,0.34709999999999996,15.63,False,False,Rio Vermelho,MG,3,Intermediário
3156304,MG,Sudeste,Municipal,43,71.45,83.73,50.42,44.73,0.2855,21.03,False,False,Rodeiro,MG,3,Intermediário
3156700,MG,Sudeste,Municipal,350,68.86,72.35,60.94,57.15,0.3114,7.92,False,False,Sabará,MG,3,Intermediário
3156809,MG,Sudeste,Estadual,22,75.51,78.32,,57.62,0.2448999999999999,,True,False,Sabinópolis,MG,0,Atenção
3156908,MG,Sudeste,Municipal,91,74.25,73.19,66.63,64.01,0.25749999999999995,7.62,False,False,Sacramento,MG,1,Consolidado
3157005,MG,Sudeste,Municipal,120,77.72,71.9,74.1,73.01,0.2228,3.62,False,False,Salinas,MG,1,Consolidado
3157104,MG,Sudeste,Municipal,26,69.62,57.34,49.57,43.75,0.30379999999999996,20.05,False,False,Salto da Divisa,MG,3,Intermediário
3157203,MG,Sudeste,Municipal,80,78.08,63.13,71.52,69.91,0.21920000000000006,6.56,False,False,Santa Bárbara,MG,1,Consolidado
3157252,MG,Sudeste,Municipal,33,72.57,59.49,,61.75,0.2743000000000001,,True,False,Santa Bárbara do Leste,MG,0,Atenção
3157336,MG,Sudeste,Municipal,21,76.0,37.61,66.51,63.86,0.24,9.49,False,False,Santa Cruz de Minas,MG,3,Intermediário
3157708,MG,Sudeste,Municipal,71,73.72,55.5,65.71,62.9,0.26280000000000003,8.01,False,False,Santa Juliana,MG,3,Intermediário
3157807,MG,Sudeste,Estadual,143,70.31,61.78,,53.75,0.29689999999999994,,True,False,Santa Luzia,MG,0,Atenção
3157807,MG,Sudeste,Municipal,630,66.33,71.55,56.2,51.5,0.3367,10.13,False,False,Santa Luzia,MG,3,Intermediário
3157906,MG,Sudeste,Municipal,64,76.9,63.58,73.24,71.98,0.23099999999999998,3.66,False,False,Santa Margarida,MG,1,Consolidado
3158003,MG,Sudeste,Municipal,26,71.9,96.32,58.85,54.64,0.2809999999999999,13.05,False,False,Santa Maria de Itabira,MG,3,Intermediário
3158201,MG,Sudeste,Estadual,25,82.45,91.12,,84.43,0.1755,,True,False,Santa Maria do Suaçuí,MG,1,Consolidado
3158904,MG,Sudeste,Municipal,21,80.23,76.24,80.0,90.59,0.1977,0.23,False,False,Santana do Manhuaçu,MG,1,Consolidado
3158953,MG,Sudeste,Municipal,120,76.07,66.41,71.41,69.78,0.23930000000000007,4.66,False,False,Santana do Paraíso,MG,1,Consolidado
3159001,MG,Sudeste,Municipal,20,78.65,83.95,64.05,60.89,0.2134999999999999,14.6,False,False,Santana do Riacho,MG,3,Intermediário
3159357,MG,Sudeste,Municipal,20,75.73,64.34,64.4,61.31,0.24269999999999992,11.33,False,False,Santa Rita de Minas,MG,3,Intermediário
3159605,MG,Sudeste,Estadual,25,81.11,100.0,,90.34,0.18889999999999996,,True,False,Santa Rita do Sapucaí,MG,1,Consolidado
3159605,MG,Sudeste,Municipal,84,65.67,70.61,54.67,49.69,0.34329999999999994,11.0,False,False,Santa Rita do Sapucaí,MG,3,Intermediário
3159803,MG,Sudeste,Municipal,66,78.07,58.93,72.24,70.78,0.21930000000000005,5.83,False,False,Santa Vitória,MG,1,Consolidado
3159902,MG,Sudeste,Municipal,53,82.28,80.28,80.0,83.75,0.17720000000000002,2.28,False,False,Santo Antônio do Amparo,MG,1,Consolidado
3160306,MG,Sudeste,Municipal,28,71.33,66.5,65.75,62.95,0.28670000000000007,5.58,False,False,Santo Antônio do Jacinto,MG,1,Consolidado
3160405,MG,Sudeste,Municipal,112,78.61,85.55,80.0,82.37,0.21389999999999998,-1.39,False,True,Santo Antônio do Monte,MG,1,Consolidado
3160454,MG,Sudeste,Municipal,22,80.86,49.29,78.39,78.11,0.19140000000000001,2.47,False,False,Santo Antônio do Retiro,MG,1,Consolidado
3160702,MG,Sudeste,Estadual,71,72.14,71.57,,57.32,0.27859999999999996,,True,False,Santos Dumont,MG,0,Atenção
3160702,MG,Sudeste,Municipal,26,71.44,73.26,59.95,55.96,0.2856000000000001,11.49,False,False,Santos Dumont,MG,3,Intermediário
3160959,MG,Sudeste,Municipal,42,82.4,90.48,80.0,90.7,0.17599999999999993,2.4,False,False,São Domingos das Dores,MG,1,Consolidado
3161007,MG,Sudeste,Municipal,38,77.15,78.72,70.8,69.05,0.22849999999999993,6.35,False,False,São Domingos do Prata,MG,1,Consolidado
3161106,MG,Sudeste,Estadual,85,58.56,62.79,,45.72,0.4144,,True,False,São Francisco,MG,0,Atenção
3161106,MG,Sudeste,Municipal,104,65.27,60.66,51.71,46.23,0.34730000000000005,13.56,False,False,São Francisco,MG,3,Intermediário
3161205,MG,Sudeste,Municipal,24,74.94,79.25,78.86,78.67,0.25060000000000004,-3.92,False,True,São Francisco de Paula,MG,1,Consolidado
3161502,MG,Sudeste,Municipal,22,77.83,90.8,80.0,81.24,0.2217,-2.17,False,True,São Geraldo,MG,1,Consolidado
3161809,MG,Sudeste,Municipal,29,75.94,78.92,64.24,61.12,0.24060000000000004,11.7,False,False,São Gonçalo do Pará,MG,3,Intermediário
3161908,MG,Sudeste,Municipal,52,78.99,86.63,80.0,80.53,0.21010000000000006,-1.01,False,True,São Gonçalo do Rio Abaixo,MG,1,Consolidado
3162005,MG,Sudeste,Municipal,63,76.34,79.43,76.83,76.27,0.23659999999999992,-0.49,False,True,São Gonçalo do Sapucaí,MG,1,Consolidado
3162104,MG,Sudeste,Municipal,148,68.72,75.92,57.5,53.04,0.31279999999999997,11.22,False,False,São Gotardo,MG,3,Intermediário
3162203,MG,Sudeste,Municipal,28,80.22,85.42,80.0,82.43,0.19779999999999998,0.22,False,False,São João Batista do Glória,MG,1,Consolidado
3162401,MG,Sudeste,Municipal,52,75.49,56.18,67.96,65.62,0.2451000000000001,7.53,False,False,São João da Ponte,MG,1,Consolidado
3162500,MG,Sudeste,Estadual,115,77.89,77.11,,66.8,0.22109999999999996,,True,False,São João del Rei,MG,1,Consolidado
3162500,MG,Sudeste,Municipal,126,68.56,73.75,59.67,55.63,0.3144,8.89,False,False,São João del Rei,MG,3,Intermediário
3162559,MG,Sudeste,Municipal,50,78.27,70.13,77.22,76.73,0.21730000000000005,1.05,False,False,São João do Manhuaçu,MG,1,Consolidado
3162609,MG,Sudeste,Municipal,29,81.13,74.71,80.0,83.42,0.1887000000000001,1.13,False,False,São João do Oriente,MG,1,Consolidado
3162708,MG,Sudeste,Municipal,74,77.08,85.52,71.98,70.47,0.22920000000000007,5.1,False,False,São João do Paraíso,MG,1,Consolidado
3162807,MG,Sudeste,Municipal,47,86.49,68.22,80.0,92.58,0.1351,6.49,False,False,São João Evangelista,MG,1,Consolidado
3162906,MG,Sudeste,Municipal,67,77.47,82.76,70.39,68.55,0.22530000000000006,7.08,False,False,São João Nepomuceno,MG,1,Consolidado
3162922,MG,Sudeste,Municipal,157,68.5,83.85,53.39,48.19,0.31499999999999995,15.11,False,False,São Joaquim de Bicas,MG,3,Intermediário
3162948,MG,Sudeste,Municipal,22,78.62,71.56,80.0,85.61,0.2138,-1.38,False,True,São José da Barra,MG,1,Consolidado
3162955,MG,Sudeste,Municipal,93,73.54,76.51,65.31,62.41,0.26459999999999995,8.23,False,False,São José da Lapa,MG,3,Intermediário
3163201,MG,Sudeste,Municipal,21,79.21,95.18,77.75,77.36,0.20790000000000008,1.46,False,False,São José do Alegre,MG,1,Consolidado
3163706,MG,Sudeste,Municipal,123,76.58,86.36,66.73,64.13,0.23419999999999996,9.85,False,False,São Lourenço,MG,3,Intermediário
3163805,MG,Sudeste,Municipal,27,77.87,85.44,75.65,74.87,0.22129999999999994,2.22,False,False,São Miguel do Anta,MG,1,Consolidado
3164001,MG,Sudeste,Municipal,27,78.87,67.62,80.0,81.45,0.21129999999999993,-1.13,False,True,São Pedro dos Ferros,MG,1,Consolidado
3164209,MG,Sudeste,Municipal,23,69.97,74.45,55.73,50.94,0.3003,14.24,False,False,São Romão,MG,3,Intermediário
3164407,MG,Sudeste,Municipal,22,76.61,91.35,69.08,66.97,0.2339,7.53,False,False,São Sebastião da Bela Vista,MG,1,Consolidado
3164472,MG,Sudeste,Municipal,22,74.58,84.64,61.81,58.19,0.2542,12.77,False,False,São Sebastião do Anta,MG,3,Intermediário
3164605,MG,Sudeste,Municipal,46,78.74,73.59,72.84,71.5,0.2126,5.9,False,False,São Sebastião do Oeste,MG,1,Consolidado
3164704,MG,Sudeste,Municipal,235,75.48,82.84,67.85,65.48,0.24519999999999997,7.63,False,False,São Sebastião do Paraíso,MG,1,Consolidado
3165008,MG,Sudeste,Municipal,24,83.33,100.0,80.0,90.52,0.16670000000000007,3.33,False,False,São Tiago,MG,1,Consolidado
3165107,MG,Sudeste,Municipal,38,78.61,86.75,70.04,68.13,0.21389999999999998,8.57,False,False,São Tomás de Aquino,MG,1,Consolidado
3165206,MG,Sudeste,Municipal,20,82.16,90.16,80.0,86.0,0.1784,2.16,False,False,São Thomé das Letras,MG,1,Consolidado
3165305,MG,Sudeste,Municipal,24,74.81,71.04,63.39,60.1,0.2519,11.42,False,False,São Vicente de Minas,MG,3,Intermediário
3165404,MG,Sudeste,Municipal,21,63.82,71.61,57.41,52.93,0.3618,6.41,False,False,Sapucaí-Mirim,MG,3,Intermediário
3165537,MG,Sudeste,Municipal,140,78.35,82.89,80.0,80.06,0.21650000000000003,-1.65,False,True,Sarzedo,MG,1,Consolidado
3165552,MG,Sudeste,Estadual,38,63.25,70.77,,40.84,0.36750000000000005,,True,False,Setubinha,MG,0,Atenção
3165701,MG,Sudeste,Municipal,25,74.94,80.24,68.56,66.34,0.25060000000000004,6.38,False,False,Senador Firmino,MG,1,Consolidado
3166204,MG,Sudeste,Municipal,23,83.97,78.21,80.0,100.0,0.1603,3.97,False,False,Senhora dos Remédios,MG,1,Consolidado
3166709,MG,Sudeste,Municipal,25,71.52,71.28,56.46,51.8,0.28480000000000005,15.06,False,False,Serra dos Aimorés,MG,3,Intermediário
3166808,MG,Sudeste,Municipal,47,74.97,75.4,63.21,59.88,0.25029999999999997,11.76,False,False,Serra do Salitre,MG,3,Intermediário
3166907,MG,Sudeste,Municipal,30,76.74,78.37,66.47,63.81,0.23260000000000003,10.27,False,False,Serrania,MG,3,Intermediário
3167103,MG,Sudeste,Estadual,56,75.82,65.55,,65.83,0.24180000000000001,,True,False,Serro,MG,0,Atenção
3167202,MG,Sudeste,Estadual,298,71.09,78.23,,61.56,0.2890999999999999,,True,False,Sete Lagoas,MG,0,Atenção
3167202,MG,Sudeste,Municipal,261,69.02,60.04,57.97,53.59,0.3098000000000001,11.05,False,False,Sete Lagoas,MG,3,Intermediário
3167400,MG,Sudeste,Municipal,20,72.65,75.68,58.35,54.05,0.27349999999999997,14.3,False,False,Silvianópolis,MG,3,Intermediário
3167608,MG,Sudeste,Estadual,27,79.55,82.12,,90.27,0.20450000000000002,,True,False,Simonésia,MG,1,Consolidado
3167608,MG,Sudeste,Municipal,40,74.29,71.08,67.98,65.64,0.2570999999999999,6.31,False,False,Simonésia,MG,1,Consolidado
3168002,MG,Sudeste,Municipal,106,77.47,86.75,70.99,69.28,0.22530000000000006,6.48,False,False,Taiobeiras,MG,1,Consolidado
3168101,MG,Sudeste,Municipal,27,74.92,80.54,60.07,56.1,0.2508,14.85,False,False,Tapira,MG,3,Intermediário
3168309,MG,Sudeste,Municipal,26,78.02,96.22,68.34,66.07,0.2198,9.68,False,False,Taquaraçu de Minas,MG,1,Consolidado
3168408,MG,Sudeste,Estadual,21,65.57,85.94,,45.9,0.34430000000000005,,True,False,Tarumirim,MG,0,Atenção
3168507,MG,Sudeste,Municipal,23,76.77,72.98,76.18,75.5,0.23230000000000006,0.59,False,False,Teixeiras,MG,1,Consolidado
3168606,MG,Sudeste,Estadual,240,68.39,61.81,,54.1,0.31610000000000005,,True,False,Teófilo Otoni,MG,0,Atenção
3168606,MG,Sudeste,Municipal,192,69.05,66.33,55.57,50.75,0.3095,13.48,False,False,Teófilo Otoni,MG,3,Intermediário
3168705,MG,Sudeste,Estadual,113,81.46,84.38,,80.92,0.1854,,True,False,Timóteo,MG,1,Consolidado
3168705,MG,Sudeste,Municipal,105,71.43,68.15,59.91,55.91,0.28569999999999995,11.52,False,False,Timóteo,MG,3,Intermediário
3169000,MG,Sudeste,Municipal,54,73.62,70.86,61.96,58.37,0.2637999999999999,11.66,False,False,Tocantins,MG,3,Intermediário
3169109,MG,Sudeste,Municipal,33,74.59,88.22,65.89,63.11,0.2541,8.7,False,False,Toledo,MG,3,Intermediário
3169208,MG,Sudeste,Municipal,23,72.09,82.66,60.67,56.82,0.2791,11.42,False,False,Tombos,MG,3,Intermediário
3169307,MG,Sudeste,Municipal,180,68.85,70.28,55.52,50.69,0.3115000000000001,13.33,False,False,Três Corações,MG,3,Intermediário
3169356,MG,Sudeste,Municipal,79,77.72,81.33,70.22,68.34,0.2228,7.5,False,False,Três Marias,MG,1,Consolidado
3169406,MG,Sudeste,Estadual,23,63.18,67.44,,33.86,0.36819999999999997,,True,False,Três Pontas,MG,0,Atenção
3169406,MG,Sudeste,Municipal,142,73.88,82.14,64.27,61.16,0.2612000000000001,9.61,False,False,Três Pontas,MG,3,Intermediário
3169604,MG,Sudeste,Municipal,77,59.3,58.05,45.41,39.03,0.40700000000000003,13.89,False,False,Tupaciguara,MG,3,Intermediário
3169703,MG,Sudeste,Estadual,39,75.22,84.67,,54.71,0.24780000000000002,,True,False,Turmalina,MG,0,Atenção
3169703,MG,Sudeste,Municipal,30,66.92,83.54,58.26,53.94,0.3308,8.66,False,False,Turmalina,MG,3,Intermediário
3169901,MG,Sudeste,Estadual,27,79.18,71.23,,75.58,0.20819999999999994,,True,False,Ubá,MG,1,Consolidado
3169901,MG,Sudeste,Municipal,261,75.33,75.83,67.05,64.51,0.24670000000000003,8.28,False,False,Ubá,MG,1,Consolidado
3170008,MG,Sudeste,Municipal,23,76.96,52.89,71.8,70.25,0.23040000000000005,5.16,False,False,Ubaí,MG,1,Consolidado
3170057,MG,Sudeste,Estadual,20,65.21,80.26,,44.42,0.3479000000000001,,True,False,Ubaporanga,MG,0,Atenção
3170057,MG,Sudeste,Municipal,36,75.63,73.22,70.32,68.46,0.24370000000000003,5.31,False,False,Ubaporanga,MG,1,Consolidado
3170107,MG,Sudeste,Estadual,271,73.88,64.73,,59.68,0.2612000000000001,,True,False,Uberaba,MG,0,Atenção
3170107,MG,Sudeste,Municipal,673,57.2,57.49,51.32,45.77,0.42799999999999994,5.88,False,False,Uberaba,MG,3,Intermediário
3170206,MG,Sudeste,Estadual,465,69.97,69.62,,57.02,0.3003,,True,False,Uberlândia,MG,0,Atenção
3170206,MG,Sudeste,Municipal,1486,67.85,63.96,55.71,50.92,0.3215,12.14,False,False,Uberlândia,MG,3,Intermediário
3170404,MG,Sudeste,Estadual,145,70.8,73.88,,55.53,0.29200000000000004,,True,False,Unaí,MG,0,Atenção
3170404,MG,Sudeste,Municipal,119,71.14,60.89,60.33,56.42,0.28859999999999997,10.81,False,False,Unaí,MG,3,Intermediário
3170529,MG,Sudeste,Municipal,24,69.7,75.0,60.76,56.93,0.30299999999999994,8.94,False,False,Urucuia,MG,3,Intermediário
3170578,MG,Sudeste,Municipal,24,80.21,83.33,80.0,82.74,0.19790000000000008,0.21,False,False,Vargem Alegre,MG,1,Consolidado
3170701,MG,Sudeste,Municipal,360,68.07,71.12,55.51,50.68,0.31930000000000003,12.56,False,False,Varginha,MG,3,Intermediário
3170750,MG,Sudeste,Municipal,31,71.38,93.51,61.0,57.22,0.2862,10.38,False,False,Varjão de Minas,MG,3,Intermediário
3170800,MG,Sudeste,Municipal,98,73.14,72.94,64.73,61.71,0.26859999999999995,8.41,False,False,Várzea da Palma,MG,3,Intermediário
3170909,MG,Sudeste,Estadual,29,74.61,69.3,,59.15,0.2539,,True,False,Varzelândia,MG,0,Atenção
3170909,MG,Sudeste,Municipal,27,68.63,78.04,52.18,46.78,0.3137000000000001,16.45,False,False,Varzelândia,MG,3,Intermediário
3171006,MG,Sudeste,Estadual,25,73.36,52.09,,54.63,0.26639999999999997,,True,False,Vazante,MG,0,Atenção
3171006,MG,Sudeste,Municipal,32,66.1,71.26,49.64,43.84,0.3390000000000001,16.46,False,False,Vazante,MG,3,Intermediário
3171030,MG,Sudeste,Estadual,30,61.3,39.93,,33.8,0.387,,True,False,Verdelândia,MG,0,Atenção
3171071,MG,Sudeste,Municipal,23,77.58,86.89,65.08,62.13,0.22420000000000007,12.5,False,False,Veredinha,MG,3,Intermediário
3171204,MG,Sudeste,Municipal,465,67.49,70.96,58.37,54.07,0.32510000000000006,9.12,False,False,Vespasiano,MG,3,Intermediário
3171303,MG,Sudeste,Estadual,56,73.53,89.34,,60.43,0.26469999999999994,,True,False,Viçosa,MG,0,Atenção
3171303,MG,Sudeste,Municipal,107,74.97,71.98,65.52,62.67,0.25029999999999997,9.45,False,False,Viçosa,MG,3,Intermediário
3171600,MG,Sudeste,Municipal,25,67.72,68.28,55.04,50.12,0.3228,12.68,False,False,Virgem da Lapa,MG,3,Intermediário
3171709,MG,Sudeste,Municipal,25,75.14,65.13,61.6,57.94,0.24860000000000004,13.54,False,False,Virgínia,MG,3,Intermediário
3171808,MG,Sudeste,Municipal,34,67.14,81.54,49.9,44.13,0.3286,17.24,False,False,Virginópolis,MG,3,Intermediário
3172004,MG,Sudeste,Estadual,78,75.67,80.08,,60.63,0.24329999999999996,,True,False,Visconde do Rio Branco,MG,0,Atenção
3172004,MG,Sudeste,Municipal,32,69.87,68.49,60.26,56.33,0.3012999999999999,9.61,False,False,Visconde do Rio Branco,MG,3,Intermediário
3200102,ES,Sudeste,Estadual,29,84.36,74.35,,89.8,0.15639999999999998,,True,False,Afonso Cláudio,ES,1,Consolidado
3200102,ES,Sudeste,Municipal,57,86.21,94.62,80.0,86.49,0.13790000000000002,6.21,False,False,Afonso Cláudio,ES,1,Consolidado
3200136,ES,Sudeste,Municipal,49,86.78,94.01,80.0,92.34,0.13219999999999998,6.78,False,False,Águia Branca,ES,1,Consolidado
3200169,ES,Sudeste,Municipal,51,80.17,74.89,77.74,77.35,0.19830000000000003,2.43,False,False,Água Doce do Norte,ES,1,Consolidado
3200201,ES,Sudeste,Municipal,61,72.09,89.87,69.0,66.87,0.2791,3.09,False,False,Alegre,ES,1,Consolidado
3200300,ES,Sudeste,Municipal,29,79.05,83.24,75.35,74.51,0.20950000000000002,3.7,False,False,Alfredo Chaves,ES,1,Consolidado
3200359,ES,Sudeste,Municipal,34,72.12,91.17,67.16,64.65,0.27879999999999994,4.96,False,False,Alto Rio Novo,ES,1,Consolidado
3200409,ES,Sudeste,Municipal,132,81.18,88.75,80.0,81.82,0.18819999999999992,1.18,False,False,Anchieta,ES,1,Consolidado
3200508,ES,Sudeste,Municipal,32,69.09,65.04,61.98,58.4,0.30909999999999993,7.11,False,False,Apiacá,ES,3,Intermediário
3200607,ES,Sudeste,Municipal,420,74.28,76.1,72.36,70.91,0.2572,1.92,False,False,Aracruz,ES,1,Consolidado
3200706,ES,Sudeste,Municipal,32,78.1,74.16,75.4,74.59,0.21900000000000008,2.7,False,False,Atilio Vivacqua,ES,1,Consolidado
3200805,ES,Sudeste,Municipal,87,75.25,80.53,70.62,68.83,0.24750000000000005,4.63,False,False,Baixo Guandu,ES,1,Consolidado
3200904,ES,Sudeste,Municipal,160,78.89,84.48,78.66,78.43,0.21109999999999995,0.23,False,False,Barra de São Francisco,ES,1,Consolidado
3201001,ES,Sudeste,Municipal,63,79.88,87.09,77.19,76.7,0.20120000000000005,2.69,False,False,Boa Esperança,ES,1,Consolidado
3201100,ES,Sudeste,Municipal,31,75.85,64.68,69.22,67.14,0.24150000000000005,6.63,False,False,Bom Jesus do Norte,ES,1,Consolidado
3201159,ES,Sudeste,Estadual,22,82.73,91.88,,83.37,0.17269999999999996,,True,False,Brejetuba,ES,1,Consolidado
3201159,ES,Sudeste,Municipal,58,72.51,91.44,69.4,67.36,0.2748999999999999,3.11,False,False,Brejetuba,ES,1,Consolidado
3201209,ES,Sudeste,Municipal,589,68.3,72.86,67.7,65.31,0.31700000000000006,0.6,False,False,Cachoeiro de Itapemirim,ES,0,Atenção
3201308,ES,Sudeste,Municipal,1477,60.25,64.53,60.94,57.15,0.39749999999999996,-0.69,False,True,Cariacica,ES,0,Atenção
3201407,ES,Sudeste,Municipal,96,75.68,82.33,73.43,72.21,0.24319999999999997,2.25,False,False,Castelo,ES,1,Consolidado
3201506,ES,Sudeste,Estadual,26,85.43,88.39,,91.39,0.14569999999999994,,True,False,Colatina,ES,1,Consolidado
3201506,ES,Sudeste,Municipal,336,74.58,75.4,74.72,73.76,0.2542,-0.14,False,True,Colatina,ES,1,Consolidado
3201605,ES,Sudeste,Municipal,110,78.99,68.9,74.67,73.69,0.21010000000000006,4.32,False,False,Conceição da Barra,ES,1,Consolidado
3201704,ES,Sudeste,Municipal,60,80.08,76.59,77.84,77.46,0.19920000000000004,2.24,False,False,Conceição do Castelo,ES,1,Consolidado
3201803,ES,Sudeste,Municipal,23,65.12,82.4,51.59,46.1,0.3488,13.53,False,False,Divino de São Lourenço,ES,3,Intermediário
3201902,ES,Sudeste,Municipal,108,79.73,83.82,80.0,80.64,0.2027,-0.27,False,True,Domingos Martins,ES,1,Consolidado
3202009,ES,Sudeste,Municipal,35,83.18,82.76,80.0,84.32,0.1681999999999999,3.18,False,False,Dores do Rio Preto,ES,1,Consolidado
3202108,ES,Sudeste,Municipal,56,74.51,93.06,70.94,69.19,0.2548999999999999,3.57,False,False,Ecoporanga,ES,1,Consolidado
3202207,ES,Sudeste,Municipal,58,69.27,71.98,64.41,61.34,0.3073,4.86,False,False,Fundão,ES,0,Atenção
3202256,ES,Sudeste,Estadual,21,77.63,89.88,,66.81,0.2237,,True,False,Governador Lindenberg,ES,1,Consolidado
3202306,ES,Sudeste,Municipal,112,77.28,76.78,74.96,74.04,0.22719999999999996,2.32,False,False,Guaçuí,ES,1,Consolidado
3202405,ES,Sudeste,Municipal,481,72.49,76.92,73.1,71.81,0.2751,-0.61,False,True,Guarapari,ES,1,Consolidado
3202454,ES,Sudeste,Municipal,95,83.25,83.33,80.0,80.53,0.16749999999999998,3.25,False,False,Ibatiba,ES,1,Consolidado
3202504,ES,Sudeste,Municipal,47,73.46,79.12,69.69,67.69,0.2654000000000001,3.77,False,False,Ibiraçu,ES,1,Consolidado
3202553,ES,Sudeste,Municipal,49,80.77,81.53,74.85,73.88,0.19230000000000003,5.92,False,False,Ibitirama,ES,1,Consolidado
3202603,ES,Sudeste,Municipal,41,78.12,72.84,76.89,76.35,0.2188,1.23,False,False,Iconha,ES,1,Consolidado
3202652,ES,Sudeste,Municipal,42,75.95,73.46,69.44,67.4,0.24049999999999994,6.51,False,False,Irupi,ES,1,Consolidado
3202702,ES,Sudeste,Municipal,38,78.55,89.62,74.88,73.95,0.21450000000000002,3.67,False,False,Itaguaçu,ES,1,Consolidado
3202801,ES,Sudeste,Municipal,157,67.83,76.31,64.07,60.92,0.3217,3.76,False,False,Itapemirim,ES,0,Atenção
3203007,ES,Sudeste,Municipal,112,78.23,67.98,73.2,71.93,0.2177,5.03,False,False,Iúna,ES,1,Consolidado
3203056,ES,Sudeste,Municipal,140,76.14,84.33,73.41,72.18,0.23860000000000003,2.73,False,False,Jaguaré,ES,1,Consolidado
3203106,ES,Sudeste,Municipal,51,75.42,76.48,71.71,70.14,0.24580000000000002,3.71,False,False,Jerônimo Monteiro,ES,1,Consolidado
3203130,ES,Sudeste,Municipal,37,75.05,75.05,73.12,71.84,0.24950000000000006,1.93,False,False,João Neiva,ES,1,Consolidado
3203205,ES,Sudeste,Municipal,686,66.04,65.31,66.76,64.16,0.3395999999999999,-0.72,False,True,Linhares,ES,0,Atenção
3203304,ES,Sudeste,Municipal,46,86.95,97.97,80.0,91.73,0.13049999999999995,6.95,False,False,Mantenópolis,ES,1,Consolidado
3203320,ES,Sudeste,Municipal,180,78.21,68.08,74.32,73.3,0.2179000000000001,3.89,False,False,Marataízes,ES,1,Consolidado
3203346,ES,Sudeste,Municipal,60,79.22,86.28,78.47,78.18,0.20779999999999998,0.75,False,False,Marechal Floriano,ES,1,Consolidado
3203353,ES,Sudeste,Municipal,37,78.8,76.05,78.73,78.51,0.21200000000000008,0.07,False,False,Marilândia,ES,1,Consolidado
3203403,ES,Sudeste,Municipal,66,75.25,72.83,69.97,68.04,0.24750000000000005,5.28,False,False,Mimoso do Sul,ES,1,Consolidado
3203502,ES,Sudeste,Municipal,68,69.49,82.33,65.84,63.06,0.30510000000000004,3.65,False,False,Montanha,ES,0,Atenção
3203601,ES,Sudeste,Municipal,20,82.99,89.94,80.0,83.71,0.17010000000000003,2.99,False,False,Mucurici,ES,1,Consolidado
3203700,ES,Sudeste,Municipal,37,86.37,75.5,80.0,88.17,0.13629999999999998,6.37,False,False,Muniz Freire,ES,1,Consolidado
3203809,ES,Sudeste,Municipal,36,71.34,69.09,66.19,63.47,0.28659999999999997,5.15,False,False,Muqui,ES,1,Consolidado
3203908,ES,Sudeste,Municipal,168,82.99,83.2,80.0,83.51,0.17010000000000003,2.99,False,False,Nova Venécia,ES,1,Consolidado
3204005,ES,Sudeste,Municipal,45,82.07,89.01,80.0,83.03,0.17930000000000001,2.07,False,False,Pancas,ES,1,Consolidado
3204054,ES,Sudeste,Municipal,90,76.17,85.65,70.99,69.28,0.23829999999999996,5.18,False,False,Pedro Canário,ES,1,Consolidado
3204104,ES,Sudeste,Municipal,94,78.96,83.77,77.69,77.29,0.21040000000000003,1.27,False,False,Pinheiros,ES,1,Consolidado
3204203,ES,Sudeste,Municipal,119,68.1,71.31,65.36,62.47,0.31900000000000006,2.74,False,False,Piúma,ES,0,Atenção
3204252,ES,Sudeste,Municipal,28,85.34,86.3,80.0,81.8,0.14659999999999995,5.34,False,False,Ponto Belo,ES,1,Consolidado
3204302,ES,Sudeste,Municipal,61,76.36,69.55,70.22,68.34,0.23640000000000005,6.14,False,False,Presidente Kennedy,ES,1,Consolidado
3204351,ES,Sudeste,Municipal,81,77.66,90.16,75.44,74.62,0.22340000000000004,2.22,False,False,Rio Bananal,ES,1,Consolidado
3204401,ES,Sudeste,Municipal,48,80.65,77.62,78.33,78.05,0.1934999999999999,2.32,False,False,Rio Novo do Sul,ES,1,Consolidado
3204500,ES,Sudeste,Municipal,39,82.5,74.79,80.0,83.81,0.17500000000000004,2.5,False,False,Santa Leopoldina,ES,1,Consolidado
3204559,ES,Sudeste,Estadual,96,87.59,87.58,,85.48,0.12409999999999999,,True,False,Santa Maria de Jetibá,ES,1,Consolidado
3204559,ES,Sudeste,Municipal,72,84.7,80.25,80.0,85.81,0.15300000000000002,4.7,False,False,Santa Maria de Jetibá,ES,1,Consolidado
3204609,ES,Sudeste,Municipal,64,83.71,81.47,80.0,84.06,0.16290000000000004,3.71,False,False,Santa Teresa,ES,1,Consolidado
3204658,ES,Sudeste,Municipal,29,85.1,81.19,80.0,88.08,0.14900000000000002,5.1,False,False,São Domingos do Norte,ES,1,Consolidado
3204708,ES,Sudeste,Municipal,106,76.29,79.5,73.64,72.46,0.23709999999999998,2.65,False,False,São Gabriel da Palha,ES,1,Consolidado
3204807,ES,Sudeste,Municipal,32,78.48,62.13,75.36,74.52,0.21519999999999995,3.12,False,False,São José do Calçado,ES,1,Consolidado
3204906,ES,Sudeste,Estadual,38,84.69,80.09,,82.81,0.1531,,True,False,São Mateus,ES,1,Consolidado
3204906,ES,Sudeste,Municipal,469,72.83,66.32,69.26,67.19,0.27170000000000005,3.57,False,False,São Mateus,ES,1,Consolidado
3204955,ES,Sudeste,Municipal,36,75.08,86.56,75.39,74.56,0.24919999999999998,-0.31,False,True,São Roque do Canaã,ES,1,Consolidado
3205002,ES,Sudeste,Estadual,261,72.56,83.28,,69.15,0.2744,,True,False,Serra,ES,0,Atenção
3205002,ES,Sudeste,Municipal,1844,65.9,57.23,62.54,59.07,0.34099999999999997,3.36,False,False,Serra,ES,0,Atenção
3205010,ES,Sudeste,Municipal,139,76.26,68.11,69.28,67.22,0.23739999999999994,6.98,False,False,Sooretama,ES,1,Consolidado
3205036,ES,Sudeste,Municipal,66,77.48,69.83,72.36,70.93,0.22519999999999996,5.12,False,False,Vargem Alta,ES,1,Consolidado
3205069,ES,Sudeste,Estadual,46,85.18,93.52,,84.42,0.1481999999999999,,True,False,Venda Nova do Imigrante,ES,1,Consolidado
3205069,ES,Sudeste,Municipal,43,82.85,81.87,80.0,83.02,0.1715000000000001,2.85,False,False,Venda Nova do Imigrante,ES,1,Consolidado
3205101,ES,Sudeste,Municipal,336,75.28,70.59,71.71,70.14,0.24719999999999998,3.57,False,False,Viana,ES,1,Consolidado
3205176,ES,Sudeste,Municipal,62,83.14,80.4,80.0,83.47,0.16859999999999997,3.14,False,False,Vila Valério,ES,1,Consolidado
3205200,ES,Sudeste,Municipal,1391,70.26,70.31,70.0,68.08,0.2974,0.26,False,False,Vila Velha,ES,1,Consolidado
3205309,ES,Sudeste,Municipal,876,70.8,73.32,68.18,65.88,0.29200000000000004,2.62,False,False,Vitória,ES,1,Consolidado
3300100,RJ,Sudeste,Municipal,564,59.96,59.98,60.82,57.01,0.4004,-0.86,False,True,Angra dos Reis,RJ,0,Atenção
3300159,RJ,Sudeste,Municipal,27,62.0,74.26,62.76,59.34,0.38,-0.76,False,True,Aperibé,RJ,0,Atenção
3300209,RJ,Sudeste,Municipal,393,52.66,57.0,55.66,50.76,0.47340000000000004,-3.0,False,True,Araruama,RJ,0,Atenção
3300225,RJ,Sudeste,Municipal,39,63.35,62.48,65.34,62.32,0.36649999999999994,-1.99,False,True,Areal,RJ,0,Atenção
3300233,RJ,Sudeste,Municipal,211,69.75,69.39,69.27,67.2,0.3025,0.48,False,False,Armação dos Búzios,RJ,1,Consolidado
3300258,RJ,Sudeste,Municipal,133,51.46,53.09,55.35,50.49,0.48539999999999994,-3.89,False,True,Arraial do Cabo,RJ,0,Atenção
3300308,RJ,Sudeste,Municipal,229,46.56,45.53,50.89,45.28,0.5344,-4.33,False,True,Barra do Piraí,RJ,2,Crítico
3300407,RJ,Sudeste,Municipal,406,60.88,66.15,62.64,59.16,0.3912,-1.76,False,True,Barra Mansa,RJ,0,Atenção
3300456,RJ,Sudeste,Municipal,1014,37.27,39.61,41.51,34.73,0.6273,-4.24,False,True,Belford Roxo,RJ,2,Crítico
3300506,RJ,Sudeste,Municipal,87,53.91,63.58,55.3,50.67,0.4609000000000001,-1.39,False,True,Bom Jardim,RJ,0,Atenção
3300605,RJ,Sudeste,Municipal,75,64.55,72.28,61.57,58.36,0.35450000000000004,2.98,False,False,Bom Jesus do Itabapoana,RJ,0,Atenção
3300704,RJ,Sudeste,Municipal,716,48.11,58.37,58.8,54.58,0.5189,-10.69,False,True,Cabo Frio,RJ,0,Atenção
3300803,RJ,Sudeste,Municipal,158,50.79,52.11,55.43,50.56,0.4921,-4.64,False,True,Cachoeiras de Macacu,RJ,0,Atenção
3300902,RJ,Sudeste,Municipal,34,69.43,70.77,70.76,69.0,0.30569999999999997,-1.33,False,True,Cambuci,RJ,1,Consolidado
3300936,RJ,Sudeste,Municipal,40,52.75,57.76,55.79,50.91,0.47250000000000003,-3.04,False,True,Carapebus,RJ,0,Atenção
3300951,RJ,Sudeste,Municipal,27,53.38,81.72,56.32,51.64,0.46619999999999995,-2.94,False,True,Comendador Levy Gasparian,RJ,0,Atenção
3301009,RJ,Sudeste,Estadual,24,63.9,71.12,,,0.361,,True,False,Campos dos Goytacazes,RJ,0,Atenção
3301009,RJ,Sudeste,Municipal,1240,40.67,36.3,45.1,38.67,0.5932999999999999,-4.43,False,True,Campos dos Goytacazes,RJ,2,Crítico
3301108,RJ,Sudeste,Municipal,57,62.16,52.86,59.77,55.7,0.37840000000000007,2.39,False,False,Cantagalo,RJ,0,Atenção
3301157,RJ,Sudeste,Municipal,56,47.74,31.27,38.93,31.91,0.5226,8.81,False,False,Cardoso Moreira,RJ,2,Crítico
3301207,RJ,Sudeste,Municipal,51,50.28,64.51,49.44,43.6,0.4972,0.84,False,False,Carmo,RJ,2,Crítico
3301306,RJ,Sudeste,Municipal,169,60.68,55.93,59.09,54.88,0.3932,1.59,False,False,Casimiro de Abreu,RJ,0,Atenção
3301405,RJ,Sudeste,Municipal,53,54.58,49.29,54.71,49.72,0.45420000000000005,-0.13,False,True,Conceição de Macabu,RJ,0,Atenção
3301504,RJ,Sudeste,Municipal,66,61.85,73.35,62.66,59.21,0.38149999999999995,-0.81,False,True,Cordeiro,RJ,0,Atenção
3301603,RJ,Sudeste,Municipal,51,63.66,70.37,61.52,58.02,0.36340000000000006,2.14,False,False,Duas Barras,RJ,0,Atenção
3301702,RJ,Sudeste,Municipal,2126,47.25,44.8,52.5,47.15,0.5275000000000001,-5.25,False,True,Duque de Caxias,RJ,2,Crítico
3301801,RJ,Sudeste,Municipal,34,65.08,56.71,65.8,63.02,0.34920000000000007,-0.72,False,True,Engenheiro Paulo de Frontin,RJ,0,Atenção
3301850,RJ,Sudeste,Municipal,212,52.55,48.25,55.1,50.18,0.47450000000000003,-2.55,False,True,Guapimirim,RJ,0,Atenção
3301876,RJ,Sudeste,Municipal,94,63.26,70.18,65.34,62.31,0.36740000000000006,-2.08,False,True,Iguaba Grande,RJ,0,Atenção
3301900,RJ,Sudeste,Municipal,827,52.26,51.09,56.04,51.25,0.47740000000000005,-3.78,False,True,Itaboraí,RJ,0,Atenção
3302007,RJ,Sudeste,Municipal,451,44.35,41.01,48.08,41.99,0.5565,-3.73,False,True,Itaguaí,RJ,2,Crítico
3302056,RJ,Sudeste,Municipal,42,60.25,51.3,58.72,54.94,0.39749999999999996,1.53,False,False,Italva,RJ,0,Atenção
3302106,RJ,Sudeste,Municipal,69,65.74,76.63,67.71,65.19,0.3426,-1.97,False,True,Itaocara,RJ,0,Atenção
3302205,RJ,Sudeste,Municipal,221,70.24,63.57,70.46,68.69,0.2976000000000001,-0.22,False,True,Itaperuna,RJ,1,Consolidado
3302254,RJ,Sudeste,Municipal,127,67.24,68.4,67.45,65.05,0.3276,-0.21,False,True,Itatiaia,RJ,0,Atenção
3302270,RJ,Sudeste,Municipal,362,38.38,34.47,45.46,39.14,0.6162,-7.08,False,True,Japeri,RJ,2,Crítico
3302304,RJ,Sudeste,Municipal,28,55.31,43.06,50.82,45.19,0.44689999999999996,4.49,False,False,Laje do Muriaé,RJ,3,Intermediário
3302403,RJ,Sudeste,Municipal,880,63.4,58.57,63.19,59.86,0.366,0.21,False,False,Macaé,RJ,0,Atenção
3302452,RJ,Sudeste,Municipal,38,68.71,81.48,66.31,63.62,0.31290000000000007,2.4,False,False,Macuco,RJ,0,Atenção
3302502,RJ,Sudeste,Municipal,933,47.21,46.02,51.74,46.28,0.5279,-4.53,False,True,Magé,RJ,2,Crítico
3302601,RJ,Sudeste,Municipal,136,47.82,46.6,52.84,47.31,0.5218,-5.02,False,True,Mangaratiba,RJ,0,Atenção
3302700,RJ,Sudeste,Municipal,643,61.27,59.12,60.52,56.71,0.3873,0.75,False,False,Maricá,RJ,0,Atenção
3302809,RJ,Sudeste,Municipal,48,62.99,66.87,61.95,58.36,0.3701,1.04,False,False,Mendes,RJ,0,Atenção
3302858,RJ,Sudeste,Municipal,404,38.33,35.44,44.32,37.82,0.6167,-5.99,False,True,Mesquita,RJ,2,Crítico
3302908,RJ,Sudeste,Municipal,77,61.2,68.34,61.15,57.49,0.388,0.05,False,False,Miguel Pereira,RJ,0,Atenção
3303005,RJ,Sudeste,Municipal,74,70.75,73.73,69.57,67.69,0.2925,1.18,False,False,Miracema,RJ,1,Consolidado
3303104,RJ,Sudeste,Municipal,29,61.06,48.15,63.56,60.3,0.38939999999999997,-2.5,False,True,Natividade,RJ,0,Atenção
3303203,RJ,Sudeste,Municipal,270,44.53,49.36,50.1,44.36,0.5547,-5.57,False,True,Nilópolis,RJ,2,Crítico
3303302,RJ,Sudeste,Municipal,807,50.74,49.34,56.56,51.92,0.4925999999999999,-5.82,False,True,Niterói,RJ,0,Atenção
3303401,RJ,Sudeste,Municipal,484,66.25,69.02,67.69,65.26,0.3375,-1.44,False,True,Nova Friburgo,RJ,0,Atenção
3303500,RJ,Sudeste,Municipal,2039,37.62,33.56,40.13,33.22,0.6238,-2.51,False,True,Nova Iguaçu,RJ,2,Crítico
3303609,RJ,Sudeste,Municipal,123,66.06,66.22,66.88,64.3,0.3393999999999999,-0.82,False,True,Paracambi,RJ,0,Atenção
3303708,RJ,Sudeste,Municipal,113,49.36,54.88,54.89,50.0,0.5064,-5.53,False,True,Paraíba do Sul,RJ,0,Atenção
3303807,RJ,Sudeste,Municipal,141,53.95,52.45,55.55,50.8,0.4605,-1.6,False,True,Paraty,RJ,0,Atenção
3303856,RJ,Sudeste,Municipal,101,68.26,74.06,68.68,66.29,0.3173999999999999,-0.42,False,True,Paty do Alferes,RJ,0,Atenção
3303906,RJ,Sudeste,Municipal,749,65.48,62.91,65.4,62.52,0.34519999999999995,0.08,False,False,Petrópolis,RJ,0,Atenção
3303955,RJ,Sudeste,Municipal,85,55.24,64.4,56.08,51.31,0.4476,-0.84,False,True,Pinheiral,RJ,0,Atenção
3304003,RJ,Sudeste,Municipal,84,62.55,59.57,62.31,58.8,0.37450000000000006,0.24,False,False,Piraí,RJ,0,Atenção
3304102,RJ,Sudeste,Municipal,45,45.37,55.16,42.11,35.38,0.5463,3.26,False,False,Porciúncula,RJ,2,Crítico
3304110,RJ,Sudeste,Municipal,79,65.64,59.34,63.97,60.8,0.3436,1.67,False,False,Porto Real,RJ,0,Atenção
3304128,RJ,Sudeste,Municipal,36,57.86,67.7,54.03,48.93,0.4214,3.83,False,False,Quatis,RJ,3,Intermediário
3304144,RJ,Sudeste,Municipal,390,36.58,40.61,44.56,38.19,0.6342000000000001,-7.98,False,True,Queimados,RJ,2,Crítico
3304151,RJ,Sudeste,Municipal,94,70.72,74.17,68.46,66.11,0.29280000000000006,2.26,False,False,Quissamã,RJ,1,Consolidado
3304201,RJ,Sudeste,Municipal,331,67.31,75.59,70.45,68.66,0.32689999999999997,-3.14,False,True,Resende,RJ,0,Atenção
3304300,RJ,Sudeste,Municipal,174,59.83,57.57,59.87,55.83,0.40170000000000006,-0.04,False,True,Rio Bonito,RJ,0,Atenção
3304409,RJ,Sudeste,Municipal,47,67.23,60.0,67.93,65.58,0.3277,-0.7,False,True,Rio Claro,RJ,0,Atenção
3304508,RJ,Sudeste,Municipal,22,64.5,77.17,63.05,59.65,0.355,1.45,False,False,Rio das Flores,RJ,0,Atenção
3304524,RJ,Sudeste,Municipal,512,68.83,69.24,68.13,65.8,0.3117,0.7,False,False,Rio das Ostras,RJ,0,Atenção
3304557,RJ,Sudeste,Municipal,14142,59.53,63.36,60.14,56.19,0.40469999999999995,-0.61,False,True,Rio de Janeiro,RJ,0,Atenção
3304607,RJ,Sudeste,Municipal,22,66.12,61.97,67.06,64.62,0.3388,-0.94,False,True,Santa Maria Madalena,RJ,0,Atenção
3304706,RJ,Sudeste,Municipal,121,68.48,71.78,68.58,66.53,0.3151999999999999,-0.1,False,True,Santo Antônio de Pádua,RJ,0,Atenção
3304755,RJ,Sudeste,Municipal,177,50.14,47.88,49.36,43.52,0.49860000000000004,0.78,False,False,São Francisco de Itabapoana,RJ,2,Crítico
3304805,RJ,Sudeste,Municipal,113,40.82,54.19,46.08,39.61,0.5918,-5.26,False,True,São Fidélis,RJ,2,Crítico
3304904,RJ,Sudeste,Municipal,1432,46.23,43.7,51.23,45.66,0.5377000000000001,-5.0,False,True,São Gonçalo,RJ,2,Crítico
3305000,RJ,Sudeste,Municipal,171,55.52,48.26,56.73,52.13,0.4448,-1.21,False,True,São João da Barra,RJ,0,Atenção
3305109,RJ,Sudeste,Municipal,831,40.19,36.21,44.12,37.6,0.5981000000000001,-3.93,False,True,São João de Meriti,RJ,2,Crítico
3305158,RJ,Sudeste,Municipal,81,71.33,80.88,72.76,71.23,0.28670000000000007,-1.43,False,True,São José do Vale do Rio Preto,RJ,1,Consolidado
3305208,RJ,Sudeste,Municipal,391,61.83,55.58,60.17,56.15,0.38170000000000004,1.66,False,False,São Pedro da Aldeia,RJ,0,Atenção
3305307,RJ,Sudeste,Municipal,22,67.22,54.67,66.38,63.7,0.3278,0.84,False,False,São Sebastião do Alto,RJ,0,Atenção
3305406,RJ,Sudeste,Municipal,71,65.99,62.97,67.94,65.59,0.34010000000000007,-1.95,False,True,Sapucaia,RJ,0,Atenção
3305505,RJ,Sudeste,Municipal,389,67.17,63.7,66.24,63.57,0.32830000000000004,0.93,False,False,Saquarema,RJ,0,Atenção
3305554,RJ,Sudeste,Municipal,313,46.61,47.77,51.95,46.46,0.5339,-5.34,False,True,Seropédica,RJ,2,Crítico
3305604,RJ,Sudeste,Municipal,80,59.31,60.92,59.47,55.38,0.40689999999999993,-0.16,False,True,Silva Jardim,RJ,0,Atenção
3305703,RJ,Sudeste,Municipal,49,63.54,76.33,,62.58,0.36460000000000004,,True,False,Sumidouro,RJ,0,Atenção
3305752,RJ,Sudeste,Municipal,98,61.67,55.87,59.49,55.41,0.3833,2.18,False,False,Tanguá,RJ,0,Atenção
3305802,RJ,Sudeste,Municipal,450,59.67,66.78,63.09,59.73,0.4033,-3.42,False,True,Teresópolis,RJ,0,Atenção
3306008,RJ,Sudeste,Municipal,218,55.03,48.5,57.88,53.75,0.4497,-2.85,False,True,Três Rios,RJ,0,Atenção
3306107,RJ,Sudeste,Municipal,244,63.11,60.03,61.95,58.33,0.3689,1.16,False,False,Valença,RJ,0,Atenção
3306206,RJ,Sudeste,Municipal,118,70.65,56.15,67.8,65.6,0.2935,2.85,False,False,Vassouras,RJ,1,Consolidado
3306305,RJ,Sudeste,Municipal,788,64.42,61.92,63.41,60.12,0.3558,1.01,False,False,Volta Redonda,RJ,0,Atenção
3500105,SP,Sudeste,Municipal,64,69.13,48.26,69.44,67.4,0.3087000000000001,-0.31,False,True,Adamantina,SP,0,Atenção
3500303,SP,Sudeste,Municipal,93,52.03,61.0,52.38,47.0,0.4797,-0.35,False,True,Aguaí,SP,0,Atenção
3500501,SP,Sudeste,Municipal,57,64.91,43.75,64.46,61.4,0.3509,0.45,False,False,Águas de Lindóia,SP,0,Atenção
3500550,SP,Sudeste,Municipal,38,60.13,49.77,54.97,50.0,0.39869999999999994,5.16,False,False,Águas de Santa Bárbara,SP,3,Intermediário
3500709,SP,Sudeste,Municipal,98,62.7,71.16,61.01,57.2,0.373,1.69,False,False,Agudos,SP,0,Atenção
3501004,SP,Sudeste,Municipal,54,66.75,70.55,70.36,68.5,0.3325,-3.61,False,True,Altinópolis,SP,0,Atenção
3501152,SP,Sudeste,Municipal,63,55.98,43.25,53.71,48.6,0.44020000000000004,2.27,False,False,Alumínio,SP,0,Atenção
3501301,SP,Sudeste,Municipal,82,57.87,76.54,58.23,53.9,0.4213,-0.36,False,True,Álvares Machado,SP,0,Atenção
3501509,SP,Sudeste,Municipal,21,74.6,90.64,75.18,74.3,0.254,-0.58,False,True,Alvinlândia,SP,1,Consolidado
3501608,SP,Sudeste,Estadual,271,66.79,62.83,,,0.33209999999999995,,True,False,Americana,SP,0,Atenção
3501608,SP,Sudeste,Municipal,237,61.86,64.52,62.11,58.6,0.38139999999999996,-0.25,False,True,Americana,SP,0,Atenção
3501707,SP,Sudeste,Municipal,123,67.02,66.08,68.63,66.4,0.3298000000000001,-1.61,False,True,Américo Brasiliense,SP,0,Atenção
3501905,SP,Sudeste,Estadual,29,70.31,62.59,,,0.29689999999999994,,True,False,Amparo,SP,0,Atenção
3501905,SP,Sudeste,Municipal,118,55.61,60.23,56.97,52.4,0.44389999999999996,-1.36,False,True,Amparo,SP,0,Atenção
3502002,SP,Sudeste,Municipal,26,57.55,73.07,50.32,44.6,0.4245,7.23,False,False,Analândia,SP,3,Intermediário
3502101,SP,Sudeste,Municipal,171,63.28,58.84,60.79,57.0,0.36719999999999997,2.49,False,False,Andradina,SP,0,Atenção
3502200,SP,Sudeste,Municipal,82,56.62,62.06,53.44,48.3,0.4338000000000001,3.18,False,False,Angatuba,SP,3,Intermediário
3502309,SP,Sudeste,Municipal,36,57.75,42.78,44.99,38.6,0.4225,12.76,False,False,Anhembi,SP,3,Intermediário
3502507,SP,Sudeste,Municipal,83,52.49,43.71,49.33,43.5,0.47509999999999997,3.16,False,False,Aparecida,SP,2,Crítico
3502705,SP,Sudeste,Estadual,44,65.96,61.22,,,0.34040000000000004,,True,False,Apiaí,SP,0,Atenção
3502705,SP,Sudeste,Municipal,39,67.22,87.05,70.29,68.4,0.3278,-3.07,False,True,Apiaí,SP,0,Atenção
3502754,SP,Sudeste,Municipal,79,54.97,64.01,55.05,50.1,0.45030000000000003,-0.08,False,True,Araçariguama,SP,0,Atenção
3502804,SP,Sudeste,Municipal,476,66.77,74.23,68.1,65.8,0.33230000000000004,-1.33,False,True,Araçatuba,SP,0,Atenção
3502903,SP,Sudeste,Municipal,143,55.37,53.78,54.42,49.4,0.44630000000000003,0.95,False,False,Araçoiaba da Serra,SP,0,Atenção
3503000,SP,Sudeste,Municipal,25,58.5,63.69,49.16,43.3,0.41500000000000004,9.34,False,False,Aramina,SP,3,Intermediário
3503109,SP,Sudeste,Municipal,28,60.95,43.74,58.49,54.2,0.39049999999999996,2.46,False,False,Arandu,SP,0,Atenção
3503208,SP,Sudeste,Estadual,319,67.26,68.89,,,0.3273999999999999,,True,False,Araraquara,SP,0,Atenção
3503208,SP,Sudeste,Municipal,279,60.15,59.78,59.9,55.9,0.39849999999999997,0.25,False,False,Araraquara,SP,0,Atenção
3503307,SP,Sudeste,Estadual,104,68.48,78.03,,,0.3151999999999999,,True,False,Araras,SP,0,Atenção
3503307,SP,Sudeste,Municipal,223,61.8,59.03,61.73,58.1,0.382,0.07,False,False,Araras,SP,0,Atenção
3503406,SP,Sudeste,Municipal,29,70.69,83.16,73.77,72.6,0.2931,-3.08,False,True,Arealva,SP,1,Consolidado
3503604,SP,Sudeste,Municipal,53,69.04,73.88,73.52,72.3,0.3096,-4.48,False,True,Areiópolis,SP,1,Consolidado
3503802,SP,Sudeste,Municipal,171,54.2,54.27,55.03,50.1,0.45799999999999996,-0.83,False,True,Artur Nogueira,SP,0,Atenção
3503901,SP,Sudeste,Municipal,337,56.89,64.0,55.66,50.9,0.43110000000000004,1.23,False,False,Arujá,SP,0,Atenção
3504008,SP,Sudeste,Municipal,288,51.31,55.17,49.23,43.4,0.4869,2.08,False,False,Assis,SP,2,Crítico
3504107,SP,Sudeste,Municipal,542,71.08,68.6,72.05,70.6,0.2892,-0.97,False,True,Atibaia,SP,1,Consolidado
3504206,SP,Sudeste,Municipal,28,69.08,82.07,70.43,68.6,0.30920000000000003,-1.35,False,True,Auriflama,SP,0,Atenção
3504404,SP,Sudeste,Municipal,35,65.77,69.07,72.36,70.9,0.34230000000000005,-6.59,False,True,Avanhandava,SP,0,Atenção
3504503,SP,Sudeste,Municipal,255,61.82,54.87,61.23,57.5,0.38180000000000003,0.59,False,False,Avaré,SP,0,Atenção
3504602,SP,Sudeste,Municipal,84,61.35,61.96,59.68,55.6,0.38649999999999995,1.67,False,False,Bady Bassitt,SP,0,Atenção
3504800,SP,Sudeste,Municipal,29,73.38,82.52,80.0,81.6,0.2662,-6.62,False,True,Bálsamo,SP,1,Consolidado
3504909,SP,Sudeste,Municipal,26,57.58,60.47,53.04,47.8,0.4242,4.54,False,False,Bananal,SP,3,Intermediário
3505104,SP,Sudeste,Municipal,27,64.4,62.52,67.3,64.8,0.356,-2.9,False,True,Barbosa,SP,0,Atenção
3505203,SP,Sudeste,Municipal,86,65.54,64.36,67.3,64.8,0.3445999999999999,-1.76,False,True,Bariri,SP,0,Atenção
3505302,SP,Sudeste,Municipal,70,62.28,76.19,61.33,57.6,0.3772,0.95,False,False,Barra Bonita,SP,0,Atenção
3505500,SP,Sudeste,Municipal,377,62.2,59.11,63.04,59.7,0.378,-0.84,False,True,Barretos,SP,0,Atenção
3505609,SP,Sudeste,Municipal,123,60.98,54.22,59.52,55.5,0.3902,1.46,False,False,Barrinha,SP,0,Atenção
3505708,SP,Sudeste,Municipal,1360,64.0,68.32,65.63,62.8,0.36,-1.63,False,True,Barueri,SP,0,Atenção
3505807,SP,Sudeste,Municipal,71,56.77,49.37,56.53,51.9,0.4323,0.24,False,False,Bastos,SP,0,Atenção
3505906,SP,Sudeste,Estadual,31,66.69,71.21,,,0.33310000000000006,,True,False,Batatais,SP,0,Atenção
3505906,SP,Sudeste,Municipal,134,64.79,52.9,64.07,60.9,0.35209999999999997,0.72,False,False,Batatais,SP,0,Atenção
3506003,SP,Sudeste,Estadual,525,64.96,66.51,,,0.35040000000000004,,True,False,Bauru,SP,0,Atenção
3506003,SP,Sudeste,Municipal,409,49.37,48.26,49.57,43.8,0.5063,-0.2,False,True,Bauru,SP,2,Crítico
3506102,SP,Sudeste,Municipal,193,53.41,56.87,53.82,48.7,0.4659,-0.41,False,True,Bebedouro,SP,0,Atenção
3506300,SP,Sudeste,Municipal,26,67.85,60.81,70.21,68.3,0.3215,-2.36,False,True,Bernardino de Campos,SP,0,Atenção
3506359,SP,Sudeste,Municipal,303,56.83,65.29,58.87,54.7,0.4317,-2.04,False,True,Bertioga,SP,0,Atenção
3506409,SP,Sudeste,Municipal,27,64.83,74.13,63.3,60.0,0.3517,1.53,False,False,Bilac,SP,0,Atenção
3506508,SP,Sudeste,Municipal,318,66.62,78.45,72.5,71.1,0.3338,-5.88,False,True,Birigui,SP,0,Atenção
3506607,SP,Sudeste,Municipal,104,51.64,54.64,48.54,42.6,0.48360000000000003,3.1,False,False,Biritiba-Mirim,SP,2,Crítico
3506706,SP,Sudeste,Municipal,40,54.87,44.8,48.12,42.1,0.45130000000000003,6.75,False,False,Boa Esperança do Sul,SP,3,Intermediário
3506805,SP,Sudeste,Municipal,24,51.58,54.66,39.68,32.8,0.48419999999999996,11.9,False,False,Bocaina,SP,3,Intermediário
3506904,SP,Sudeste,Municipal,30,56.42,66.8,51.32,45.8,0.43579999999999997,5.1,False,False,Bofete,SP,3,Intermediário
3507001,SP,Sudeste,Municipal,217,64.65,74.19,64.65,61.6,0.3534999999999999,0.0,False,False,Boituva,SP,0,Atenção
3507100,SP,Sudeste,Municipal,90,70.44,61.06,71.48,69.9,0.2956,-1.04,False,True,Bom Jesus dos Perdões,SP,1,Consolidado
3507308,SP,Sudeste,Municipal,24,72.0,62.75,72.55,71.2,0.28,-0.55,False,True,Boracéia,SP,1,Consolidado
3507407,SP,Sudeste,Estadual,24,67.07,95.84,,,0.32930000000000004,,True,False,Borborema,SP,0,Atenção
3507506,SP,Sudeste,Municipal,374,61.7,58.49,62.56,59.1,0.383,-0.86,False,True,Botucatu,SP,0,Atenção
3507605,SP,Sudeste,Municipal,464,58.77,54.47,56.64,52.0,0.4123,2.13,False,False,Bragança Paulista,SP,0,Atenção
3507803,SP,Sudeste,Municipal,89,57.6,55.47,58.03,53.7,0.42399999999999993,-0.43,False,True,Brodowski,SP,0,Atenção
3507902,SP,Sudeste,Municipal,71,62.65,57.79,64.89,61.9,0.37350000000000005,-2.24,False,True,Brotas,SP,0,Atenção
3508009,SP,Sudeste,Municipal,100,54.21,60.98,53.99,48.9,0.4579,0.22,False,False,Buri,SP,0,Atenção
3508108,SP,Sudeste,Municipal,52,65.38,63.19,66.64,64.0,0.34620000000000006,-1.26,False,True,Buritama,SP,0,Atenção
3508405,SP,Sudeste,Municipal,208,53.58,67.76,54.18,49.1,0.46420000000000006,-0.6,False,True,Cabreúva,SP,0,Atenção
3508504,SP,Sudeste,Municipal,253,57.18,43.54,57.51,53.1,0.4282,-0.33,False,True,Caçapava,SP,0,Atenção
3508603,SP,Sudeste,Municipal,70,57.31,40.07,55.01,50.1,0.42689999999999995,2.3,False,False,Cachoeira Paulista,SP,0,Atenção
3508702,SP,Sudeste,Municipal,50,69.27,78.11,71.78,70.2,0.3073,-2.51,False,True,Caconde,SP,1,Consolidado
3508801,SP,Sudeste,Municipal,48,63.02,56.67,64.3,61.2,0.3698,-1.28,False,True,Cafelândia,SP,0,Atenção
3509007,SP,Sudeste,Municipal,312,50.62,51.8,49.69,43.9,0.4938,0.93,False,False,Caieiras,SP,2,Crítico
3509205,SP,Sudeste,Municipal,318,55.61,50.69,55.71,50.9,0.44389999999999996,-0.1,False,True,Cajamar,SP,0,Atenção
3509254,SP,Sudeste,Municipal,128,63.6,56.47,62.43,58.9,0.364,1.17,False,False,Cajati,SP,0,Atenção
3509304,SP,Sudeste,Municipal,40,65.0,64.82,64.32,61.2,0.35,0.68,False,False,Cajobi,SP,0,Atenção
3509403,SP,Sudeste,Municipal,58,69.43,60.45,73.07,71.8,0.30569999999999997,-3.64,False,True,Cajuru,SP,1,Consolidado
3509452,SP,Sudeste,Municipal,23,58.44,25.56,51.32,45.8,0.41559999999999997,7.12,False,False,Campina do Monte Alegre,SP,3,Intermediário
3509502,SP,Sudeste,Estadual,2356,63.01,70.75,,,0.3699,,True,False,Campinas,SP,0,Atenção
3509502,SP,Sudeste,Municipal,575,48.81,41.6,47.76,41.7,0.5119,1.05,False,False,Campinas,SP,2,Crítico
3509601,SP,Sudeste,Municipal,286,55.73,46.47,54.81,49.9,0.4427,0.92,False,False,Campo Limpo Paulista,SP,0,Atenção
3509700,SP,Sudeste,Municipal,129,57.24,51.99,55.98,51.2,0.4276,1.26,False,False,Campos do Jordão,SP,0,Atenção
3509908,SP,Sudeste,Municipal,37,65.8,62.43,67.33,64.9,0.3420000000000001,-1.53,False,True,Cananéia,SP,0,Atenção
3510005,SP,Sudeste,Estadual,22,69.91,65.43,,,0.30090000000000006,,True,False,Cândido Mota,SP,0,Atenção
3510005,SP,Sudeste,Municipal,59,70.8,65.81,73.87,72.7,0.29200000000000004,-3.07,False,True,Cândido Mota,SP,1,Consolidado
3510153,SP,Sudeste,Municipal,28,62.07,64.22,,,0.37929999999999997,,True,False,Canitar,SP,0,Atenção
3510203,SP,Sudeste,Municipal,158,63.67,74.24,65.3,62.4,0.36329999999999996,-1.63,False,True,Capão Bonito,SP,0,Atenção
3510302,SP,Sudeste,Municipal,94,53.6,49.72,52.82,47.5,0.46399999999999997,0.78,False,False,Capela do Alto,SP,0,Atenção
3510401,SP,Sudeste,Municipal,195,65.82,64.51,67.01,64.5,0.3418000000000001,-1.19,False,True,Capivari,SP,0,Atenção
3510500,SP,Sudeste,Municipal,520,58.61,58.36,58.59,54.3,0.41390000000000005,0.02,False,False,Caraguatatuba,SP,0,Atenção
3510609,SP,Sudeste,Estadual,998,64.14,62.23,,,0.35860000000000003,,True,False,Carapicuíba,SP,0,Atenção
3510609,SP,Sudeste,Municipal,290,49.91,42.68,50.83,45.2,0.5009,-0.92,False,True,Carapicuíba,SP,2,Crítico
3510708,SP,Sudeste,Municipal,34,69.05,61.6,70.71,68.9,0.3095,-1.66,False,True,Cardoso,SP,0,Atenção
3510807,SP,Sudeste,Municipal,67,51.71,60.3,50.63,45.0,0.4829,1.08,False,False,Casa Branca,SP,2,Crítico
3511003,SP,Sudeste,Municipal,64,56.16,48.62,53.1,47.9,0.4384,3.06,False,False,Castilho,SP,3,Intermediário
3511102,SP,Sudeste,Municipal,226,56.12,73.77,58.62,54.4,0.4388000000000001,-2.5,False,True,Catanduva,SP,0,Atenção
3511201,SP,Sudeste,Municipal,21,58.39,85.75,58.54,54.3,0.4161,-0.15,False,True,Catiguá,SP,0,Atenção
3511300,SP,Sudeste,Municipal,47,72.31,60.05,74.02,72.9,0.2768999999999999,-1.71,False,True,Cedral,SP,1,Consolidado
3511409,SP,Sudeste,Municipal,69,53.25,43.45,49.79,44.0,0.4675,3.46,False,False,Cerqueira César,SP,3,Intermediário
3511508,SP,Sudeste,Municipal,126,64.09,61.94,64.08,60.9,0.3591,0.01,False,False,Cerquilho,SP,0,Atenção
3511607,SP,Sudeste,Municipal,94,61.83,49.22,59.73,55.7,0.38170000000000004,2.1,False,False,Cesário Lange,SP,0,Atenção
3511706,SP,Sudeste,Municipal,62,53.39,63.35,50.3,44.6,0.46609999999999996,3.09,False,False,Charqueada,SP,3,Intermediário
3511904,SP,Sudeste,Municipal,24,59.27,45.69,55.83,51.1,0.4073,3.44,False,False,Clementina,SP,3,Intermediário
3512001,SP,Sudeste,Municipal,60,53.68,57.51,49.61,43.8,0.46320000000000006,4.07,False,False,Colina,SP,3,Intermediário
3512100,SP,Sudeste,Municipal,26,81.21,57.32,80.0,90.6,0.18790000000000007,1.21,False,False,Colômbia,SP,1,Consolidado
3512209,SP,Sudeste,Municipal,101,58.74,57.53,58.29,54.0,0.41259999999999997,0.45,False,False,Conchal,SP,0,Atenção
3512308,SP,Sudeste,Municipal,40,57.9,74.74,52.67,47.3,0.42100000000000004,5.23,False,False,Conchas,SP,3,Intermediário
3512407,SP,Sudeste,Municipal,93,72.65,70.86,75.28,74.4,0.27349999999999997,-2.63,False,True,Cordeirópolis,SP,1,Consolidado
3512506,SP,Sudeste,Municipal,24,67.71,70.12,71.12,69.4,0.3229000000000001,-3.41,False,True,Coroados,SP,0,Atenção
3512803,SP,Sudeste,Municipal,171,56.78,57.44,57.43,53.0,0.43220000000000003,-0.65,False,True,Cosmópolis,SP,0,Atenção
3512902,SP,Sudeste,Municipal,23,81.81,61.7,80.0,94.6,0.18189999999999995,1.81,False,False,Cosmorama,SP,1,Consolidado
3513009,SP,Sudeste,Municipal,944,55.02,48.23,55.5,50.7,0.4498,-0.48,False,True,Cotia,SP,0,Atenção
3513108,SP,Sudeste,Municipal,102,51.25,54.2,47.95,41.9,0.48750000000000004,3.3,False,False,Cravinhos,SP,2,Crítico
3513207,SP,Sudeste,Municipal,32,57.5,43.9,54.91,50.0,0.42500000000000004,2.59,False,False,Cristais Paulista,SP,0,Atenção
3513405,SP,Sudeste,Municipal,147,49.78,52.35,45.68,39.3,0.5022,4.1,False,False,Cruzeiro,SP,2,Crítico
3513504,SP,Sudeste,Estadual,43,74.1,53.76,,,0.259,,True,False,Cubatão,SP,0,Atenção
3513504,SP,Sudeste,Municipal,302,52.87,46.74,53.65,48.5,0.47130000000000005,-0.78,False,True,Cubatão,SP,0,Atenção
3513603,SP,Sudeste,Municipal,40,56.24,59.76,54.88,49.9,0.4376,1.36,False,False,Cunha,SP,0,Atenção
3513702,SP,Sudeste,Municipal,79,62.86,74.14,62.78,59.4,0.37139999999999995,0.08,False,False,Descalvado,SP,0,Atenção
3513801,SP,Sudeste,Estadual,527,63.57,71.41,,,0.36429999999999996,,True,False,Diadema,SP,0,Atenção
3513801,SP,Sudeste,Municipal,699,47.38,51.37,47.05,40.9,0.5262,0.33,False,False,Diadema,SP,2,Crítico
3513900,SP,Sudeste,Municipal,20,59.6,70.69,56.9,52.3,0.404,2.7,False,False,Divinolândia,SP,0,Atenção
3514007,SP,Sudeste,Estadual,21,65.55,90.16,,,0.34450000000000003,,True,False,Dobrada,SP,0,Atenção
3514106,SP,Sudeste,Municipal,89,64.63,57.16,64.5,61.4,0.3537,0.13,False,False,Dois Córregos,SP,0,Atenção
3514304,SP,Sudeste,Municipal,21,70.46,70.9,72.84,71.5,0.2954000000000001,-2.38,False,True,Dourado,SP,1,Consolidado
3514403,SP,Sudeste,Municipal,104,65.06,60.59,65.9,63.1,0.34939999999999993,-0.84,False,True,Dracena,SP,0,Atenção
3514502,SP,Sudeste,Municipal,35,73.3,91.2,80.0,81.8,0.267,-6.7,False,True,Duartina,SP,1,Consolidado
3514601,SP,Sudeste,Municipal,25,71.81,60.4,77.25,76.8,0.28189999999999993,-5.44,False,True,Dumont,SP,1,Consolidado
3514700,SP,Sudeste,Municipal,33,72.15,93.51,78.18,77.9,0.27849999999999997,-6.03,False,True,Echaporã,SP,1,Consolidado
3514809,SP,Sudeste,Municipal,30,64.44,73.1,65.24,62.3,0.3556,-0.8,False,True,Eldorado,SP,0,Atenção
3514908,SP,Sudeste,Municipal,72,60.58,55.73,59.26,55.1,0.3942,1.32,False,False,Elias Fausto,SP,0,Atenção
3515004,SP,Sudeste,Estadual,294,66.81,66.08,,,0.3319,,True,False,Embu das Artes,SP,0,Atenção
3515004,SP,Sudeste,Municipal,641,47.7,38.89,39.54,32.6,0.5229999999999999,8.16,False,False,Embu das Artes,SP,2,Crítico
3515103,SP,Sudeste,Estadual,149,63.83,58.06,,,0.3617,,True,False,Embu-Guaçu,SP,0,Atenção
3515103,SP,Sudeste,Municipal,92,49.54,47.09,51.94,46.5,0.5045999999999999,-2.4,False,True,Embu-Guaçu,SP,2,Crítico
3515152,SP,Sudeste,Municipal,62,58.65,46.92,57.75,53.3,0.4135,0.9,False,False,Engenheiro Coelho,SP,0,Atenção
3515186,SP,Sudeste,Estadual,50,66.32,91.94,,,0.3368000000000001,,True,False,Espírito Santo do Pinhal,SP,0,Atenção
3515186,SP,Sudeste,Municipal,42,67.45,56.78,67.8,65.4,0.3255,-0.35,False,True,Espírito Santo do Pinhal,SP,0,Atenção
3515202,SP,Sudeste,Municipal,27,60.83,48.36,58.28,54.0,0.39170000000000005,2.55,False,False,Estrela d'Oeste,SP,0,Atenção
3515350,SP,Sudeste,Municipal,20,71.11,59.79,76.58,76.0,0.28890000000000005,-5.47,False,True,Euclides da Cunha Paulista,SP,1,Consolidado
3515400,SP,Sudeste,Municipal,67,64.1,77.02,65.56,62.7,0.3590000000000001,-1.46,False,True,Fartura,SP,0,Atenção
3515509,SP,Sudeste,Municipal,170,62.2,60.42,61.33,57.6,0.378,0.87,False,False,Fernandópolis,SP,0,Atenção
3515608,SP,Sudeste,Municipal,23,77.45,95.75,80.0,97.9,0.22549999999999992,-2.55,False,True,Fernando Prestes,SP,1,Consolidado
3515707,SP,Sudeste,Municipal,657,55.0,62.11,57.23,52.7,0.44999999999999996,-2.23,False,True,Ferraz de Vasconcelos,SP,0,Atenção
3516002,SP,Sudeste,Municipal,27,78.21,37.03,80.0,82.9,0.2179000000000001,-1.79,False,True,Flórida Paulista,SP,1,Consolidado
3516200,SP,Sudeste,Estadual,369,65.33,84.25,,,0.3467,,True,False,Franca,SP,0,Atenção
3516200,SP,Sudeste,Municipal,695,62.78,62.41,61.42,57.7,0.3722,1.36,False,False,Franca,SP,0,Atenção
3516309,SP,Sudeste,Estadual,25,63.65,64.46,,,0.36350000000000005,,True,False,Francisco Morato,SP,0,Atenção
3516309,SP,Sudeste,Municipal,687,53.93,50.83,55.48,50.6,0.4607,-1.55,False,True,Francisco Morato,SP,0,Atenção
3516408,SP,Sudeste,Estadual,36,66.34,72.37,,,0.3366,,True,False,Franco da Rocha,SP,0,Atenção
3516408,SP,Sudeste,Municipal,546,57.33,45.45,55.69,50.9,0.42669999999999997,1.64,False,False,Franco da Rocha,SP,0,Atenção
3516705,SP,Sudeste,Municipal,108,57.43,60.78,56.55,51.9,0.42569999999999997,0.88,False,False,Garça,SP,0,Atenção
3516903,SP,Sudeste,Municipal,26,64.7,56.73,63.97,60.8,0.353,0.73,False,False,General Salgado,SP,0,Atenção
3517000,SP,Sudeste,Municipal,21,57.71,63.64,54.54,49.5,0.42289999999999994,3.17,False,False,Getulina,SP,3,Intermediário
3517208,SP,Sudeste,Municipal,31,57.73,57.38,55.48,50.6,0.4227000000000001,2.25,False,False,Guaiçara,SP,0,Atenção
3517406,SP,Sudeste,Municipal,93,60.4,52.33,59.03,54.9,0.396,1.37,False,False,Guaíra,SP,0,Atenção
3517505,SP,Sudeste,Municipal,67,62.47,73.47,60.24,56.3,0.37529999999999997,2.23,False,False,Guapiaçu,SP,0,Atenção
3517604,SP,Sudeste,Municipal,56,67.0,66.11,69.06,66.9,0.32999999999999996,-2.06,False,True,Guapiara,SP,0,Atenção
3517703,SP,Sudeste,Municipal,71,66.63,71.93,69.43,67.4,0.3337,-2.8,False,True,Guará,SP,0,Atenção
3517901,SP,Sudeste,Municipal,23,71.54,64.81,74.77,73.8,0.28459999999999996,-3.23,False,True,Guaraci,SP,1,Consolidado
3518107,SP,Sudeste,Municipal,23,67.15,34.66,69.04,66.9,0.3284999999999999,-1.89,False,True,Guarantã,SP,0,Atenção
3518206,SP,Sudeste,Municipal,88,62.72,75.92,61.81,58.2,0.3728,0.91,False,False,Guararapes,SP,0,Atenção
3518305,SP,Sudeste,Municipal,138,65.5,74.87,67.24,64.8,0.345,-1.74,False,True,Guararema,SP,0,Atenção
3518404,SP,Sudeste,Municipal,291,62.18,52.73,60.67,56.8,0.3782,1.51,False,False,Guaratinguetá,SP,0,Atenção
3518503,SP,Sudeste,Municipal,40,65.43,71.52,65.19,62.3,0.3456999999999999,0.24,False,False,Guareí,SP,0,Atenção
3518602,SP,Sudeste,Municipal,110,70.59,78.37,71.35,69.7,0.2940999999999999,-0.76,False,True,Guariba,SP,1,Consolidado
3518701,SP,Sudeste,Estadual,398,64.89,54.38,,,0.35109999999999997,,True,False,Guarujá,SP,0,Atenção
3518701,SP,Sudeste,Municipal,597,52.98,41.63,53.43,48.2,0.47020000000000006,-0.45,False,True,Guarujá,SP,0,Atenção
3518800,SP,Sudeste,Estadual,1018,63.0,68.08,,,0.37,,True,False,Guarulhos,SP,0,Atenção
3518800,SP,Sudeste,Municipal,3211,47.99,44.2,45.75,39.4,0.5201,2.24,False,False,Guarulhos,SP,2,Crítico
3519006,SP,Sudeste,Municipal,31,80.77,73.84,80.0,85.2,0.19230000000000003,0.77,False,False,Herculândia,SP,1,Consolidado
3519055,SP,Sudeste,Municipal,32,63.89,50.26,61.93,58.3,0.3611,1.96,False,False,Holambra,SP,0,Atenção
3519071,SP,Sudeste,Municipal,788,61.79,53.77,61.65,58.0,0.3821,0.14,False,False,Hortolândia,SP,0,Atenção
3519105,SP,Sudeste,Municipal,31,78.69,96.79,80.0,100.0,0.21310000000000007,-1.31,False,True,Iacanga,SP,1,Consolidado
3519303,SP,Sudeste,Municipal,124,56.85,66.01,57.31,52.8,0.4315,-0.46,False,True,Ibaté,SP,0,Atenção
3519402,SP,Sudeste,Municipal,37,69.99,55.48,72.56,71.2,0.30010000000000003,-2.57,False,True,Ibirá,SP,1,Consolidado
3519501,SP,Sudeste,Municipal,27,78.04,66.26,80.0,89.0,0.2195999999999999,-1.96,False,True,Ibirarema,SP,1,Consolidado
3519600,SP,Sudeste,Municipal,175,56.95,47.69,54.7,49.7,0.4305,2.25,False,False,Ibitinga,SP,0,Atenção
3519709,SP,Sudeste,Municipal,288,50.97,52.44,50.42,44.7,0.49029999999999996,0.55,False,False,Ibiúna,SP,2,Crítico
3519907,SP,Sudeste,Municipal,24,59.92,62.13,56.43,51.8,0.40079999999999993,3.49,False,False,Iepê,SP,3,Intermediário
3520004,SP,Sudeste,Municipal,74,68.66,72.82,70.4,68.6,0.3134,-1.74,False,True,Igaraçu do Tietê,SP,0,Atenção
3520103,SP,Sudeste,Municipal,65,55.26,53.5,52.47,47.1,0.4474,2.79,False,False,Igarapava,SP,3,Intermediário
3520202,SP,Sudeste,Municipal,38,62.87,46.83,64.51,61.5,0.3713000000000001,-1.64,False,True,Igaratá,SP,0,Atenção
3520301,SP,Sudeste,Municipal,94,62.43,60.63,60.97,57.2,0.37570000000000003,1.46,False,False,Iguape,SP,0,Atenção
3520400,SP,Sudeste,Municipal,139,51.76,44.65,49.92,44.2,0.48240000000000005,1.84,False,False,Ilhabela,SP,2,Crítico
3520426,SP,Sudeste,Municipal,51,59.11,68.81,56.64,52.0,0.40890000000000004,2.47,False,False,Ilha Comprida,SP,0,Atenção
3520442,SP,Sudeste,Municipal,73,66.93,85.59,68.72,66.5,0.3306999999999999,-1.79,False,True,Ilha Solteira,SP,0,Atenção
3520509,SP,Sudeste,Municipal,758,61.56,62.55,62.07,58.5,0.38439999999999996,-0.51,False,True,Indaiatuba,SP,0,Atenção
3520905,SP,Sudeste,Municipal,49,62.06,60.83,59.79,55.8,0.37939999999999996,2.27,False,False,Ipaussu,SP,0,Atenção
3521002,SP,Sudeste,Municipal,124,51.58,44.89,47.07,40.9,0.48419999999999996,4.51,False,False,Iperó,SP,2,Crítico
3521101,SP,Sudeste,Municipal,30,56.28,66.74,49.81,44.0,0.43720000000000003,6.47,False,False,Ipeúna,SP,3,Intermediário
3521150,SP,Sudeste,Municipal,22,56.19,46.13,53.23,48.0,0.43810000000000004,2.96,False,False,Ipiguá,SP,3,Intermediário
3521309,SP,Sudeste,Municipal,46,72.27,69.12,77.52,77.1,0.2773,-5.25,False,True,Ipuã,SP,1,Consolidado
3521408,SP,Sudeste,Municipal,61,63.1,55.22,62.96,59.6,0.369,0.14,False,False,Iracemápolis,SP,0,Atenção
3521507,SP,Sudeste,Municipal,29,69.44,72.55,71.24,69.6,0.3056,-1.8,False,True,Irapuã,SP,1,Consolidado
3521705,SP,Sudeste,Estadual,60,66.73,81.87,,,0.3327,,True,False,Itaberá,SP,0,Atenção
3521804,SP,Sudeste,Municipal,97,53.48,54.48,52.73,47.4,0.46520000000000006,0.75,False,False,Itaí,SP,0,Atenção
3521903,SP,Sudeste,Municipal,44,74.09,79.53,80.0,85.1,0.2591,-5.91,False,True,Itajobi,SP,1,Consolidado
3522109,SP,Sudeste,Municipal,435,58.77,45.95,58.59,54.3,0.4123,0.18,False,False,Itanhaém,SP,0,Atenção
3522208,SP,Sudeste,Estadual,34,66.9,67.58,,,0.33099999999999996,,True,False,Itapecerica da Serra,SP,0,Atenção
3522208,SP,Sudeste,Municipal,593,56.89,53.93,57.76,53.4,0.43110000000000004,-0.87,False,True,Itapecerica da Serra,SP,0,Atenção
3522307,SP,Sudeste,Estadual,58,68.43,77.96,,,0.3157,,True,False,Itapetininga,SP,0,Atenção
3522307,SP,Sudeste,Municipal,427,48.99,49.24,48.17,42.2,0.5101,0.82,False,False,Itapetininga,SP,2,Crítico
3522406,SP,Sudeste,Municipal,298,55.14,59.13,57.76,53.4,0.4486,-2.62,False,True,Itapeva,SP,0,Atenção
3522505,SP,Sudeste,Municipal,1081,53.43,57.35,55.16,50.3,0.4657,-1.73,False,True,Itapevi,SP,0,Atenção
3522604,SP,Sudeste,Municipal,139,62.47,60.71,63.71,60.5,0.37529999999999997,-1.24,False,True,Itapira,SP,0,Atenção
3522703,SP,Sudeste,Estadual,31,67.43,71.64,,,0.3256999999999999,,True,False,Itápolis,SP,0,Atenção
3522703,SP,Sudeste,Municipal,82,69.14,77.92,68.83,66.7,0.3086,0.31,False,False,Itápolis,SP,0,Atenção
3522802,SP,Sudeste,Municipal,49,54.69,67.53,43.0,36.4,0.45310000000000006,11.69,False,False,Itaporanga,SP,3,Intermediário
3522901,SP,Sudeste,Municipal,47,56.16,42.96,41.78,35.0,0.4384,14.38,False,False,Itapuí,SP,3,Intermediário
3523107,SP,Sudeste,Estadual,62,64.6,63.42,,,0.3540000000000001,,True,False,Itaquaquecetuba,SP,0,Atenção
3523107,SP,Sudeste,Municipal,1472,49.13,56.66,48.89,43.0,0.5086999999999999,0.24,False,False,Itaquaquecetuba,SP,2,Crítico
3523206,SP,Sudeste,Municipal,151,61.84,54.27,59.9,55.9,0.38159999999999994,1.94,False,False,Itararé,SP,0,Atenção
3523305,SP,Sudeste,Municipal,59,63.9,69.98,64.65,61.6,0.361,-0.75,False,True,Itariri,SP,0,Atenção
3523404,SP,Sudeste,Municipal,330,66.98,75.47,67.53,65.1,0.33019999999999994,-0.55,False,True,Itatiba,SP,0,Atenção
3523503,SP,Sudeste,Municipal,64,62.71,59.16,64.72,61.7,0.3729,-2.01,False,True,Itatinga,SP,0,Atenção
3523602,SP,Sudeste,Municipal,48,60.16,66.91,62.57,59.1,0.3984000000000001,-2.41,False,True,Itirapina,SP,0,Atenção
3523909,SP,Sudeste,Municipal,494,67.78,64.08,67.66,65.3,0.32220000000000004,0.12,False,False,Itu,SP,0,Atenção
3524006,SP,Sudeste,Municipal,210,51.07,48.89,50.55,44.9,0.48929999999999996,0.52,False,False,Itupeva,SP,2,Crítico
3524105,SP,Sudeste,Municipal,92,54.79,46.92,53.56,48.4,0.45210000000000006,1.23,False,False,Ituverava,SP,0,Atenção
3524204,SP,Sudeste,Municipal,21,78.76,71.54,80.0,82.6,0.21239999999999992,-1.24,False,True,Jaborandi,SP,1,Consolidado
3524303,SP,Sudeste,Municipal,146,55.84,56.47,57.48,53.0,0.4416,-1.64,False,True,Jaboticabal,SP,0,Atenção
3524402,SP,Sudeste,Municipal,643,49.82,51.44,51.14,45.6,0.5018,-1.32,False,True,Jacareí,SP,2,Crítico
3524501,SP,Sudeste,Municipal,32,64.02,78.76,59.85,55.8,0.3598,4.17,False,False,Jaci,SP,3,Intermediário
3524600,SP,Sudeste,Municipal,41,65.17,43.25,66.5,63.9,0.34829999999999994,-1.33,False,True,Jacupiranga,SP,0,Atenção
3524709,SP,Sudeste,Municipal,181,65.84,71.01,65.65,62.8,0.3416,0.19,False,False,Jaguariúna,SP,0,Atenção
3524808,SP,Sudeste,Municipal,109,59.63,75.97,59.42,55.3,0.40369999999999995,0.21,False,False,Jales,SP,0,Atenção
3524907,SP,Sudeste,Municipal,22,64.27,54.27,62.36,58.9,0.35730000000000006,1.91,False,False,Jambeiro,SP,0,Atenção
3525003,SP,Sudeste,Municipal,304,50.21,53.96,50.54,44.9,0.4979,-0.33,False,True,Jandira,SP,2,Crítico
3525102,SP,Sudeste,Municipal,128,62.94,44.72,61.9,58.3,0.37060000000000004,1.04,False,False,Jardinópolis,SP,0,Atenção
3525201,SP,Sudeste,Municipal,169,55.75,39.19,53.9,48.8,0.4425,1.85,False,False,Jarinu,SP,0,Atenção
3525300,SP,Sudeste,Municipal,317,62.83,53.29,63.12,59.8,0.37170000000000003,-0.29,False,True,Jaú,SP,0,Atenção
3525508,SP,Sudeste,Municipal,40,69.01,55.55,73.15,71.9,0.30989999999999995,-4.14,False,True,Joanópolis,SP,1,Consolidado
3525706,SP,Sudeste,Estadual,51,66.73,55.74,,,0.3327,,True,False,José Bonifácio,SP,0,Atenção
3525706,SP,Sudeste,Municipal,55,61.04,59.78,59.8,55.8,0.38960000000000006,1.24,False,False,José Bonifácio,SP,0,Atenção
3525904,SP,Sudeste,Municipal,1160,66.79,74.09,70.94,69.2,0.33209999999999995,-4.15,False,True,Jundiaí,SP,0,Atenção
3526001,SP,Sudeste,Municipal,64,72.11,76.32,77.4,76.9,0.27890000000000004,-5.29,False,True,Junqueirópolis,SP,1,Consolidado
3526100,SP,Sudeste,Municipal,63,57.61,58.53,59.04,54.9,0.42390000000000005,-1.43,False,True,Juquiá,SP,0,Atenção
3526209,SP,Sudeste,Estadual,61,65.3,75.72,,,0.347,,True,False,Juquitiba,SP,0,Atenção
3526209,SP,Sudeste,Municipal,64,62.06,48.53,63.43,60.1,0.37939999999999996,-1.37,False,True,Juquitiba,SP,0,Atenção
3526407,SP,Sudeste,Municipal,85,58.42,54.73,58.49,54.2,0.41579999999999995,-0.07,False,True,Laranjal Paulista,SP,0,Atenção
3526605,SP,Sudeste,Municipal,24,57.79,42.03,57.18,52.7,0.42210000000000003,0.61,False,False,Lavrinhas,SP,0,Atenção
3526704,SP,Sudeste,Municipal,329,56.42,62.15,57.33,52.8,0.43579999999999997,-0.91,False,True,Leme,SP,0,Atenção
3526803,SP,Sudeste,Municipal,199,64.44,69.24,64.4,61.3,0.3556,0.04,False,False,Lençóis Paulista,SP,0,Atenção
3526902,SP,Sudeste,Estadual,39,65.88,67.1,,,0.34120000000000006,,True,False,Limeira,SP,0,Atenção
3526902,SP,Sudeste,Municipal,740,63.67,65.54,65.28,62.4,0.36329999999999996,-1.61,False,True,Limeira,SP,0,Atenção
3527009,SP,Sudeste,Municipal,25,72.21,64.22,77.54,77.1,0.27790000000000004,-5.33,False,True,Lindóia,SP,1,Consolidado
3527108,SP,Sudeste,Estadual,141,70.39,78.24,,,0.29610000000000003,,True,False,Lins,SP,0,Atenção
3527108,SP,Sudeste,Municipal,49,72.26,91.8,75.13,74.3,0.2774,-2.87,False,True,Lins,SP,1,Consolidado
3527207,SP,Sudeste,Municipal,203,50.56,43.07,48.46,42.5,0.49439999999999995,2.1,False,False,Lorena,SP,2,Crítico
3527306,SP,Sudeste,Municipal,209,59.29,58.78,58.84,54.6,0.4071,0.45,False,False,Louveira,SP,0,Atenção
3527405,SP,Sudeste,Municipal,47,64.95,63.46,67.06,64.5,0.3504999999999999,-2.11,False,True,Lucélia,SP,0,Atenção
3527603,SP,Sudeste,Municipal,37,54.36,51.38,47.62,41.5,0.45640000000000003,6.74,False,False,Luís Antônio,SP,3,Intermediário
3528007,SP,Sudeste,Municipal,49,65.54,65.23,67.48,65.0,0.3445999999999999,-1.94,False,True,Macatuba,SP,0,Atenção
3528403,SP,Sudeste,Municipal,135,63.51,52.94,,,0.3649,,True,False,Mairinque,SP,0,Atenção
3528502,SP,Sudeste,Municipal,300,59.37,59.78,59.15,55.0,0.4063,0.22,False,False,Mairiporã,SP,0,Atenção
3528601,SP,Sudeste,Municipal,31,64.34,70.9,65.13,62.2,0.3565999999999999,-0.79,False,True,Manduri,SP,0,Atenção
3528809,SP,Sudeste,Municipal,40,80.76,95.22,80.0,84.8,0.1923999999999999,0.76,False,False,Maracaí,SP,1,Consolidado
3529005,SP,Sudeste,Estadual,95,66.62,70.88,,,0.3338,,True,False,Marília,SP,0,Atenção
3529005,SP,Sudeste,Municipal,402,62.59,63.47,62.61,59.2,0.3741,-0.02,False,True,Marília,SP,0,Atenção
3529203,SP,Sudeste,Municipal,57,57.63,63.37,57.49,53.0,0.42369999999999997,0.14,False,False,Martinópolis,SP,0,Atenção
3529302,SP,Sudeste,Estadual,154,69.74,75.96,,,0.3026000000000001,,True,False,Matão,SP,0,Atenção
3529302,SP,Sudeste,Municipal,79,64.82,72.08,66.95,64.4,0.3518000000000001,-2.13,False,True,Matão,SP,0,Atenção
3529401,SP,Sudeste,Estadual,1202,66.19,73.66,,,0.33810000000000007,,True,False,Mauá,SP,0,Atenção
3529401,SP,Sudeste,Municipal,21,49.54,34.85,51.29,45.7,0.5045999999999999,-1.75,False,True,Mauá,SP,2,Crítico
3529500,SP,Sudeste,Municipal,20,67.72,80.23,71.55,70.0,0.3228,-3.83,False,True,Mendonça,SP,0,Atenção
3529708,SP,Sudeste,Municipal,63,65.78,20.92,66.88,64.3,0.34219999999999995,-1.1,False,True,Miguelópolis,SP,0,Atenção
3529807,SP,Sudeste,Municipal,35,56.67,77.29,51.31,45.8,0.4333,5.36,False,False,Mineiros do Tietê,SP,3,Intermediário
3529906,SP,Sudeste,Municipal,72,53.19,65.88,49.39,43.6,0.46810000000000007,3.8,False,False,Miracatu,SP,3,Intermediário
3530102,SP,Sudeste,Municipal,51,58.02,56.71,57.82,53.4,0.41979999999999995,0.2,False,False,Mirandópolis,SP,0,Atenção
3530201,SP,Sudeste,Municipal,28,77.98,88.2,80.0,98.0,0.22019999999999995,-2.02,False,True,Mirante do Paranapanema,SP,1,Consolidado
3530300,SP,Sudeste,Municipal,147,67.42,62.71,69.6,67.6,0.3258,-2.18,False,True,Mirassol,SP,0,Atenção
3530508,SP,Sudeste,Estadual,87,65.77,82.63,,,0.34230000000000005,,True,False,Mococa,SP,0,Atenção
3530508,SP,Sudeste,Municipal,97,50.47,61.92,51.87,46.4,0.49529999999999996,-1.4,False,True,Mococa,SP,2,Crítico
3530607,SP,Sudeste,Municipal,1409,51.53,47.55,52.01,46.6,0.4847,-0.48,False,True,Mogi das Cruzes,SP,0,Atenção
3530706,SP,Sudeste,Municipal,441,54.99,66.1,56.12,51.4,0.45009999999999994,-1.13,False,True,Mogi Guaçu,SP,0,Atenção
3530805,SP,Sudeste,Municipal,235,56.36,60.46,58.13,53.8,0.4364,-1.77,False,True,Mogi Mirim,SP,0,Atenção
3531100,SP,Sudeste,Municipal,244,52.51,45.27,53.74,48.6,0.4749,-1.23,False,True,Mongaguá,SP,0,Atenção
3531308,SP,Sudeste,Municipal,105,67.59,57.36,69.16,67.1,0.32409999999999994,-1.57,False,True,Monte Alto,SP,0,Atenção
3531407,SP,Sudeste,Municipal,55,71.54,64.01,74.54,73.5,0.28459999999999996,-3.0,False,True,Monte Aprazível,SP,1,Consolidado
3531506,SP,Sudeste,Municipal,35,70.17,60.02,74.01,72.9,0.2983,-3.84,False,True,Monte Azul Paulista,SP,1,Consolidado
3531803,SP,Sudeste,Municipal,258,53.55,45.26,54.58,49.6,0.4645,-1.03,False,True,Monte Mor,SP,0,Atenção
3531902,SP,Sudeste,Municipal,90,59.69,47.46,59.31,55.2,0.4031,0.38,False,False,Morro Agudo,SP,0,Atenção
3532009,SP,Sudeste,Municipal,41,57.13,52.42,52.33,47.0,0.42869999999999997,4.8,False,False,Morungaba,SP,3,Intermediário
3532207,SP,Sudeste,Municipal,23,61.1,59.96,57.61,53.2,0.389,3.49,False,False,Narandiba,SP,0,Atenção
3532405,SP,Sudeste,Estadual,22,65.22,58.95,,,0.3478,,True,False,Nazaré Paulista,SP,0,Atenção
3532405,SP,Sudeste,Municipal,42,56.26,68.54,52.23,46.8,0.4374,4.03,False,False,Nazaré Paulista,SP,3,Intermediário
3532504,SP,Sudeste,Municipal,23,75.99,74.26,80.0,90.6,0.2401000000000001,-4.01,False,True,Neves Paulista,SP,1,Consolidado
3532603,SP,Sudeste,Municipal,21,67.68,71.26,68.69,66.5,0.32319999999999993,-1.01,False,True,Nhandeara,SP,0,Atenção
3532801,SP,Sudeste,Municipal,25,63.74,68.32,61.36,57.7,0.36260000000000003,2.38,False,False,Nova Aliança,SP,0,Atenção
3532827,SP,Sudeste,Municipal,42,56.47,57.0,50.74,45.1,0.4353,5.73,False,False,Nova Campina,SP,3,Intermediário
3532900,SP,Sudeste,Municipal,31,60.02,70.59,55.45,50.6,0.39979999999999993,4.57,False,False,Nova Europa,SP,3,Intermediário
3533007,SP,Sudeste,Municipal,70,64.96,60.31,64.31,61.2,0.35040000000000004,0.65,False,False,Nova Granada,SP,0,Atenção
3533254,SP,Sudeste,Municipal,28,65.88,67.83,70.41,68.6,0.34120000000000006,-4.53,False,True,Novais,SP,0,Atenção
3533403,SP,Sudeste,Municipal,160,59.57,56.53,59.09,54.9,0.4043,0.48,False,False,Nova Odessa,SP,0,Atenção
3533502,SP,Sudeste,Municipal,123,63.95,73.58,64.6,61.6,0.36049999999999993,-0.65,False,True,Novo Horizonte,SP,0,Atenção
3533601,SP,Sudeste,Municipal,23,67.68,53.36,71.14,69.5,0.32319999999999993,-3.46,False,True,Nuporanga,SP,0,Atenção
3533908,SP,Sudeste,Municipal,153,63.65,72.56,64.26,61.2,0.36350000000000005,-0.61,False,True,Olímpia,SP,0,Atenção
3534203,SP,Sudeste,Municipal,26,59.51,41.62,49.39,43.6,0.40490000000000004,10.12,False,False,Orindiúva,SP,3,Intermediário
3534302,SP,Sudeste,Municipal,96,53.1,54.3,50.6,44.9,0.469,2.5,False,False,Orlândia,SP,2,Crítico
3534401,SP,Sudeste,Municipal,2113,50.05,48.13,51.47,46.0,0.49950000000000006,-1.42,False,True,Osasco,SP,2,Crítico
3534609,SP,Sudeste,Municipal,65,62.18,61.57,61.92,58.3,0.3782,0.26,False,False,Osvaldo Cruz,SP,0,Atenção
3534708,SP,Sudeste,Estadual,29,65.81,54.98,,,0.3419,,True,False,Ourinhos,SP,0,Atenção
3534708,SP,Sudeste,Municipal,277,54.14,58.03,55.25,50.4,0.4586,-1.11,False,True,Ourinhos,SP,0,Atenção
3534757,SP,Sudeste,Municipal,38,84.86,89.36,80.0,99.3,0.15139999999999998,4.86,False,False,Ouroeste,SP,1,Consolidado
3534807,SP,Sudeste,Municipal,31,73.06,84.01,80.0,82.0,0.2694,-6.94,False,True,Ouro Verde,SP,1,Consolidado
3534906,SP,Sudeste,Municipal,24,63.38,54.31,67.13,64.6,0.36619999999999997,-3.75,False,True,Pacaembu,SP,0,Atenção
3535002,SP,Sudeste,Municipal,52,64.12,72.9,61.63,58.0,0.3588,2.49,False,False,Palestina,SP,0,Atenção
3535101,SP,Sudeste,Municipal,36,74.39,74.82,80.0,82.7,0.2561,-5.61,False,True,Palmares Paulista,SP,1,Consolidado
3535200,SP,Sudeste,Municipal,29,67.23,78.71,69.6,67.6,0.3277,-2.37,False,True,Palmeira d'Oeste,SP,0,Atenção
3535309,SP,Sudeste,Municipal,59,53.89,69.26,51.9,46.5,0.46109999999999995,1.99,False,False,Palmital,SP,0,Atenção
3535408,SP,Sudeste,Municipal,52,74.4,94.38,80.0,86.0,0.2559999999999999,-5.6,False,True,Panorama,SP,1,Consolidado
3535507,SP,Sudeste,Municipal,125,54.27,54.77,53.39,48.2,0.45729999999999993,0.88,False,False,Paraguaçu Paulista,SP,0,Atenção
3535606,SP,Sudeste,Municipal,58,62.8,53.8,66.21,63.5,0.372,-3.41,False,True,Paraibuna,SP,0,Atenção
3535804,SP,Sudeste,Municipal,66,57.7,38.8,54.37,49.3,0.42299999999999993,3.33,False,False,Paranapanema,SP,3,Intermediário
3535903,SP,Sudeste,Municipal,27,57.23,92.43,39.38,32.4,0.4277000000000001,17.85,False,False,Paranapuã,SP,3,Intermediário
3536000,SP,Sudeste,Municipal,20,72.07,74.93,76.25,75.6,0.2793000000000001,-4.18,False,True,Parapuã,SP,1,Consolidado
3536109,SP,Sudeste,Municipal,33,64.3,57.33,61.43,57.7,0.357,2.87,False,False,Pardinho,SP,0,Atenção
3536208,SP,Sudeste,Municipal,49,65.66,65.9,67.0,64.5,0.34340000000000004,-1.34,False,True,Pariquera-Açu,SP,0,Atenção
3536307,SP,Sudeste,Municipal,63,55.66,65.51,50.36,44.7,0.4434,5.3,False,False,Patrocínio Paulista,SP,3,Intermediário
3536406,SP,Sudeste,Municipal,42,69.35,73.93,69.3,67.2,0.3065000000000001,0.05,False,False,Paulicéia,SP,0,Atenção
3536505,SP,Sudeste,Municipal,331,52.73,58.06,53.65,48.5,0.4727,-0.92,False,True,Paulínia,SP,0,Atenção
3536703,SP,Sudeste,Municipal,111,47.38,41.59,43.06,36.4,0.5262,4.32,False,False,Pederneiras,SP,2,Crítico
3537008,SP,Sudeste,Municipal,43,63.7,57.85,64.02,60.9,0.363,-0.32,False,True,Pedregulho,SP,0,Atenção
3537107,SP,Sudeste,Municipal,124,78.83,93.66,80.0,94.4,0.2117,-1.17,False,True,Pedreira,SP,1,Consolidado
3537206,SP,Sudeste,Municipal,34,56.34,49.73,41.87,35.1,0.4366,14.47,False,False,Pedro de Toledo,SP,3,Intermediário
3537305,SP,Sudeste,Estadual,53,68.52,73.33,,,0.3148000000000001,,True,False,Penápolis,SP,0,Atenção
3537305,SP,Sudeste,Municipal,149,63.25,54.7,63.79,60.6,0.36750000000000005,-0.54,False,True,Penápolis,SP,0,Atenção
3537404,SP,Sudeste,Municipal,64,66.56,84.2,68.39,66.1,0.33440000000000003,-1.83,False,True,Pereira Barreto,SP,0,Atenção
3537503,SP,Sudeste,Municipal,34,59.83,51.51,56.11,51.4,0.40170000000000006,3.72,False,False,Pereiras,SP,3,Intermediário
3537602,SP,Sudeste,Municipal,226,50.96,46.62,45.94,39.6,0.49039999999999995,5.02,False,False,Peruíbe,SP,2,Crítico
3537701,SP,Sudeste,Municipal,26,78.68,77.41,80.0,83.2,0.21319999999999995,-1.32,False,True,Piacatu,SP,1,Consolidado
3537800,SP,Sudeste,Municipal,197,62.47,61.42,62.12,58.6,0.37529999999999997,0.35,False,False,Piedade,SP,0,Atenção
3537909,SP,Sudeste,Municipal,97,63.45,59.12,60.55,56.7,0.36549999999999994,2.9,False,False,Pilar do Sul,SP,0,Atenção
3538006,SP,Sudeste,Municipal,430,57.73,64.79,58.74,54.5,0.4227000000000001,-1.01,False,True,Pindamonhangaba,SP,0,Atenção
3538105,SP,Sudeste,Municipal,34,55.58,69.09,51.97,46.5,0.44420000000000004,3.61,False,False,Pindorama,SP,3,Intermediário
3538204,SP,Sudeste,Municipal,50,71.24,89.47,78.39,78.1,0.2876000000000001,-7.15,False,True,Pinhalzinho,SP,1,Consolidado
3538501,SP,Sudeste,Municipal,34,66.4,75.64,67.86,65.5,0.33599999999999997,-1.46,False,True,Piquete,SP,0,Atenção
3538600,SP,Sudeste,Municipal,94,62.38,58.74,62.06,58.5,0.3762,0.32,False,False,Piracaia,SP,0,Atenção
3538709,SP,Sudeste,Estadual,172,65.65,85.35,,,0.3434999999999999,,True,False,Piracicaba,SP,0,Atenção
3538709,SP,Sudeste,Municipal,1007,58.78,55.03,58.93,54.7,0.4122,-0.15,False,True,Piracicaba,SP,0,Atenção
3538808,SP,Sudeste,Municipal,87,65.45,73.52,67.22,64.7,0.3454999999999999,-1.77,False,True,Piraju,SP,0,Atenção
3538907,SP,Sudeste,Municipal,48,58.18,44.81,57.88,53.5,0.4182,0.3,False,False,Pirajuí,SP,0,Atenção
3539004,SP,Sudeste,Municipal,38,73.32,76.7,80.0,83.7,0.26680000000000004,-6.68,False,True,Pirangi,SP,1,Consolidado
3539103,SP,Sudeste,Municipal,84,55.9,40.35,49.33,43.5,0.44100000000000006,6.57,False,False,Pirapora do Bom Jesus,SP,3,Intermediário
3539202,SP,Sudeste,Municipal,63,72.23,66.89,75.83,75.1,0.27769999999999995,-3.6,False,True,Pirapozinho,SP,1,Consolidado
3539301,SP,Sudeste,Municipal,154,51.53,57.94,51.43,45.9,0.4847,0.1,False,False,Pirassununga,SP,2,Crítico
3539400,SP,Sudeste,Municipal,35,56.3,48.46,54.01,48.9,0.43700000000000006,2.29,False,False,Piratininga,SP,0,Atenção
3539509,SP,Sudeste,Municipal,111,65.51,67.37,65.71,62.9,0.3449,-0.2,False,True,Pitangueiras,SP,0,Atenção
3539608,SP,Sudeste,Municipal,21,74.38,71.04,75.35,74.5,0.2562000000000001,-0.97,False,True,Planalto,SP,1,Consolidado
3539806,SP,Sudeste,Municipal,393,56.76,54.19,58.69,54.5,0.4324,-1.93,False,True,Poá,SP,0,Atenção
3540002,SP,Sudeste,Municipal,53,65.02,65.26,65.04,62.1,0.3498,-0.02,False,True,Pompéia,SP,0,Atenção
3540200,SP,Sudeste,Municipal,126,63.39,64.96,63.34,60.0,0.3661,0.05,False,False,Pontal,SP,0,Atenção
3540507,SP,Sudeste,Municipal,29,70.67,40.59,71.51,69.9,0.2933,-0.84,False,True,Porangaba,SP,1,Consolidado
3540606,SP,Sudeste,Municipal,159,72.51,68.42,74.61,73.6,0.2748999999999999,-2.1,False,True,Porto Feliz,SP,1,Consolidado
3540705,SP,Sudeste,Municipal,145,53.68,49.71,54.0,48.9,0.46320000000000006,-0.32,False,True,Porto Ferreira,SP,0,Atenção
3540754,SP,Sudeste,Municipal,63,52.69,41.08,47.02,40.9,0.4731000000000001,5.67,False,False,Potim,SP,3,Intermediário
3540804,SP,Sudeste,Municipal,70,63.2,59.28,63.91,60.7,0.368,-0.71,False,True,Potirendaba,SP,0,Atenção
3540903,SP,Sudeste,Municipal,70,70.7,69.79,75.13,74.2,0.2929999999999999,-4.43,False,True,Pradópolis,SP,1,Consolidado
3541000,SP,Sudeste,Municipal,1247,55.89,52.26,55.55,50.7,0.44110000000000005,0.34,False,False,Praia Grande,SP,0,Atenção
3541059,SP,Sudeste,Municipal,24,65.73,50.55,60.03,56.1,0.3427,5.7,False,False,Pratânia,SP,3,Intermediário
3541208,SP,Sudeste,Municipal,21,65.33,90.88,66.81,64.2,0.3467,-1.48,False,True,Presidente Bernardes,SP,0,Atenção
3541307,SP,Sudeste,Estadual,93,66.59,74.12,,,0.33409999999999995,,True,False,Presidente Epitácio,SP,0,Atenção
3541307,SP,Sudeste,Municipal,64,54.22,74.97,53.56,48.4,0.4578,0.66,False,False,Presidente Epitácio,SP,0,Atenção
3541406,SP,Sudeste,Municipal,526,56.37,60.52,58.37,54.1,0.4363,-2.0,False,True,Presidente Prudente,SP,0,Atenção
3541505,SP,Sudeste,Municipal,77,62.8,73.15,63.36,60.1,0.372,-0.56,False,True,Presidente Venceslau,SP,0,Atenção
3541604,SP,Sudeste,Estadual,41,66.34,58.78,,,0.3366,,True,False,Promissão,SP,0,Atenção
3541604,SP,Sudeste,Municipal,56,67.34,79.48,69.41,67.4,0.3266,-2.07,False,True,Promissão,SP,0,Atenção
3541653,SP,Sudeste,Municipal,20,64.73,64.96,55.49,50.7,0.3527,9.24,False,False,Quadra,SP,3,Intermediário
3541703,SP,Sudeste,Municipal,26,68.14,57.21,68.48,66.3,0.3186,-0.34,False,True,Quatá,SP,0,Atenção
3541901,SP,Sudeste,Municipal,33,64.96,76.98,64.92,61.9,0.35040000000000004,0.04,False,False,Queluz,SP,0,Atenção
3542008,SP,Sudeste,Municipal,21,59.89,62.02,56.38,51.7,0.4011,3.51,False,False,Quintana,SP,3,Intermediário
3542107,SP,Sudeste,Municipal,32,75.82,58.43,80.0,84.1,0.24180000000000001,-4.18,False,True,Rafard,SP,1,Consolidado
3542206,SP,Sudeste,Municipal,121,63.65,53.81,63.34,60.0,0.36350000000000005,0.31,False,False,Rancharia,SP,0,Atenção
3542404,SP,Sudeste,Municipal,52,69.89,66.05,78.07,77.7,0.30110000000000003,-8.18,False,True,Regente Feijó,SP,1,Consolidado
3542503,SP,Sudeste,Municipal,30,80.8,83.27,80.0,96.7,0.19200000000000006,0.8,False,False,Reginópolis,SP,1,Consolidado
3542602,SP,Sudeste,Municipal,153,57.43,61.42,56.89,52.3,0.42569999999999997,0.54,False,False,Registro,SP,0,Atenção
3542701,SP,Sudeste,Municipal,26,69.46,53.76,71.82,70.3,0.3054000000000001,-2.36,False,True,Restinga,SP,1,Consolidado
3542909,SP,Sudeste,Municipal,30,76.5,69.11,79.35,79.2,0.235,-2.85,False,True,Ribeirão Bonito,SP,1,Consolidado
3543006,SP,Sudeste,Municipal,69,57.9,65.21,57.56,53.1,0.42100000000000004,0.34,False,False,Ribeirão Branco,SP,0,Atenção
3543105,SP,Sudeste,Municipal,20,68.53,74.64,73.16,71.9,0.3147,-4.63,False,True,Ribeirão Corrente,SP,0,Atenção
3543253,SP,Sudeste,Municipal,30,65.19,57.07,66.37,63.7,0.3481000000000001,-1.18,False,True,Ribeirão Grande,SP,0,Atenção
3543303,SP,Sudeste,Estadual,203,67.59,68.59,,,0.32409999999999994,,True,False,Ribeirão Pires,SP,0,Atenção
3543303,SP,Sudeste,Municipal,145,64.61,61.8,66.91,64.4,0.3539,-2.3,False,True,Ribeirão Pires,SP,0,Atenção
3543402,SP,Sudeste,Estadual,757,68.89,67.9,,,0.31110000000000004,,True,False,Ribeirão Preto,SP,0,Atenção
3543402,SP,Sudeste,Municipal,763,44.74,47.01,45.48,39.1,0.5526,-0.74,False,True,Ribeirão Preto,SP,2,Crítico
3543501,SP,Sudeste,Municipal,27,75.61,70.74,80.0,81.1,0.2439,-4.39,False,True,Riversul,SP,1,Consolidado
3543709,SP,Sudeste,Municipal,32,64.13,86.9,62.42,58.9,0.3587,1.71,False,False,Rincão,SP,0,Atenção
3543808,SP,Sudeste,Estadual,29,66.58,71.37,,,0.33420000000000005,,True,False,Rinópolis,SP,0,Atenção
3543907,SP,Sudeste,Municipal,528,55.53,56.59,55.16,50.3,0.4447,0.37,False,False,Rio Claro,SP,0,Atenção
3544004,SP,Sudeste,Municipal,96,65.55,53.26,67.48,65.0,0.34450000000000003,-1.93,False,True,Rio das Pedras,SP,0,Atenção
3544103,SP,Sudeste,Estadual,134,66.17,56.94,,,0.33829999999999993,,True,False,Rio Grande da Serra,SP,0,Atenção
3544202,SP,Sudeste,Municipal,26,81.28,84.63,80.0,85.7,0.18720000000000003,1.28,False,False,Riolândia,SP,1,Consolidado
3544251,SP,Sudeste,Municipal,43,62.32,76.73,62.92,59.5,0.3768,-0.6,False,True,Rosana,SP,0,Atenção
3544301,SP,Sudeste,Municipal,37,65.29,52.82,66.26,63.6,0.34709999999999996,-0.97,False,True,Roseira,SP,0,Atenção
3544806,SP,Sudeste,Municipal,22,70.22,72.42,69.91,68.0,0.29780000000000006,0.31,False,False,Sales,SP,1,Consolidado
3544905,SP,Sudeste,Municipal,37,63.67,52.22,62.03,58.5,0.36329999999999996,1.64,False,False,Sales Oliveira,SP,0,Atenção
3545001,SP,Sudeste,Municipal,70,63.97,65.87,67.15,64.6,0.36030000000000006,-3.18,False,True,Salesópolis,SP,0,Atenção
3545159,SP,Sudeste,Municipal,30,66.98,73.57,67.95,65.6,0.33019999999999994,-0.97,False,True,Saltinho,SP,0,Atenção
3545209,SP,Sudeste,Estadual,184,66.19,75.84,,,0.33810000000000007,,True,False,Salto,SP,0,Atenção
3545209,SP,Sudeste,Municipal,244,62.19,59.52,60.17,56.2,0.3781,2.02,False,False,Salto,SP,0,Atenção
3545308,SP,Sudeste,Municipal,147,51.72,45.68,49.9,44.1,0.4828,1.82,False,False,Salto de Pirapora,SP,2,Crítico
3545407,SP,Sudeste,Municipal,24,64.09,45.43,63.49,60.2,0.3591,0.6,False,False,Salto Grande,SP,0,Atenção
3545605,SP,Sudeste,Municipal,40,64.7,60.03,63.89,60.7,0.353,0.81,False,False,Santa Adélia,SP,0,Atenção
3545704,SP,Sudeste,Municipal,24,67.28,45.38,67.95,65.6,0.32719999999999994,-0.67,False,True,Santa Albertina,SP,0,Atenção
3545803,SP,Sudeste,Estadual,85,68.42,78.92,,,0.31579999999999997,,True,False,Santa Bárbara d'Oeste,SP,0,Atenção
3545803,SP,Sudeste,Municipal,436,56.62,64.64,58.84,54.6,0.4338000000000001,-2.22,False,True,Santa Bárbara d'Oeste,SP,0,Atenção
3546009,SP,Sudeste,Municipal,38,56.31,51.15,46.96,40.8,0.43689999999999996,9.35,False,False,Santa Branca,SP,3,Intermediário
3546306,SP,Sudeste,Municipal,84,57.44,57.16,54.47,49.5,0.4256,2.97,False,False,Santa Cruz das Palmeiras,SP,3,Intermediário
3546405,SP,Sudeste,Estadual,34,70.07,62.65,,,0.2993000000000001,,True,False,Santa Cruz do Rio Pardo,SP,0,Atenção
3546405,SP,Sudeste,Municipal,88,57.65,72.63,57.25,52.7,0.4235,0.4,False,False,Santa Cruz do Rio Pardo,SP,0,Atenção
3546603,SP,Sudeste,Municipal,124,63.38,57.34,62.66,59.2,0.36619999999999997,0.72,False,False,Santa Fé do Sul,SP,0,Atenção
3546702,SP,Sudeste,Municipal,99,63.21,64.85,63.03,59.7,0.3679,0.18,False,False,Santa Gertrudes,SP,0,Atenção
3546801,SP,Sudeste,Municipal,157,68.31,64.74,73.45,72.2,0.31689999999999996,-5.14,False,True,Santa Isabel,SP,0,Atenção
3546900,SP,Sudeste,Municipal,38,65.61,73.59,68.96,66.8,0.3439,-3.35,False,True,Santa Lúcia,SP,0,Atenção
3547007,SP,Sudeste,Municipal,21,59.75,95.46,55.23,50.4,0.40249999999999997,4.52,False,False,Santa Maria da Serra,SP,3,Intermediário
3547304,SP,Sudeste,Municipal,582,63.16,61.35,,,0.36840000000000006,,True,False,Santana de Parnaíba,SP,0,Atenção
3547502,SP,Sudeste,Municipal,48,63.9,64.77,65.26,62.4,0.361,-1.36,False,True,Santa Rita do Passa Quatro,SP,0,Atenção
3547601,SP,Sudeste,Municipal,61,71.25,78.6,75.23,74.4,0.2875,-3.98,False,True,Santa Rosa de Viterbo,SP,1,Consolidado
3547700,SP,Sudeste,Municipal,28,73.38,85.52,79.99,80.0,0.2662,-6.61,False,True,Santo Anastácio,SP,1,Consolidado
3547809,SP,Sudeste,Estadual,290,63.04,79.83,,,0.36960000000000004,,True,False,Santo André,SP,0,Atenção
3547809,SP,Sudeste,Municipal,1211,54.85,57.29,57.33,52.8,0.4515,-2.48,False,True,Santo André,SP,0,Atenção
3547908,SP,Sudeste,Municipal,27,58.44,74.23,54.65,49.7,0.41559999999999997,3.79,False,False,Santo Antônio da Alegria,SP,3,Intermediário
3548005,SP,Sudeste,Municipal,70,58.74,52.96,58.55,54.3,0.41259999999999997,0.19,False,False,Santo Antônio de Posse,SP,0,Atenção
3548054,SP,Sudeste,Municipal,30,60.18,58.46,55.06,50.2,0.3982,5.12,False,False,Santo Antônio do Aracanguá,SP,3,Intermediário
3548104,SP,Sudeste,Municipal,26,71.89,57.67,72.81,71.5,0.2811,-0.92,False,True,Santo Antônio do Jardim,SP,1,Consolidado
3548203,SP,Sudeste,Municipal,31,56.5,77.32,48.8,42.9,0.43500000000000005,7.7,False,False,Santo Antônio do Pinhal,SP,3,Intermediário
3548500,SP,Sudeste,Municipal,694,61.61,57.45,59.92,55.9,0.3839,1.69,False,False,Santos,SP,0,Atenção
3548609,SP,Sudeste,Municipal,27,64.47,58.44,64.92,61.9,0.35530000000000006,-0.45,False,True,São Bento do Sapucaí,SP,0,Atenção
3548708,SP,Sudeste,Municipal,2140,60.38,55.0,59.62,55.6,0.3962,0.76,False,False,São Bernardo do Campo,SP,0,Atenção
3548807,SP,Sudeste,Municipal,348,62.04,68.53,64.1,61.0,0.37960000000000005,-2.06,False,True,São Caetano do Sul,SP,0,Atenção
3548906,SP,Sudeste,Estadual,330,66.87,72.06,,,0.33129999999999993,,True,False,São Carlos,SP,0,Atenção
3548906,SP,Sudeste,Municipal,327,55.77,49.14,56.26,51.6,0.4422999999999999,-0.49,False,True,São Carlos,SP,0,Atenção
3549102,SP,Sudeste,Municipal,199,56.77,61.92,58.79,54.6,0.4323,-2.02,False,True,São João da Boa Vista,SP,0,Atenção
3549409,SP,Sudeste,Estadual,103,68.04,74.82,,,0.3195999999999999,,True,False,São Joaquim da Barra,SP,0,Atenção
3549409,SP,Sudeste,Municipal,33,52.53,45.62,51.12,45.5,0.4747,1.41,False,False,São Joaquim da Barra,SP,2,Crítico
3549508,SP,Sudeste,Municipal,22,57.95,58.67,52.91,47.6,0.4205,5.04,False,False,São José da Bela Vista,SP,3,Intermediário
3549706,SP,Sudeste,Estadual,51,66.61,76.57,,,0.3339,,True,False,São José do Rio Pardo,SP,0,Atenção
3549706,SP,Sudeste,Municipal,85,53.55,57.79,52.98,47.7,0.4645,0.57,False,False,São José do Rio Pardo,SP,0,Atenção
3549805,SP,Sudeste,Municipal,1065,54.95,57.05,56.68,52.1,0.4505,-1.73,False,True,São José do Rio Preto,SP,0,Atenção
3549904,SP,Sudeste,Estadual,363,66.64,66.61,,,0.3336,,True,False,São José dos Campos,SP,0,Atenção
3549904,SP,Sudeste,Municipal,1759,62.31,64.42,61.18,57.4,0.3769,1.13,False,False,São José dos Campos,SP,0,Atenção
3549953,SP,Sudeste,Municipal,47,62.77,61.99,64.46,61.4,0.37229999999999996,-1.69,False,True,São Lourenço da Serra,SP,0,Atenção
3550001,SP,Sudeste,Municipal,30,72.64,70.15,74.44,73.4,0.27359999999999995,-1.8,False,True,São Luís do Paraitinga,SP,1,Consolidado
3550100,SP,Sudeste,Municipal,127,63.53,63.48,63.06,59.7,0.3647,0.47,False,False,São Manuel,SP,0,Atenção
3550209,SP,Sudeste,Municipal,102,62.02,69.24,60.81,57.0,0.3797999999999999,1.21,False,False,São Miguel Arcanjo,SP,0,Atenção
3550308,SP,Sudeste,Estadual,17134,70.36,63.09,,,0.2964,,True,False,São Paulo,SP,0,Atenção
3550308,SP,Sudeste,Municipal,13408,39.85,48.31,44.37,37.9,0.6014999999999999,-4.52,False,True,São Paulo,SP,2,Crítico
3550407,SP,Sudeste,Municipal,74,57.02,55.15,56.57,51.9,0.42979999999999996,0.45,False,False,São Pedro,SP,0,Atenção
3550506,SP,Sudeste,Municipal,31,67.36,64.53,70.94,69.2,0.3264,-3.58,False,True,São Pedro do Turvo,SP,0,Atenção
3550605,SP,Sudeste,Municipal,226,56.37,49.34,56.9,52.3,0.4363,-0.53,False,True,São Roque,SP,0,Atenção
3550704,SP,Sudeste,Municipal,335,45.08,43.49,45.57,39.2,0.5492,-0.49,False,True,São Sebastião,SP,2,Crítico
3550803,SP,Sudeste,Municipal,32,65.63,58.83,67.26,64.8,0.3437,-1.63,False,True,São Sebastião da Grama,SP,0,Atenção
3551009,SP,Sudeste,Estadual,22,63.44,58.62,,,0.36560000000000004,,True,False,São Vicente,SP,0,Atenção
3551009,SP,Sudeste,Municipal,930,48.46,46.01,49.01,43.1,0.5154,-0.55,False,True,São Vicente,SP,2,Crítico
3551108,SP,Sudeste,Municipal,35,55.95,53.82,47.53,41.4,0.4405,8.42,False,False,Sarapuí,SP,3,Intermediário
3551405,SP,Sudeste,Municipal,30,54.74,40.86,31.16,23.9,0.4526,23.58,False,False,Serra Azul,SP,3,Intermediário
3551504,SP,Sudeste,Municipal,151,53.16,45.59,51.47,46.0,0.46840000000000004,1.69,False,False,Serrana,SP,2,Crítico
3551603,SP,Sudeste,Estadual,90,68.31,64.63,,,0.31689999999999996,,True,False,Serra Negra,SP,0,Atenção
3551702,SP,Sudeste,Municipal,458,57.31,51.42,58.07,53.7,0.42689999999999995,-0.76,False,True,Sertãozinho,SP,0,Atenção
3551801,SP,Sudeste,Municipal,43,69.12,49.03,68.93,66.8,0.30879999999999996,0.19,False,False,Sete Barras,SP,0,Atenção
3551900,SP,Sudeste,Municipal,50,53.36,66.71,48.16,42.1,0.46640000000000004,5.2,False,False,Severínia,SP,3,Intermediário
3552007,SP,Sudeste,Municipal,24,57.89,54.32,51.4,45.9,0.42110000000000003,6.49,False,False,Silveiras,SP,3,Intermediário
3552106,SP,Sudeste,Municipal,73,56.97,65.17,55.63,50.8,0.4303,1.34,False,False,Socorro,SP,0,Atenção
3552205,SP,Sudeste,Estadual,338,68.91,69.3,,,0.31090000000000007,,True,False,Sorocaba,SP,0,Atenção
3552205,SP,Sudeste,Municipal,1743,52.21,52.27,53.15,47.9,0.4779,-0.94,False,True,Sorocaba,SP,0,Atenção
3552304,SP,Sudeste,Municipal,21,59.39,71.25,56.44,51.8,0.4061,2.95,False,False,Sud Mennucci,SP,0,Atenção
3552403,SP,Sudeste,Estadual,279,68.2,75.88,,,0.31799999999999995,,True,False,Sumaré,SP,0,Atenção
3552403,SP,Sudeste,Municipal,600,55.02,50.34,57.39,52.9,0.4498,-2.37,False,True,Sumaré,SP,0,Atenção
3552502,SP,Sudeste,Estadual,414,68.13,55.11,,,0.3187000000000001,,True,False,Suzano,SP,0,Atenção
3552502,SP,Sudeste,Municipal,717,48.95,48.33,48.1,42.1,0.5105,0.85,False,False,Suzano,SP,2,Crítico
3552601,SP,Sudeste,Municipal,32,75.98,96.86,80.0,90.3,0.24019999999999997,-4.02,False,True,Tabapuã,SP,1,Consolidado
3552700,SP,Sudeste,Municipal,55,64.2,63.61,65.32,62.4,0.358,-1.12,False,True,Tabatinga,SP,0,Atenção
3552809,SP,Sudeste,Municipal,795,49.05,47.38,51.16,45.6,0.5095000000000001,-2.11,False,True,Taboão da Serra,SP,2,Crítico
3553005,SP,Sudeste,Municipal,42,62.75,67.6,62.14,58.6,0.37250000000000005,0.61,False,False,Taguaí,SP,0,Atenção
3553302,SP,Sudeste,Municipal,62,54.85,54.78,53.01,47.7,0.4515,1.84,False,False,Tambaú,SP,0,Atenção
3553401,SP,Sudeste,Municipal,74,65.99,69.75,67.59,65.2,0.34010000000000007,-1.6,False,True,Tanabi,SP,0,Atenção
3553500,SP,Sudeste,Municipal,31,60.12,48.53,58.05,53.7,0.39880000000000004,2.07,False,False,Tapiraí,SP,0,Atenção
3553609,SP,Sudeste,Municipal,49,59.56,91.48,57.9,53.5,0.4044,1.66,False,False,Tapiratiba,SP,0,Atenção
3553708,SP,Sudeste,Municipal,155,64.0,74.23,65.07,62.1,0.36,-1.07,False,True,Taquaritinga,SP,0,Atenção
3553807,SP,Sudeste,Municipal,75,57.99,60.3,57.07,52.5,0.42010000000000003,0.92,False,False,Taquarituba,SP,0,Atenção
3553856,SP,Sudeste,Municipal,32,64.74,46.88,65.02,62.1,0.3526,-0.28,False,True,Taquarivaí,SP,0,Atenção
3553906,SP,Sudeste,Municipal,25,71.38,67.97,78.69,78.5,0.2862,-7.31,False,True,Tarabai,SP,1,Consolidado
3553955,SP,Sudeste,Municipal,57,73.17,91.14,80.0,83.1,0.2683,-6.83,False,True,Tarumã,SP,1,Consolidado
3554003,SP,Sudeste,Municipal,395,56.39,51.9,55.87,51.1,0.43610000000000004,0.52,False,False,Tatuí,SP,0,Atenção
3554102,SP,Sudeste,Municipal,706,50.48,53.59,50.1,44.4,0.4952000000000001,0.38,False,False,Taubaté,SP,2,Crítico
3554201,SP,Sudeste,Municipal,23,75.25,60.87,74.41,73.4,0.24750000000000005,0.84,False,False,Tejupá,SP,1,Consolidado
3554300,SP,Sudeste,Municipal,68,67.06,71.37,68.95,66.8,0.3294,-1.89,False,True,Teodoro Sampaio,SP,0,Atenção
3554409,SP,Sudeste,Municipal,24,66.42,71.26,69.28,67.2,0.3358,-2.86,False,True,Terra Roxa,SP,0,Atenção
3554508,SP,Sudeste,Municipal,93,54.13,68.38,53.53,48.4,0.4587,0.6,False,False,Tietê,SP,0,Atenção
3554706,SP,Sudeste,Estadual,38,67.73,58.14,,,0.3227,,True,False,Torrinha,SP,0,Atenção
3554805,SP,Sudeste,Municipal,92,50.03,54.82,48.77,42.8,0.49970000000000003,1.26,False,False,Tremembé,SP,2,Crítico
3554904,SP,Sudeste,Municipal,32,77.8,68.48,80.0,89.5,0.22199999999999998,-2.2,False,True,Três Fronteiras,SP,1,Consolidado
3554953,SP,Sudeste,Municipal,22,67.24,59.34,68.04,65.7,0.3276,-0.8,False,True,Tuiuti,SP,0,Atenção
3555000,SP,Sudeste,Estadual,70,66.67,64.7,,,0.33329999999999993,,True,False,Tupã,SP,0,Atenção
3555000,SP,Sudeste,Municipal,117,54.56,49.31,55.08,50.2,0.4544,-0.52,False,True,Tupã,SP,0,Atenção
3555109,SP,Sudeste,Municipal,40,78.56,90.04,80.0,93.5,0.21439999999999992,-1.44,False,True,Tupi Paulista,SP,1,Consolidado
3555356,SP,Sudeste,Municipal,25,64.6,73.22,63.84,60.6,0.3540000000000001,0.76,False,False,Ubarana,SP,0,Atenção
3555406,SP,Sudeste,Municipal,305,49.7,38.1,47.43,41.3,0.5029999999999999,2.27,False,False,Ubatuba,SP,2,Crítico
3555505,SP,Sudeste,Municipal,26,62.35,54.44,53.91,48.8,0.37649999999999995,8.44,False,False,Ubirajara,SP,3,Intermediário
3555604,SP,Sudeste,Municipal,33,58.06,81.74,50.47,44.8,0.4194,7.59,False,False,Uchoa,SP,3,Intermediário
3556008,SP,Sudeste,Municipal,43,73.31,62.06,80.0,80.6,0.2669,-6.69,False,True,Urupês,SP,1,Consolidado
3556107,SP,Sudeste,Municipal,43,67.27,86.11,69.19,67.1,0.32730000000000004,-1.92,False,True,Valentim Gentil,SP,0,Atenção
3556206,SP,Sudeste,Municipal,261,54.59,50.95,55.55,50.7,0.45409999999999995,-0.96,False,True,Valinhos,SP,0,Atenção
3556305,SP,Sudeste,Municipal,90,64.98,78.28,66.97,64.4,0.35019999999999996,-1.99,False,True,Valparaíso,SP,0,Atenção
3556354,SP,Sudeste,Municipal,27,71.93,62.83,75.3,74.5,0.28069999999999995,-3.37,False,True,Vargem,SP,1,Consolidado
3556404,SP,Sudeste,Municipal,125,67.4,64.44,71.16,69.5,0.32599999999999996,-3.76,False,True,Vargem Grande do Sul,SP,0,Atenção
3556453,SP,Sudeste,Municipal,179,62.02,63.13,60.02,56.1,0.3797999999999999,2.0,False,False,Vargem Grande Paulista,SP,0,Atenção
3556503,SP,Sudeste,Municipal,372,54.06,50.71,53.85,48.7,0.45940000000000003,0.21,False,False,Várzea Paulista,SP,0,Atenção
3556602,SP,Sudeste,Municipal,35,64.66,59.5,65.56,62.7,0.35340000000000005,-0.9,False,True,Vera Cruz,SP,0,Atenção
3556701,SP,Sudeste,Municipal,182,55.91,50.6,56.12,51.4,0.44090000000000007,-0.21,False,True,Vinhedo,SP,0,Atenção
3556800,SP,Sudeste,Municipal,55,64.59,56.17,66.25,63.6,0.35409999999999997,-1.66,False,True,Viradouro,SP,0,Atenção
3556909,SP,Sudeste,Municipal,20,72.18,45.31,80.0,81.4,0.2781999999999999,-7.82,False,True,Vista Alegre do Alto,SP,1,Consolidado
3557006,SP,Sudeste,Municipal,383,53.86,54.7,53.97,48.9,0.46140000000000003,-0.11,False,True,Votorantim,SP,0,Atenção
3557105,SP,Sudeste,Municipal,250,53.67,60.5,54.68,49.7,0.46329999999999993,-1.01,False,True,Votuporanga,SP,0,Atenção
3557204,SP,Sudeste,Municipal,35,54.12,60.16,44.52,38.0,0.4588,9.6,False,False,Chavantes,SP,3,Intermediário
3557303,SP,Sudeste,Municipal,29,56.36,51.04,50.77,45.1,0.4364,5.59,False,False,Estiva Gerbi,SP,3,Intermediário
4100103,PR,Sul,Municipal,24,66.37,57.39,60.05,56.08,0.33629999999999993,6.32,False,False,Abatiá,PR,3,Intermediário
4100301,PR,Sul,Municipal,45,73.95,82.17,76.47,75.84,0.26049999999999995,-2.52,False,True,Agudos do Sul,PR,1,Consolidado
4100400,PR,Sul,Municipal,394,55.14,45.07,57.0,52.44,0.4486,-1.86,False,True,Almirante Tamandaré,PR,0,Atenção
4100509,PR,Sul,Municipal,71,70.24,78.65,71.92,70.4,0.2976000000000001,-1.68,False,True,Altônia,PR,1,Consolidado
4100608,PR,Sul,Municipal,53,69.15,69.13,67.45,65.0,0.3085,1.7,False,False,Alto Paraná,PR,0,Atenção
4100707,PR,Sul,Municipal,38,73.18,71.09,75.54,74.73,0.2681999999999999,-2.36,False,True,Alto Piquiri,PR,1,Consolidado
4100806,PR,Sul,Municipal,39,68.56,62.34,71.09,69.39,0.3144,-2.53,False,True,Alvorada do Sul,PR,0,Atenção
4100905,PR,Sul,Municipal,21,71.06,71.85,73.16,71.89,0.2894,-2.1,False,True,Amaporã,PR,1,Consolidado
4101002,PR,Sul,Municipal,66,68.2,72.23,67.87,65.51,0.31799999999999995,0.33,False,False,Ampére,PR,0,Atenção
4101101,PR,Sul,Municipal,66,68.36,60.86,67.47,65.02,0.3164,0.89,False,False,Andirá,PR,0,Atenção
4101200,PR,Sul,Municipal,61,67.4,64.46,68.53,66.31,0.32599999999999996,-1.13,False,True,Antonina,PR,0,Atenção
4101309,PR,Sul,Municipal,28,81.13,85.57,80.0,91.41,0.1887000000000001,1.13,False,False,Antônio Olinto,PR,1,Consolidado
4101408,PR,Sul,Municipal,376,80.73,76.43,80.0,82.14,0.19269999999999998,0.73,False,False,Apucarana,PR,1,Consolidado
4101507,PR,Sul,Municipal,381,72.82,67.04,76.59,75.98,0.27180000000000004,-3.77,False,True,Arapongas,PR,1,Consolidado
4101606,PR,Sul,Municipal,119,73.57,70.03,76.12,75.42,0.2643000000000001,-2.55,False,True,Arapoti,PR,1,Consolidado
4101705,PR,Sul,Municipal,58,71.56,75.26,76.65,76.05,0.2844,-5.09,False,True,Araruna,PR,1,Consolidado
4101804,PR,Sul,Municipal,621,67.73,67.62,71.19,69.52,0.3227,-3.46,False,True,Araucária,PR,0,Atenção
4101903,PR,Sul,Municipal,61,82.02,80.15,80.0,88.72,0.17980000000000007,2.02,False,False,Assaí,PR,1,Consolidado
4102000,PR,Sul,Municipal,147,78.79,77.87,80.0,80.21,0.21209999999999996,-1.21,False,True,Assis Chateaubriand,PR,1,Consolidado
4102109,PR,Sul,Municipal,82,75.37,78.81,79.63,79.57,0.24629999999999996,-4.26,False,True,Astorga,PR,1,Consolidado
4102307,PR,Sul,Municipal,71,73.53,74.05,76.46,75.83,0.26469999999999994,-2.93,False,True,Balsa Nova,PR,1,Consolidado
4102406,PR,Sul,Municipal,89,72.71,75.12,76.11,75.41,0.27290000000000003,-3.4,False,True,Bandeirantes,PR,1,Consolidado
4102505,PR,Sul,Municipal,31,86.39,71.26,80.0,91.0,0.1361,6.39,False,False,Barbosa Ferraz,PR,1,Consolidado
4102604,PR,Sul,Municipal,40,71.72,74.99,73.73,72.57,0.28280000000000005,-2.01,False,True,Barracão,PR,1,Consolidado
4102802,PR,Sul,Municipal,58,67.35,61.76,64.18,61.05,0.3265,3.17,False,False,Bela Vista do Paraíso,PR,0,Atenção
4102901,PR,Sul,Municipal,63,77.73,70.93,80.0,80.76,0.2227,-2.27,False,True,Bituruna,PR,1,Consolidado
4103008,PR,Sul,Municipal,23,85.42,96.03,80.0,93.75,0.14579999999999993,5.42,False,False,Boa Esperança,PR,1,Consolidado
4103040,PR,Sul,Municipal,21,75.36,68.02,75.58,74.78,0.24639999999999995,-0.22,False,True,Boa Ventura de São Roque,PR,1,Consolidado
4103057,PR,Sul,Municipal,36,71.02,52.14,73.58,72.39,0.28980000000000006,-2.56,False,True,Boa Vista da Aparecida,PR,1,Consolidado
4103107,PR,Sul,Municipal,75,60.66,59.87,54.2,49.13,0.3934000000000001,6.46,False,False,Bocaiúva do Sul,PR,3,Intermediário
4103206,PR,Sul,Municipal,25,67.55,78.36,57.91,53.53,0.3245,9.64,False,False,Bom Sucesso,PR,3,Intermediário
4103305,PR,Sul,Municipal,25,79.79,75.35,80.0,87.15,0.20209999999999995,-0.21,False,True,Borrazópolis,PR,1,Consolidado
4103453,PR,Sul,Municipal,107,85.64,77.89,80.0,87.02,0.14359999999999995,5.64,False,False,Cafelândia,PR,1,Consolidado
4103503,PR,Sul,Municipal,40,75.5,67.66,80.0,81.85,0.245,-4.5,False,True,Califórnia,PR,1,Consolidado
4103602,PR,Sul,Municipal,48,62.51,60.78,65.41,62.53,0.3749,-2.9,False,True,Cambará,PR,0,Atenção
4103701,PR,Sul,Municipal,362,76.61,75.6,79.24,79.11,0.2339,-2.63,False,True,Cambé,PR,1,Consolidado
4103800,PR,Sul,Municipal,22,82.39,86.76,80.0,86.17,0.17610000000000003,2.39,False,False,Cambira,PR,1,Consolidado
4103909,PR,Sul,Municipal,70,75.22,74.06,80.0,80.15,0.24780000000000002,-4.78,False,True,Campina da Lagoa,PR,1,Consolidado
4103958,PR,Sul,Municipal,21,83.14,90.18,80.0,85.54,0.16859999999999997,3.14,False,False,Campina do Simão,PR,1,Consolidado
4104006,PR,Sul,Municipal,224,69.97,59.79,71.94,70.42,0.3003,-1.97,False,True,Campina Grande do Sul,PR,1,Consolidado
4104105,PR,Sul,Municipal,35,75.13,72.12,80.0,80.36,0.24870000000000003,-4.87,False,True,Campo do Tenente,PR,1,Consolidado
4104204,PR,Sul,Municipal,488,71.53,68.25,74.37,73.34,0.28469999999999995,-2.84,False,True,Campo Largo,PR,1,Consolidado
4104253,PR,Sul,Municipal,102,60.68,58.92,63.18,59.84,0.3932,-2.5,False,True,Campo Magro,PR,0,Atenção
4104303,PR,Sul,Municipal,341,77.23,77.02,77.95,77.59,0.2277,-0.72,False,True,Campo Mourão,PR,1,Consolidado
4104402,PR,Sul,Municipal,46,76.05,87.28,80.0,83.34,0.23950000000000005,-3.95,False,True,Cândido de Abreu,PR,1,Consolidado
4104428,PR,Sul,Municipal,61,74.95,63.43,74.4,73.37,0.25049999999999994,0.55,False,False,Candói,PR,1,Consolidado
4104451,PR,Sul,Municipal,62,68.97,73.67,68.01,65.68,0.3103,0.96,False,False,Cantagalo,PR,0,Atenção
4104501,PR,Sul,Municipal,71,74.02,79.86,78.69,78.46,0.25980000000000003,-4.67,False,True,Capanema,PR,1,Consolidado
4104600,PR,Sul,Municipal,68,72.15,82.65,74.06,72.97,0.27849999999999997,-1.91,False,True,Capitão Leônidas Marques,PR,1,Consolidado
4104659,PR,Sul,Municipal,107,73.76,70.38,75.84,75.09,0.26239999999999997,-2.08,False,True,Carambeí,PR,1,Consolidado
4104709,PR,Sul,Municipal,45,72.21,68.43,74.67,73.7,0.27790000000000004,-2.46,False,True,Carlópolis,PR,1,Consolidado
4104808,PR,Sul,Municipal,1081,77.76,73.62,80.0,80.11,0.22239999999999993,-2.24,False,True,Cascavel,PR,1,Consolidado
4104907,PR,Sul,Municipal,288,70.4,72.28,75.14,74.26,0.29599999999999993,-4.74,False,True,Castro,PR,1,Consolidado
4105003,PR,Sul,Municipal,44,69.45,61.37,68.32,66.05,0.3055,1.13,False,False,Catanduvas,PR,0,Atenção
4105102,PR,Sul,Municipal,45,64.75,72.13,58.53,54.26,0.35250000000000004,6.22,False,False,Centenário do Sul,PR,3,Intermediário
4105201,PR,Sul,Municipal,63,60.69,52.75,58.95,54.77,0.3931,1.74,False,False,Cerro Azul,PR,0,Atenção
4105300,PR,Sul,Municipal,33,77.3,87.6,80.0,81.6,0.22699999999999998,-2.7,False,True,Céu Azul,PR,1,Consolidado
4105409,PR,Sul,Municipal,88,74.06,68.97,80.0,80.73,0.25939999999999996,-5.94,False,True,Chopinzinho,PR,1,Consolidado
4105508,PR,Sul,Municipal,283,75.32,72.2,79.62,79.56,0.24680000000000002,-4.3,False,True,Cianorte,PR,1,Consolidado
4105607,PR,Sul,Municipal,45,66.15,70.94,67.22,64.72,0.3384999999999999,-1.07,False,True,Cidade Gaúcha,PR,0,Atenção
4105706,PR,Sul,Municipal,59,71.53,76.47,74.18,73.11,0.28469999999999995,-2.65,False,True,Clevelândia,PR,1,Consolidado
4105805,PR,Sul,Municipal,1010,63.46,60.78,67.38,64.92,0.36539999999999995,-3.92,False,True,Colombo,PR,0,Atenção
4105904,PR,Sul,Municipal,63,81.42,80.71,80.0,84.01,0.18579999999999997,1.42,False,False,Colorado,PR,1,Consolidado
4106001,PR,Sul,Municipal,38,69.85,45.77,70.6,68.8,0.3015000000000001,-0.75,False,True,Congonhinhas,PR,1,Consolidado
4106209,PR,Sul,Municipal,90,74.53,81.28,78.62,78.38,0.25470000000000004,-4.09,False,True,Contenda,PR,1,Consolidado
4106308,PR,Sul,Municipal,66,76.17,81.59,75.44,74.62,0.23829999999999996,0.73,False,False,Corbélia,PR,1,Consolidado
4106407,PR,Sul,Municipal,134,74.94,75.7,77.26,76.78,0.25060000000000004,-2.32,False,True,Cornélio Procópio,PR,1,Consolidado
4106456,PR,Sul,Municipal,31,75.9,61.67,78.53,78.28,0.241,-2.63,False,True,Coronel Domingos Soares,PR,1,Consolidado
4106506,PR,Sul,Municipal,95,77.92,73.19,80.0,80.52,0.2208,-2.08,False,True,Coronel Vivida,PR,1,Consolidado
4106555,PR,Sul,Municipal,23,83.97,91.63,80.0,87.28,0.1603,3.97,False,False,Corumbataí do Sul,PR,1,Consolidado
4106605,PR,Sul,Municipal,81,72.72,74.28,74.97,74.06,0.27280000000000004,-2.25,False,True,Cruzeiro do Oeste,PR,1,Consolidado
4106803,PR,Sul,Municipal,69,78.42,84.6,80.0,80.66,0.2158,-1.58,False,True,Cruz Machado,PR,1,Consolidado
4106902,PR,Sul,Municipal,4172,67.7,67.52,71.93,70.41,0.32299999999999995,-4.23,False,True,Curitiba,PR,0,Atenção
4107009,PR,Sul,Municipal,41,76.21,66.2,80.0,80.2,0.2379000000000001,-3.79,False,True,Curiúva,PR,1,Consolidado
4107157,PR,Sul,Municipal,23,71.74,69.54,69.28,67.21,0.2826000000000001,2.46,False,False,Diamante D'Oeste,PR,1,Consolidado
4107207,PR,Sul,Municipal,165,80.68,85.56,80.0,83.75,0.19319999999999993,0.68,False,False,Dois Vizinhos,PR,1,Consolidado
4107256,PR,Sul,Municipal,32,59.15,62.7,55.19,50.3,0.4085,3.96,False,False,Douradina,PR,3,Intermediário
4107504,PR,Sul,Municipal,39,81.96,87.24,80.0,87.33,0.18040000000000012,1.96,False,False,Engenheiro Beltrão,PR,1,Consolidado
4107538,PR,Sul,Municipal,21,81.72,95.47,80.0,88.83,0.18279999999999996,1.72,False,False,Entre Rios do Oeste,PR,1,Consolidado
4107546,PR,Sul,Municipal,32,71.78,74.48,73.21,71.95,0.2822,-1.43,False,True,Espigão Alto do Iguaçu,PR,1,Consolidado
4107603,PR,Sul,Municipal,67,80.77,72.5,80.0,83.44,0.19230000000000003,0.77,False,False,Faxinal,PR,1,Consolidado
4107652,PR,Sul,Municipal,648,65.76,64.99,70.65,68.86,0.3423999999999999,-4.89,False,True,Fazenda Rio Grande,PR,0,Atenção
4107736,PR,Sul,Municipal,28,78.15,79.41,80.0,80.92,0.21849999999999992,-1.85,False,True,Fernandes Pinheiro,PR,1,Consolidado
4107751,PR,Sul,Municipal,29,77.64,79.99,80.0,82.1,0.22360000000000002,-2.36,False,True,Figueira,PR,1,Consolidado
4107801,PR,Sul,Municipal,20,78.38,91.26,77.73,77.34,0.21620000000000006,0.65,False,False,Floraí,PR,1,Consolidado
4107850,PR,Sul,Municipal,20,79.34,80.02,80.0,85.72,0.2066,-0.66,False,True,Flor da Serra do Sul,PR,1,Consolidado
4107900,PR,Sul,Municipal,58,72.05,70.52,76.93,76.39,0.2795000000000001,-4.88,False,True,Floresta,PR,1,Consolidado
4108007,PR,Sul,Municipal,32,66.27,54.53,66.94,64.38,0.33730000000000004,-0.67,False,True,Florestópolis,PR,0,Atenção
4108304,PR,Sul,Municipal,1049,71.75,72.58,74.1,73.01,0.2825,-2.35,False,True,Foz do Iguaçu,PR,1,Consolidado
4108320,PR,Sul,Municipal,40,70.13,77.99,70.52,68.72,0.2987000000000001,-0.39,False,True,Francisco Alves,PR,1,Consolidado
4108403,PR,Sul,Municipal,323,74.52,76.11,79.72,79.67,0.2548,-5.2,False,True,Francisco Beltrão,PR,1,Consolidado
4108452,PR,Sul,Municipal,31,79.23,80.59,80.0,83.19,0.2077,-0.77,False,True,Foz do Jordão,PR,1,Consolidado
4108502,PR,Sul,Municipal,44,74.72,61.17,79.19,79.05,0.2528,-4.47,False,True,General Carneiro,PR,1,Consolidado
4108601,PR,Sul,Municipal,89,70.48,65.49,72.0,70.49,0.2951999999999999,-1.52,False,True,Goioerê,PR,1,Consolidado
4108650,PR,Sul,Municipal,26,86.52,88.37,80.0,92.62,0.13480000000000003,6.52,False,False,Goioxim,PR,1,Consolidado
4108700,PR,Sul,Municipal,21,68.3,60.86,67.46,65.01,0.31700000000000006,0.84,False,False,Grandes Rios,PR,0,Atenção
4108809,PR,Sul,Municipal,127,64.47,76.38,65.99,63.23,0.35530000000000006,-1.52,False,True,Guaíra,PR,0,Atenção
4108908,PR,Sul,Municipal,31,71.13,79.0,73.72,72.56,0.28870000000000007,-2.59,False,True,Guairaçá,PR,1,Consolidado
4108957,PR,Sul,Municipal,30,75.1,72.01,79.6,79.53,0.2490000000000001,-4.5,False,True,Guamiranga,PR,1,Consolidado
4109005,PR,Sul,Municipal,26,81.35,68.86,80.0,87.9,0.1865000000000001,1.35,False,False,Guapirama,PR,1,Consolidado
4109302,PR,Sul,Municipal,52,78.02,75.08,80.0,80.03,0.2198,-1.98,False,True,Guaraniaçu,PR,1,Consolidado
4109401,PR,Sul,Municipal,766,71.35,64.77,75.27,74.41,0.2865000000000001,-3.92,False,True,Guarapuava,PR,1,Consolidado
4109500,PR,Sul,Municipal,20,69.29,62.79,71.7,70.14,0.30709999999999993,-2.41,False,True,Guaraqueçaba,PR,1,Consolidado
4109609,PR,Sul,Municipal,221,64.95,65.64,69.4,67.35,0.3504999999999999,-4.45,False,True,Guaratuba,PR,0,Atenção
4109658,PR,Sul,Municipal,20,67.88,80.62,59.97,55.98,0.32120000000000004,7.91,False,False,Honório Serpa,PR,3,Intermediário
4109708,PR,Sul,Municipal,117,69.99,71.77,73.99,72.88,0.30010000000000003,-4.0,False,True,Ibaiti,PR,1,Consolidado
4109757,PR,Sul,Municipal,27,70.5,55.2,73.95,72.84,0.29500000000000004,-3.45,False,True,Ibema,PR,1,Consolidado
4109807,PR,Sul,Municipal,195,70.58,64.36,74.39,73.36,0.2942,-3.81,False,True,Ibiporã,PR,1,Consolidado
4109906,PR,Sul,Municipal,34,72.81,56.09,74.31,73.26,0.27190000000000003,-1.5,False,True,Icaraíma,PR,1,Consolidado
4110003,PR,Sul,Municipal,21,66.27,53.74,55.71,50.91,0.33730000000000004,10.56,False,False,Iguaraçu,PR,3,Intermediário
4110078,PR,Sul,Municipal,77,72.79,69.1,73.19,71.92,0.2720999999999999,-0.4,False,True,Imbaú,PR,1,Consolidado
4110102,PR,Sul,Municipal,146,74.26,81.23,80.0,80.43,0.25739999999999996,-5.74,False,True,Imbituva,PR,1,Consolidado
4110201,PR,Sul,Municipal,57,71.95,75.16,74.45,73.43,0.28049999999999997,-2.5,False,True,Inácio Martins,PR,1,Consolidado
4110508,PR,Sul,Municipal,63,81.96,82.11,80.0,88.2,0.18040000000000012,1.96,False,False,Ipiranga,PR,1,Consolidado
4110607,PR,Sul,Municipal,43,64.52,70.45,66.75,64.15,0.3548,-2.23,False,True,Iporã,PR,0,Atenção
4110706,PR,Sul,Municipal,220,79.6,86.65,80.0,82.74,0.20400000000000007,-0.4,False,True,Irati,PR,1,Consolidado
4110805,PR,Sul,Municipal,47,81.56,80.34,80.0,87.59,0.1844,1.56,False,False,Iretama,PR,1,Consolidado
4110953,PR,Sul,Municipal,67,80.4,92.74,80.0,86.91,0.19599999999999995,0.4,False,False,Itaipulândia,PR,1,Consolidado
4111100,PR,Sul,Municipal,24,83.53,86.99,80.0,89.72,0.16469999999999996,3.53,False,False,Itambé,PR,1,Consolidado
4111209,PR,Sul,Municipal,59,74.9,77.91,76.17,75.48,0.2509999999999999,-1.27,False,True,Itapejara d'Oeste,PR,1,Consolidado
4111258,PR,Sul,Municipal,152,58.58,58.1,60.35,56.44,0.4142,-1.77,False,True,Itaperuçu,PR,0,Atenção
4111407,PR,Sul,Municipal,50,78.01,75.93,80.0,84.6,0.21989999999999998,-1.99,False,True,Ivaí,PR,1,Consolidado
4111506,PR,Sul,Municipal,92,68.81,70.79,68.76,66.58,0.31189999999999996,0.05,False,False,Ivaiporã,PR,0,Atenção
4111704,PR,Sul,Municipal,21,80.15,66.64,80.0,82.7,0.1984999999999999,0.15,False,False,Jaboti,PR,1,Consolidado
4111803,PR,Sul,Municipal,113,60.13,56.26,59.25,55.12,0.39869999999999994,0.88,False,False,Jacarezinho,PR,0,Atenção
4111902,PR,Sul,Municipal,62,73.51,68.12,76.81,76.25,0.2648999999999999,-3.3,False,True,Jaguapitã,PR,1,Consolidado
4112009,PR,Sul,Municipal,138,78.18,80.07,80.0,80.92,0.21819999999999995,-1.82,False,True,Jaguariaíva,PR,1,Consolidado
4112108,PR,Sul,Municipal,63,75.32,72.38,77.44,76.99,0.24680000000000002,-2.12,False,True,Jandaia do Sul,PR,1,Consolidado
4112405,PR,Sul,Municipal,25,75.11,83.44,74.44,73.42,0.2489,0.67,False,False,Japurá,PR,1,Consolidado
4112504,PR,Sul,Municipal,35,64.33,76.89,64.31,61.2,0.3567,0.02,False,False,Jardim Alegre,PR,0,Atenção
4112702,PR,Sul,Municipal,45,66.96,41.69,65.3,62.4,0.3304,1.66,False,False,Jataizinho,PR,0,Atenção
4112751,PR,Sul,Municipal,21,76.72,84.99,80.0,85.83,0.2328,-3.28,False,True,Jesuítas,PR,1,Consolidado
4112801,PR,Sul,Municipal,52,82.78,86.06,80.0,85.53,0.17220000000000002,2.78,False,False,Joaquim Távora,PR,1,Consolidado
4112900,PR,Sul,Municipal,20,70.77,55.26,60.68,56.84,0.2923,10.09,False,False,Jundiaí do Sul,PR,3,Intermediário
4112959,PR,Sul,Municipal,26,68.48,57.65,63.12,59.77,0.3151999999999999,5.36,False,False,Juranda,PR,3,Intermediário
4113007,PR,Sul,Municipal,29,75.81,68.86,73.48,72.27,0.2419,2.33,False,False,Jussara,PR,1,Consolidado
4113205,PR,Sul,Municipal,155,75.12,77.65,80.0,81.08,0.2487999999999999,-4.88,False,True,Lapa,PR,1,Consolidado
4113254,PR,Sul,Municipal,25,66.26,37.88,,58.83,0.3373999999999999,,True,False,Laranjal,PR,0,Atenção
4113304,PR,Sul,Municipal,140,70.2,66.72,73.37,72.14,0.29799999999999993,-3.17,False,True,Laranjeiras do Sul,PR,1,Consolidado
4113452,PR,Sul,Municipal,20,82.86,64.64,80.0,86.49,0.1714,2.86,False,False,Lindoeste,PR,1,Consolidado
4113502,PR,Sul,Municipal,60,71.36,66.76,73.6,72.42,0.2864,-2.24,False,True,Loanda,PR,1,Consolidado
4113700,PR,Sul,Municipal,1509,71.59,73.7,74.82,73.87,0.2841,-3.23,False,True,Londrina,PR,1,Consolidado
4113734,PR,Sul,Municipal,26,80.89,79.96,80.0,85.27,0.19110000000000005,0.89,False,False,Luiziana,PR,1,Consolidado
4113908,PR,Sul,Municipal,59,80.13,90.06,80.0,82.55,0.1987000000000001,0.13,False,False,Mallet,PR,1,Consolidado
4114005,PR,Sul,Municipal,52,86.03,80.35,80.0,93.95,0.13969999999999994,6.03,False,False,Mamborê,PR,1,Consolidado
4114104,PR,Sul,Municipal,116,62.43,62.64,63.44,60.15,0.37570000000000003,-1.01,False,True,Mandaguaçu,PR,0,Atenção
4114203,PR,Sul,Municipal,126,81.92,82.81,80.0,85.06,0.18079999999999996,1.92,False,False,Mandaguari,PR,1,Consolidado
4114302,PR,Sul,Municipal,92,75.3,58.76,79.47,79.38,0.247,-4.17,False,True,Mandirituba,PR,1,Consolidado
4114401,PR,Sul,Municipal,59,71.03,65.06,73.44,72.22,0.28969999999999996,-2.41,False,True,Mangueirinha,PR,1,Consolidado
4114500,PR,Sul,Municipal,39,71.22,69.21,69.69,67.7,0.28780000000000006,1.53,False,False,Manoel Ribas,PR,1,Consolidado
4114609,PR,Sul,Municipal,228,73.69,80.12,76.01,75.3,0.2631,-2.32,False,True,Marechal Cândido Rondon,PR,1,Consolidado
4114807,PR,Sul,Municipal,160,71.46,72.28,74.29,73.24,0.2854000000000001,-2.83,False,True,Marialva,PR,1,Consolidado
4114906,PR,Sul,Municipal,34,72.42,82.18,73.34,72.1,0.27579999999999993,-0.92,False,True,Marilândia do Sul,PR,1,Consolidado
4115002,PR,Sul,Municipal,25,76.56,67.26,80.0,84.46,0.23439999999999994,-3.44,False,True,Marilena,PR,1,Consolidado
4115101,PR,Sul,Municipal,39,64.69,56.75,65.33,62.44,0.35309999999999997,-0.64,False,True,Mariluz,PR,0,Atenção
4115200,PR,Sul,Municipal,1057,74.13,80.12,80.0,80.49,0.25870000000000004,-5.87,False,True,Maringá,PR,1,Consolidado
4115309,PR,Sul,Municipal,23,74.3,82.94,76.94,76.4,0.257,-2.64,False,True,Mariópolis,PR,1,Consolidado
4115358,PR,Sul,Municipal,38,79.33,79.07,80.0,80.97,0.2067,-0.67,False,True,Maripá,PR,1,Consolidado
4115408,PR,Sul,Municipal,48,75.14,85.44,78.57,78.32,0.24860000000000004,-3.43,False,True,Marmeleiro,PR,1,Consolidado
4115457,PR,Sul,Municipal,23,74.64,69.77,74.92,73.99,0.25360000000000005,-0.28,False,True,Marquinho,PR,1,Consolidado
4115606,PR,Sul,Municipal,73,71.82,69.5,74.52,73.52,0.28180000000000005,-2.7,False,True,Matelândia,PR,1,Consolidado
4115705,PR,Sul,Municipal,160,69.15,63.63,71.91,70.38,0.3085,-2.76,False,True,Matinhos,PR,1,Consolidado
4115754,PR,Sul,Municipal,47,77.6,80.44,80.0,81.13,0.2240000000000001,-2.4,False,True,Mauá da Serra,PR,1,Consolidado
4115804,PR,Sul,Municipal,203,78.39,75.88,79.33,79.22,0.21609999999999996,-0.94,False,True,Medianeira,PR,1,Consolidado
4115853,PR,Sul,Municipal,25,84.13,88.13,80.0,91.25,0.15870000000000006,4.13,False,False,Mercedes,PR,1,Consolidado
4116059,PR,Sul,Municipal,49,81.96,75.47,80.0,88.67,0.18040000000000012,1.96,False,False,Missal,PR,1,Consolidado
4116109,PR,Sul,Municipal,31,75.78,73.34,79.43,79.33,0.24219999999999997,-3.65,False,True,Moreira Sales,PR,1,Consolidado
4116208,PR,Sul,Municipal,65,67.25,63.7,70.28,68.42,0.3275,-3.03,False,True,Morretes,PR,0,Atenção
4116307,PR,Sul,Municipal,20,70.81,75.18,57.66,53.23,0.29189999999999994,13.15,False,False,Munhoz de Melo,PR,3,Intermediário
4116703,PR,Sul,Municipal,49,81.43,77.36,80.0,82.25,0.18569999999999998,1.43,False,False,Nova Aurora,PR,1,Consolidado
4116802,PR,Sul,Municipal,37,75.24,95.13,79.57,79.5,0.24760000000000004,-4.33,False,True,Nova Cantu,PR,1,Consolidado
4116901,PR,Sul,Municipal,86,72.61,79.16,75.03,74.13,0.27390000000000003,-2.42,False,True,Nova Esperança,PR,1,Consolidado
4116950,PR,Sul,Municipal,22,85.82,91.27,80.0,97.38,0.14180000000000004,5.82,False,False,Nova Esperança do Sudoeste,PR,1,Consolidado
4117008,PR,Sul,Municipal,26,74.93,72.82,80.0,81.68,0.2506999999999999,-5.07,False,True,Nova Fátima,PR,1,Consolidado
4117057,PR,Sul,Municipal,29,70.11,66.38,77.85,77.48,0.29890000000000005,-7.74,False,True,Nova Laranjeiras,PR,1,Consolidado
4117107,PR,Sul,Municipal,39,75.91,82.25,78.01,77.67,0.2409,-2.1,False,True,Nova Londrina,PR,1,Consolidado
4117206,PR,Sul,Municipal,27,76.35,85.56,79.33,79.22,0.23650000000000004,-2.98,False,True,Nova Olímpia,PR,1,Consolidado
4117222,PR,Sul,Municipal,51,76.01,70.49,78.12,77.8,0.2399,-2.11,False,True,Nova Santa Rosa,PR,1,Consolidado
4117255,PR,Sul,Municipal,49,75.34,67.53,80.0,80.81,0.24659999999999993,-4.66,False,True,Nova Prata do Iguaçu,PR,1,Consolidado
4117305,PR,Sul,Municipal,79,63.43,61.21,65.49,62.63,0.3657,-2.06,False,True,Ortigueira,PR,0,Atenção
4117453,PR,Sul,Municipal,26,80.18,89.03,80.0,86.73,0.19819999999999993,0.18,False,False,Ouro Verde do Oeste,PR,1,Consolidado
4117503,PR,Sul,Municipal,230,67.89,59.91,70.33,68.48,0.32109999999999994,-2.44,False,True,Paiçandu,PR,0,Atenção
4117602,PR,Sul,Municipal,207,56.71,54.36,59.7,55.66,0.43289999999999995,-2.99,False,True,Palmas,PR,0,Atenção
4117701,PR,Sul,Municipal,123,72.58,63.65,72.95,71.64,0.2742,-0.37,False,True,Palmeira,PR,1,Consolidado
4117800,PR,Sul,Municipal,41,72.18,75.85,75.15,74.27,0.2781999999999999,-2.97,False,True,Palmital,PR,1,Consolidado
4117909,PR,Sul,Municipal,123,69.41,74.55,70.79,69.03,0.30590000000000006,-1.38,False,True,Palotina,PR,1,Consolidado
4118006,PR,Sul,Municipal,51,74.37,75.49,75.67,74.89,0.2563,-1.3,False,True,Paraíso do Norte,PR,1,Consolidado
4118105,PR,Sul,Municipal,40,80.12,91.7,80.0,83.27,0.19879999999999998,0.12,False,False,Paranacity,PR,1,Consolidado
4118204,PR,Sul,Municipal,399,58.12,62.55,64.89,61.91,0.41880000000000006,-6.77,False,True,Paranaguá,PR,0,Atenção
4118402,PR,Sul,Municipal,326,77.57,74.22,80.0,80.45,0.22430000000000005,-2.43,False,True,Paranavaí,PR,1,Consolidado
4118451,PR,Sul,Municipal,32,84.38,83.08,80.0,90.47,0.1562,4.38,False,False,Pato Bragado,PR,1,Consolidado
4118501,PR,Sul,Municipal,309,74.26,70.89,78.48,78.22,0.25739999999999996,-4.22,False,True,Pato Branco,PR,1,Consolidado
4118600,PR,Sul,Municipal,23,75.39,77.81,77.91,77.55,0.24609999999999999,-2.52,False,True,Paula Freitas,PR,1,Consolidado
4118709,PR,Sul,Municipal,22,80.77,81.7,80.0,90.71,0.19230000000000003,0.77,False,False,Paulo Frontin,PR,1,Consolidado
4118808,PR,Sul,Municipal,45,72.11,66.47,71.16,69.48,0.27890000000000004,0.95,False,False,Peabiru,PR,1,Consolidado
4118857,PR,Sul,Municipal,35,64.37,68.68,61.32,57.6,0.35629999999999995,3.05,False,False,Perobal,PR,0,Atenção
4118907,PR,Sul,Municipal,46,73.9,64.97,78.63,78.4,0.2609999999999999,-4.73,False,True,Pérola,PR,1,Consolidado
4119004,PR,Sul,Municipal,22,81.0,86.87,80.0,88.85,0.18999999999999995,1.0,False,False,Pérola d'Oeste,PR,1,Consolidado
4119103,PR,Sul,Municipal,65,80.45,90.34,80.0,85.9,0.1955,0.45,False,False,Piên,PR,1,Consolidado
4119152,PR,Sul,Municipal,432,63.75,58.57,65.58,62.74,0.36250000000000004,-1.83,False,True,Pinhais,PR,0,Atenção
4119202,PR,Sul,Municipal,30,73.64,79.86,74.89,73.96,0.26359999999999995,-1.25,False,True,Pinhalão,PR,1,Consolidado
4119301,PR,Sul,Municipal,149,63.08,61.19,64.88,61.89,0.3692,-1.8,False,True,Pinhão,PR,0,Atenção
4119400,PR,Sul,Municipal,70,69.19,77.76,74.08,72.99,0.30810000000000004,-4.89,False,True,Piraí do Sul,PR,1,Consolidado
4119509,PR,Sul,Municipal,439,61.13,49.83,61.92,58.33,0.38869999999999993,-0.79,False,True,Piraquara,PR,0,Atenção
4119608,PR,Sul,Municipal,107,70.86,71.76,74.08,72.99,0.2914,-3.22,False,True,Pitanga,PR,1,Consolidado
4119806,PR,Sul,Municipal,54,84.66,78.92,80.0,87.64,0.15339999999999998,4.66,False,False,Planalto,PR,1,Consolidado
4119905,PR,Sul,Municipal,1046,71.46,76.1,76.43,75.79,0.2854000000000001,-4.97,False,True,Ponta Grossa,PR,1,Consolidado
4119954,PR,Sul,Municipal,132,70.72,63.16,72.58,71.19,0.29280000000000006,-1.86,False,True,Pontal do Paraná,PR,1,Consolidado
4120002,PR,Sul,Municipal,27,72.71,88.9,75.21,74.34,0.27290000000000003,-2.5,False,True,Porecatu,PR,1,Consolidado
4120101,PR,Sul,Municipal,22,73.01,67.45,71.41,69.78,0.2698999999999999,1.6,False,False,Porto Amazonas,PR,1,Consolidado
4120200,PR,Sul,Municipal,20,70.15,79.92,63.64,60.4,0.2985,6.51,False,False,Porto Rico,PR,3,Intermediário
4120507,PR,Sul,Municipal,28,63.63,55.39,56.15,51.44,0.3637,7.48,False,False,Primeiro de Maio,PR,3,Intermediário
4120606,PR,Sul,Municipal,143,80.85,81.18,80.0,82.7,0.1915,0.85,False,False,Prudentópolis,PR,1,Consolidado
4120705,PR,Sul,Municipal,26,82.9,92.08,80.0,91.58,0.17099999999999993,2.9,False,False,Quatiguá,PR,1,Consolidado
4120804,PR,Sul,Municipal,107,67.0,68.64,68.92,66.78,0.32999999999999996,-1.92,False,True,Quatro Barras,PR,0,Atenção
4120853,PR,Sul,Municipal,21,85.33,100.0,80.0,91.8,0.14670000000000005,5.33,False,False,Quatro Pontes,PR,1,Consolidado
4120903,PR,Sul,Municipal,130,73.65,65.13,73.0,71.7,0.26349999999999996,0.65,False,False,Quedas do Iguaçu,PR,1,Consolidado
4121000,PR,Sul,Municipal,48,57.37,51.3,50.89,45.28,0.4263,6.48,False,False,Querência do Norte,PR,3,Intermediário
4121208,PR,Sul,Municipal,76,71.97,69.63,73.05,71.75,0.2803,-1.08,False,True,Quitandinha,PR,1,Consolidado
4121406,PR,Sul,Municipal,66,83.58,81.81,80.0,88.32,0.1642,3.58,False,False,Realeza,PR,1,Consolidado
4121505,PR,Sul,Municipal,73,82.29,73.73,80.0,86.33,0.17709999999999992,2.29,False,False,Rebouças,PR,1,Consolidado
4121604,PR,Sul,Municipal,27,69.61,85.38,72.28,70.83,0.30390000000000006,-2.67,False,True,Renascença,PR,1,Consolidado
4121703,PR,Sul,Municipal,89,72.22,83.68,73.98,72.87,0.27780000000000005,-1.76,False,True,Reserva,PR,1,Consolidado
4121752,PR,Sul,Municipal,27,75.83,89.71,78.22,77.91,0.24170000000000003,-2.39,False,True,Reserva do Iguaçu,PR,1,Consolidado
4121802,PR,Sul,Municipal,53,75.91,80.98,75.41,74.58,0.2409,0.5,False,False,Ribeirão Claro,PR,1,Consolidado
4121901,PR,Sul,Municipal,47,80.47,86.96,80.0,86.67,0.19530000000000003,0.47,False,False,Ribeirão do Pinhal,PR,1,Consolidado
4122008,PR,Sul,Municipal,63,85.21,87.16,80.0,89.62,0.14790000000000003,5.21,False,False,Rio Azul,PR,1,Consolidado
4122156,PR,Sul,Municipal,53,78.41,72.73,80.0,81.41,0.21589999999999998,-1.59,False,True,Rio Bonito do Iguaçu,PR,1,Consolidado
4122206,PR,Sul,Municipal,138,62.35,64.6,65.21,62.29,0.37649999999999995,-2.86,False,True,Rio Branco do Sul,PR,0,Atenção
4122305,PR,Sul,Municipal,117,82.96,87.96,80.0,85.17,0.1704000000000001,2.96,False,False,Rio Negro,PR,1,Consolidado
4122404,PR,Sul,Municipal,272,73.72,74.75,74.42,73.4,0.26280000000000003,-0.7,False,True,Rolândia,PR,1,Consolidado
4122503,PR,Sul,Municipal,41,80.79,71.3,80.0,83.73,0.19209999999999994,0.79,False,False,Roncador,PR,1,Consolidado
4122602,PR,Sul,Municipal,31,71.44,45.26,70.28,68.42,0.2856000000000001,1.16,False,False,Rondon,PR,1,Consolidado
4122701,PR,Sul,Municipal,43,80.26,82.63,80.0,81.51,0.1973999999999999,0.26,False,False,Sabáudia,PR,1,Consolidado
4122800,PR,Sul,Municipal,20,84.34,100.0,80.0,89.42,0.15659999999999996,4.34,False,False,Salgado Filho,PR,1,Consolidado
4122909,PR,Sul,Municipal,22,69.28,73.71,67.05,64.52,0.30720000000000003,2.23,False,False,Salto do Itararé,PR,0,Atenção
4123006,PR,Sul,Municipal,53,80.87,81.32,80.0,85.46,0.19129999999999991,0.87,False,False,Salto do Lontra,PR,1,Consolidado
4123303,PR,Sul,Municipal,33,78.72,59.28,80.0,85.79,0.2128,-1.28,False,True,Santa Cruz de Monte Castelo,PR,1,Consolidado
4123402,PR,Sul,Municipal,43,64.57,57.51,62.22,58.68,0.35430000000000006,2.35,False,False,Santa Fé,PR,0,Atenção
4123501,PR,Sul,Municipal,118,78.97,82.49,79.32,79.21,0.21030000000000004,-0.35,False,True,Santa Helena,PR,1,Consolidado
4123709,PR,Sul,Municipal,39,77.93,72.44,80.0,84.22,0.2206999999999999,-2.07,False,True,Santa Isabel do Ivaí,PR,1,Consolidado
4123808,PR,Sul,Municipal,36,75.65,83.33,80.0,82.42,0.24349999999999994,-4.35,False,True,Santa Izabel do Oeste,PR,1,Consolidado
4123824,PR,Sul,Municipal,21,79.16,90.5,79.57,79.5,0.20840000000000003,-0.41,False,True,Santa Lúcia,PR,1,Consolidado
4123857,PR,Sul,Municipal,45,71.23,69.41,76.81,76.25,0.28769999999999996,-5.58,False,True,Santa Maria do Oeste,PR,1,Consolidado
4123907,PR,Sul,Municipal,35,71.89,92.02,74.63,73.65,0.2811,-2.74,False,True,Santa Mariana,PR,1,Consolidado
4124004,PR,Sul,Municipal,20,74.69,59.14,78.52,78.27,0.2531,-3.83,False,True,Santana do Itararé,PR,1,Consolidado
4124020,PR,Sul,Municipal,71,73.67,81.36,74.35,73.31,0.2633,-0.68,False,True,Santa Tereza do Oeste,PR,1,Consolidado
4124053,PR,Sul,Municipal,66,79.94,77.91,80.0,81.3,0.2006,-0.06,False,True,Santa Terezinha de Itaipu,PR,1,Consolidado
4124103,PR,Sul,Municipal,196,64.39,54.18,63.64,60.4,0.35609999999999997,0.75,False,False,Santo Antônio da Platina,PR,0,Atenção
4124400,PR,Sul,Municipal,81,78.36,80.59,79.58,79.51,0.21640000000000004,-1.22,False,True,Santo Antônio do Sudoeste,PR,1,Consolidado
4124509,PR,Sul,Municipal,32,82.73,81.01,80.0,91.05,0.17269999999999996,2.73,False,False,Santo Inácio,PR,1,Consolidado
4124608,PR,Sul,Municipal,21,79.18,71.04,78.54,78.29,0.20819999999999994,0.64,False,False,São Carlos do Ivaí,PR,1,Consolidado
4124707,PR,Sul,Municipal,25,72.23,64.13,80.0,81.2,0.27769999999999995,-7.77,False,True,São Jerônimo da Serra,PR,1,Consolidado
4124806,PR,Sul,Municipal,37,83.1,84.16,80.0,87.02,0.16900000000000004,3.1,False,False,São João,PR,1,Consolidado
4124905,PR,Sul,Municipal,20,84.85,94.85,80.0,93.33,0.15150000000000008,4.85,False,False,São João do Caiuá,PR,1,Consolidado
4125001,PR,Sul,Municipal,33,64.86,78.46,64.52,61.46,0.35140000000000005,0.34,False,False,São João do Ivaí,PR,0,Atenção
4125100,PR,Sul,Municipal,66,75.45,80.67,78.79,78.58,0.24549999999999994,-3.34,False,True,São João do Triunfo,PR,1,Consolidado
4125209,PR,Sul,Municipal,36,84.49,78.35,80.0,88.28,0.15510000000000002,4.49,False,False,São Jorge d'Oeste,PR,1,Consolidado
4125407,PR,Sul,Municipal,20,78.4,64.5,80.0,80.7,0.21599999999999997,-1.6,False,True,São José da Boa Vista,PR,1,Consolidado
4125506,PR,Sul,Municipal,1224,67.54,64.7,69.26,67.19,0.3245999999999999,-1.72,False,True,São José dos Pinhais,PR,0,Atenção
4125605,PR,Sul,Municipal,159,80.79,68.54,80.0,83.07,0.19209999999999994,0.79,False,False,São Mateus do Sul,PR,1,Consolidado
4125704,PR,Sul,Municipal,112,73.68,73.82,74.57,73.58,0.2631999999999999,-0.89,False,True,São Miguel do Iguaçu,PR,1,Consolidado
4125753,PR,Sul,Municipal,20,72.39,84.54,75.54,74.73,0.2761,-3.15,False,True,São Pedro do Iguaçu,PR,1,Consolidado
4125803,PR,Sul,Municipal,21,79.81,75.67,80.0,83.61,0.20189999999999997,-0.19,False,True,São Pedro do Ivaí,PR,1,Consolidado
4126009,PR,Sul,Municipal,23,81.37,90.6,80.0,82.79,0.1862999999999999,1.37,False,False,São Sebastião da Amoreira,PR,1,Consolidado
4126108,PR,Sul,Municipal,24,83.51,54.22,80.0,88.97,0.16489999999999994,3.51,False,False,São Tomé,PR,1,Consolidado
4126207,PR,Sul,Municipal,30,73.04,76.51,74.36,73.32,0.26959999999999995,-1.32,False,True,Sapopema,PR,1,Consolidado
4126256,PR,Sul,Municipal,479,55.08,60.73,61.63,57.98,0.44920000000000004,-6.55,False,True,Sarandi,PR,0,Atenção
4126272,PR,Sul,Municipal,32,85.17,81.75,80.0,92.53,0.1483,5.17,False,False,Saudade do Iguaçu,PR,1,Consolidado
4126306,PR,Sul,Municipal,76,77.26,81.03,80.0,80.66,0.22739999999999994,-2.74,False,True,Sengés,PR,1,Consolidado
4126504,PR,Sul,Municipal,33,68.18,61.04,68.91,66.76,0.3181999999999999,-0.73,False,True,Sertanópolis,PR,0,Atenção
4126603,PR,Sul,Municipal,95,81.01,77.36,80.0,85.7,0.18989999999999996,1.01,False,False,Siqueira Campos,PR,1,Consolidado
4126678,PR,Sul,Municipal,52,71.78,69.34,74.8,73.85,0.2822,-3.02,False,True,Tamarana,PR,1,Consolidado
4126801,PR,Sul,Municipal,49,69.78,71.07,71.09,69.39,0.3022,-1.31,False,True,Tapejara,PR,1,Consolidado
4127007,PR,Sul,Municipal,37,74.33,89.51,77.71,77.31,0.25670000000000004,-3.38,False,True,Teixeira Soares,PR,1,Consolidado
4127106,PR,Sul,Municipal,278,65.5,60.02,65.96,63.2,0.345,-0.46,False,True,Telêmaco Borba,PR,0,Atenção
4127205,PR,Sul,Municipal,75,84.43,88.02,80.0,85.98,0.15569999999999995,4.43,False,False,Terra Boa,PR,1,Consolidado
4127304,PR,Sul,Municipal,76,70.91,76.19,70.78,69.02,0.29090000000000005,0.13,False,False,Terra Rica,PR,1,Consolidado
4127403,PR,Sul,Municipal,46,70.69,71.3,70.39,68.55,0.2931,0.3,False,False,Terra Roxa,PR,1,Consolidado
4127502,PR,Sul,Municipal,91,74.98,75.81,78.09,77.76,0.2502,-3.11,False,True,Tibagi,PR,1,Consolidado
4127601,PR,Sul,Municipal,74,73.88,68.44,78.94,78.76,0.2612000000000001,-5.06,False,True,Tijucas do Sul,PR,1,Consolidado
4127700,PR,Sul,Municipal,515,74.18,80.87,79.64,79.58,0.2582,-5.46,False,True,Toledo,PR,1,Consolidado
4127809,PR,Sul,Municipal,28,83.97,85.65,80.0,91.65,0.1603,3.97,False,False,Tomazina,PR,1,Consolidado
4127858,PR,Sul,Municipal,34,75.6,76.89,79.46,79.37,0.2440000000000001,-3.86,False,True,Três Barras do Paraná,PR,1,Consolidado
4127882,PR,Sul,Municipal,41,65.88,74.69,66.18,63.46,0.34120000000000006,-0.3,False,True,Tunas do Paraná,PR,0,Atenção
4127908,PR,Sul,Municipal,28,72.18,60.53,72.81,71.46,0.2781999999999999,-0.63,False,True,Tuneiras do Oeste,PR,1,Consolidado
4127957,PR,Sul,Municipal,30,75.37,76.54,72.18,70.71,0.24629999999999996,3.19,False,False,Tupãssi,PR,1,Consolidado
4127965,PR,Sul,Municipal,63,80.08,82.07,80.0,82.63,0.19920000000000004,0.08,False,False,Turvo,PR,1,Consolidado
4128005,PR,Sul,Municipal,86,81.43,79.09,80.0,85.59,0.18569999999999998,1.43,False,False,Ubiratã,PR,1,Consolidado
4128104,PR,Sul,Municipal,358,61.59,64.3,66.74,64.14,0.3841,-5.15,False,True,Umuarama,PR,0,Atenção
4128203,PR,Sul,Municipal,150,73.17,70.36,75.71,74.94,0.2683,-2.54,False,True,União da Vitória,PR,1,Consolidado
4128500,PR,Sul,Municipal,71,78.37,75.22,80.0,81.05,0.21629999999999994,-1.63,False,True,Wenceslau Braz,PR,1,Consolidado
4128534,PR,Sul,Municipal,33,72.79,81.77,75.01,74.1,0.2720999999999999,-2.22,False,True,Ventania,PR,1,Consolidado
4128559,PR,Sul,Municipal,33,62.52,65.76,56.94,52.37,0.3748,5.58,False,False,Vera Cruz do Oeste,PR,3,Intermediário
4128609,PR,Sul,Municipal,28,77.5,67.4,80.0,81.02,0.22499999999999998,-2.5,False,True,Verê,PR,1,Consolidado
4128633,PR,Sul,Municipal,21,78.51,71.18,76.87,76.32,0.21489999999999998,1.64,False,False,Doutor Ulysses,PR,1,Consolidado
4128708,PR,Sul,Municipal,33,73.24,75.49,72.74,71.38,0.26760000000000006,0.5,False,False,Vitorino,PR,1,Consolidado
4128807,PR,Sul,Municipal,22,70.64,49.39,74.79,73.84,0.29359999999999997,-4.15,False,True,Xambrê,PR,1,Consolidado
4200101,SC,Sul,Municipal,78,62.77,59.43,67.3,64.82,0.37229999999999996,-4.53,False,True,Abelardo Luz,SC,0,Atenção
4200200,SC,Sul,Municipal,41,73.52,84.48,80.0,81.23,0.26480000000000004,-6.48,False,True,Agrolândia,SC,1,Consolidado
4200408,SC,Sul,Municipal,37,64.67,68.03,67.24,64.75,0.35329999999999995,-2.57,False,True,Água Doce,SC,0,Atenção
4200606,SC,Sul,Municipal,26,73.97,87.55,80.0,81.28,0.2603,-6.03,False,True,Águas Mornas,SC,1,Consolidado
4200705,SC,Sul,Municipal,26,50.7,48.89,,42.89,0.493,,True,False,Alfredo Wagner,SC,0,Atenção
4201000,SC,Sul,Municipal,21,68.32,67.06,68.32,66.05,0.3168000000000001,0.0,False,False,Anita Garibaldi,SC,0,Atenção
4201208,SC,Sul,Municipal,44,74.8,74.97,75.32,74.47,0.252,-0.52,False,True,Antônio Carlos,SC,1,Consolidado
4201257,SC,Sul,Municipal,33,66.48,69.72,66.35,63.66,0.33519999999999994,0.13,False,False,Apiúna,SC,0,Atenção
4201273,SC,Sul,Municipal,22,75.22,90.69,79.48,79.39,0.24780000000000002,-4.26,False,True,Arabutã,SC,1,Consolidado
4201307,SC,Sul,Municipal,186,53.21,49.19,,51.84,0.4679,,True,False,Araquari,SC,0,Atenção
4201406,SC,Sul,Estadual,124,58.94,63.25,,58.83,0.4106000000000001,,True,False,Araranguá,SC,0,Atenção
4201406,SC,Sul,Municipal,73,53.99,62.15,,50.65,0.46009999999999995,,True,False,Araranguá,SC,0,Atenção
4201505,SC,Sul,Municipal,27,70.31,80.85,72.02,70.51,0.29689999999999994,-1.71,False,True,Armazém,SC,1,Consolidado
4201703,SC,Sul,Estadual,28,61.84,38.13,,62.7,0.38159999999999994,,True,False,Ascurra,SC,0,Atenção
4201950,SC,Sul,Municipal,38,49.2,58.08,,43.72,0.508,,True,False,Balneário Arroio do Silva,SC,0,Atenção
4202057,SC,Sul,Municipal,47,63.07,51.24,63.53,60.27,0.36929999999999996,-0.46,False,True,Balneário Barra do Sul,SC,0,Atenção
4202073,SC,Sul,Municipal,51,52.7,47.61,,51.48,0.473,,True,False,Balneário Gaivota,SC,0,Atenção
4202107,SC,Sul,Municipal,104,43.3,47.53,,47.47,0.567,,True,False,Barra Velha,SC,0,Atenção
4202305,SC,Sul,Estadual,123,53.17,49.2,,52.17,0.46829999999999994,,True,False,Biguaçu,SC,0,Atenção
4202305,SC,Sul,Municipal,71,47.67,29.18,,38.76,0.5233,,True,False,Biguaçu,SC,0,Atenção
4202404,SC,Sul,Estadual,232,59.63,67.84,,60.11,0.40369999999999995,,True,False,Blumenau,SC,0,Atenção
4202404,SC,Sul,Municipal,688,63.84,64.2,66.53,63.89,0.3615999999999999,-2.69,False,True,Blumenau,SC,0,Atenção
4202453,SC,Sul,Municipal,75,59.04,69.54,,60.82,0.40959999999999996,,True,False,Bombinhas,SC,0,Atenção
4202602,SC,Sul,Municipal,20,46.83,44.77,39.4,32.45,0.5317000000000001,7.43,False,False,Bom Retiro,SC,2,Crítico
4202800,SC,Sul,Estadual,43,58.13,51.78,,50.69,0.41869999999999996,,True,False,Braço do Norte,SC,0,Atenção
4202800,SC,Sul,Municipal,87,62.13,57.99,63.84,60.64,0.3786999999999999,-1.71,False,True,Braço do Norte,SC,0,Atenção
4202909,SC,Sul,Estadual,148,59.31,62.61,,61.74,0.40689999999999993,,True,False,Brusque,SC,0,Atenção
4202909,SC,Sul,Municipal,281,67.57,67.66,70.5,68.68,0.32430000000000003,-2.93,False,True,Brusque,SC,0,Atenção
4203006,SC,Sul,Estadual,57,57.56,65.26,,57.14,0.4244,,True,False,Caçador,SC,0,Atenção
4203006,SC,Sul,Municipal,193,69.9,61.23,71.48,69.87,0.30099999999999993,-1.58,False,True,Caçador,SC,1,Consolidado
4203154,SC,Sul,Municipal,25,66.74,63.88,65.76,62.96,0.3326,0.98,False,False,Calmon,SC,0,Atenção
4203303,SC,Sul,Municipal,54,66.61,59.66,68.68,66.48,0.3339,-2.07,False,True,Campo Alegre,SC,0,Atenção
4203501,SC,Sul,Municipal,45,64.39,50.3,64.05,60.89,0.35609999999999997,0.34,False,False,Campo Erê,SC,0,Atenção
4203600,SC,Sul,Estadual,48,60.56,60.94,,56.04,0.3944,,True,False,Campos Novos,SC,0,Atenção
4203600,SC,Sul,Municipal,70,66.62,64.59,66.86,64.29,0.3338,-0.24,False,True,Campos Novos,SC,0,Atenção
4203808,SC,Sul,Estadual,83,74.62,83.52,,78.33,0.2537999999999999,,True,False,Canoinhas,SC,1,Consolidado
4203808,SC,Sul,Municipal,108,72.71,69.38,74.87,73.94,0.27290000000000003,-2.16,False,True,Canoinhas,SC,1,Consolidado
4203907,SC,Sul,Municipal,90,71.83,71.03,73.49,72.28,0.28170000000000006,-1.66,False,True,Capinzal,SC,1,Consolidado
4203956,SC,Sul,Estadual,22,62.95,61.06,,65.79,0.37049999999999994,,True,False,Capivari de Baixo,SC,0,Atenção
4203956,SC,Sul,Municipal,55,55.08,67.66,,51.47,0.44920000000000004,,True,False,Capivari de Baixo,SC,0,Atenção
4204004,SC,Sul,Municipal,50,70.13,77.02,70.18,68.3,0.2987000000000001,-0.05,False,True,Catanduvas,SC,1,Consolidado
4204152,SC,Sul,Municipal,22,74.55,77.19,77.74,77.36,0.25450000000000006,-3.19,False,True,Celso Ramos,SC,1,Consolidado
4204202,SC,Sul,Estadual,269,58.12,64.93,,55.31,0.41880000000000006,,True,False,Chapecó,SC,0,Atenção
4204202,SC,Sul,Municipal,635,57.84,55.92,60.17,56.22,0.4216,-2.33,False,True,Chapecó,SC,0,Atenção
4204251,SC,Sul,Municipal,27,63.14,65.69,,66.78,0.36860000000000004,,True,False,Cocal do Sul,SC,0,Atenção
4204301,SC,Sul,Estadual,56,57.47,65.37,,53.76,0.4253,,True,False,Concórdia,SC,0,Atenção
4204301,SC,Sul,Municipal,251,75.5,78.04,76.94,76.4,0.245,-1.44,False,True,Concórdia,SC,1,Consolidado
4204350,SC,Sul,Municipal,33,62.54,70.27,,54.76,0.37460000000000004,,True,False,Cordilheira Alta,SC,0,Atenção
4204400,SC,Sul,Municipal,27,71.65,85.67,75.16,74.28,0.2835,-3.51,False,True,Coronel Freitas,SC,1,Consolidado
4204509,SC,Sul,Municipal,57,62.37,85.44,64.27,61.16,0.3763000000000001,-1.9,False,True,Corupá,SC,0,Atenção
4204558,SC,Sul,Municipal,33,61.1,62.98,63.0,59.62,0.389,-1.9,False,True,Correia Pinto,SC,0,Atenção
4204608,SC,Sul,Estadual,54,56.54,67.85,,59.92,0.4346,,True,False,Criciúma,SC,0,Atenção
4204608,SC,Sul,Municipal,605,56.73,61.83,62.54,59.07,0.4327000000000001,-5.81,False,True,Criciúma,SC,0,Atenção
4204707,SC,Sul,Municipal,20,79.68,79.92,80.0,93.9,0.20319999999999994,-0.32,False,True,Cunha Porã,SC,1,Consolidado
4204806,SC,Sul,Estadual,66,62.34,67.41,,62.5,0.37659999999999993,,True,False,Curitibanos,SC,0,Atenção
4204806,SC,Sul,Municipal,79,52.6,49.14,53.71,48.56,0.474,-1.11,False,True,Curitibanos,SC,0,Atenção
4204905,SC,Sul,Municipal,22,75.45,81.68,80.0,80.41,0.24549999999999994,-4.55,False,True,Descanso,SC,1,Consolidado
4205001,SC,Sul,Municipal,40,62.49,60.96,63.02,59.65,0.3751,-0.53,False,True,Dionísio Cerqueira,SC,0,Atenção
4205308,SC,Sul,Municipal,44,55.33,72.8,57.2,52.68,0.4467,-1.87,False,True,Faxinal dos Guedes,SC,0,Atenção
4205407,SC,Sul,Estadual,377,50.9,49.19,,47.8,0.491,,True,False,Florianópolis,SC,0,Atenção
4205407,SC,Sul,Municipal,548,51.49,52.51,,50.63,0.4851,,True,False,Florianópolis,SC,0,Atenção
4205456,SC,Sul,Municipal,108,59.24,61.5,62.24,58.71,0.40759999999999996,-3.0,False,True,Forquilhinha,SC,0,Atenção
4205506,SC,Sul,Municipal,130,66.93,75.62,68.73,66.55,0.3306999999999999,-1.8,False,True,Fraiburgo,SC,0,Atenção
4205704,SC,Sul,Municipal,97,70.82,73.99,72.08,70.59,0.29180000000000006,-1.26,False,True,Garopaba,SC,1,Consolidado
4205803,SC,Sul,Municipal,81,61.23,57.63,58.9,54.71,0.38770000000000004,2.33,False,False,Garuva,SC,0,Atenção
4205902,SC,Sul,Estadual,56,64.28,59.57,,68.23,0.35719999999999996,,True,False,Gaspar,SC,0,Atenção
4205902,SC,Sul,Municipal,132,58.98,64.97,,62.44,0.4102,,True,False,Gaspar,SC,0,Atenção
4206009,SC,Sul,Municipal,30,58.21,71.29,,55.24,0.41789999999999994,,True,False,Governador Celso Ramos,SC,0,Atenção
4206108,SC,Sul,Municipal,22,65.41,72.14,67.57,65.15,0.3459,-2.16,False,True,Grão Pará,SC,0,Atenção
4206207,SC,Sul,Estadual,34,54.4,67.53,,54.57,0.45599999999999996,,True,False,Gravatal,SC,0,Atenção
4206306,SC,Sul,Municipal,96,70.9,74.71,71.73,70.17,0.2909999999999999,-0.83,False,True,Guabiruba,SC,1,Consolidado
4206405,SC,Sul,Municipal,23,74.27,87.3,80.0,83.28,0.2573000000000001,-5.73,False,True,Guaraciaba,SC,1,Consolidado
4206504,SC,Sul,Municipal,172,68.91,62.11,71.87,70.33,0.31090000000000007,-2.96,False,True,Guaramirim,SC,0,Atenção
4206603,SC,Sul,Municipal,34,80.23,61.65,80.0,88.63,0.1977,0.23,False,False,Guarujá do Sul,SC,1,Consolidado
4206652,SC,Sul,Municipal,31,57.71,45.44,50.17,44.44,0.42289999999999994,7.54,False,False,Guatambú,SC,3,Intermediário
4206702,SC,Sul,Municipal,67,57.82,55.42,57.65,53.21,0.42179999999999995,0.17,False,False,Herval d'Oeste,SC,0,Atenção
4206900,SC,Sul,Municipal,60,66.93,64.1,69.5,67.48,0.3306999999999999,-2.57,False,True,Ibirama,SC,0,Atenção
4207007,SC,Sul,Estadual,79,60.76,72.66,,58.46,0.39239999999999997,,True,False,Içara,SC,0,Atenção
4207007,SC,Sul,Municipal,142,71.22,66.0,71.39,69.76,0.28780000000000006,-0.17,False,True,Içara,SC,1,Consolidado
4207106,SC,Sul,Municipal,60,57.87,47.55,,54.25,0.4213,,True,False,Ilhota,SC,0,Atenção
4207205,SC,Sul,Municipal,28,61.16,57.25,,63.74,0.3884000000000001,,True,False,Imaruí,SC,0,Atenção
4207304,SC,Sul,Estadual,69,49.03,53.63,,50.39,0.5097,,True,False,Imbituba,SC,0,Atenção
4207304,SC,Sul,Municipal,96,56.74,62.72,,57.62,0.4326,,True,False,Imbituba,SC,0,Atenção
4207403,SC,Sul,Municipal,30,66.32,79.77,67.27,64.78,0.3368000000000001,-0.95,False,True,Imbuia,SC,0,Atenção
4207502,SC,Sul,Estadual,64,62.28,63.95,,64.13,0.3772,,True,False,Indaial,SC,0,Atenção
4207502,SC,Sul,Municipal,233,56.16,66.71,59.31,55.2,0.4384,-3.15,False,True,Indaial,SC,0,Atenção
4207601,SC,Sul,Municipal,20,79.87,83.62,80.0,83.23,0.20129999999999992,-0.13,False,True,Ipira,SC,1,Consolidado
4207684,SC,Sul,Municipal,23,63.16,69.48,62.89,59.5,0.36840000000000006,0.27,False,False,Ipuaçu,SC,0,Atenção
4207700,SC,Sul,Municipal,34,61.95,66.46,58.28,53.96,0.38049999999999995,3.67,False,False,Ipumirim,SC,0,Atenção
4207809,SC,Sul,Municipal,34,75.1,76.01,74.83,73.89,0.2490000000000001,0.27,False,False,Irani,SC,1,Consolidado
4207908,SC,Sul,Municipal,44,72.6,73.84,73.1,71.83,0.274,-0.5,False,True,Irineópolis,SC,1,Consolidado
4208005,SC,Sul,Municipal,31,69.58,75.6,70.81,69.05,0.3042,-1.23,False,True,Itá,SC,1,Consolidado
4208104,SC,Sul,Estadual,41,60.09,49.38,,55.2,0.3991,,True,False,Itaiópolis,SC,0,Atenção
4208104,SC,Sul,Municipal,34,66.32,49.42,67.88,65.53,0.3368000000000001,-1.56,False,True,Itaiópolis,SC,0,Atenção
4208203,SC,Sul,Municipal,694,58.81,51.03,,56.61,0.41189999999999993,,True,False,Itajaí,SC,0,Atenção
4208302,SC,Sul,Municipal,207,61.91,64.42,,66.9,0.3809,,True,False,Itapema,SC,0,Atenção
4208401,SC,Sul,Municipal,58,67.68,73.53,72.9,71.58,0.32319999999999993,-5.22,False,True,Itapiranga,SC,0,Atenção
4208450,SC,Sul,Municipal,80,51.08,50.97,,47.67,0.48919999999999997,,True,False,Itapoá,SC,0,Atenção
4208500,SC,Sul,Estadual,55,69.83,78.82,,72.61,0.30169999999999997,,True,False,Ituporanga,SC,0,Atenção
4208500,SC,Sul,Municipal,36,68.62,83.41,66.76,64.17,0.31379999999999997,1.86,False,False,Ituporanga,SC,0,Atenção
4208708,SC,Sul,Municipal,32,59.0,63.37,57.49,53.02,0.41000000000000003,1.51,False,False,Jacinto Machado,SC,0,Atenção
4208807,SC,Sul,Estadual,31,63.25,60.54,,68.07,0.36750000000000005,,True,False,Jaguaruna,SC,0,Atenção
4208807,SC,Sul,Municipal,75,47.73,56.65,48.39,42.41,0.5227,-0.66,False,True,Jaguaruna,SC,2,Crítico
4208906,SC,Sul,Estadual,139,68.21,67.09,,72.76,0.31790000000000007,,True,False,Jaraguá do Sul,SC,0,Atenção
4208906,SC,Sul,Municipal,412,73.97,73.71,73.91,72.79,0.2603,0.06,False,False,Jaraguá do Sul,SC,1,Consolidado
4209003,SC,Sul,Municipal,57,61.14,77.69,62.61,59.16,0.38859999999999995,-1.47,False,True,Joaçaba,SC,0,Atenção
4209102,SC,Sul,Estadual,191,61.37,65.01,,62.13,0.3863,,True,False,Joinville,SC,0,Atenção
4209102,SC,Sul,Municipal,1439,64.27,68.12,68.23,65.94,0.35730000000000006,-3.96,False,True,Joinville,SC,0,Atenção
4209300,SC,Sul,Estadual,239,45.19,46.78,,46.68,0.5481,,True,False,Lages,SC,0,Atenção
4209300,SC,Sul,Municipal,239,49.23,52.52,53.71,48.55,0.5077,-4.48,False,True,Lages,SC,0,Atenção
4209409,SC,Sul,Estadual,73,59.58,57.68,,61.24,0.4042,,True,False,Laguna,SC,0,Atenção
4209409,SC,Sul,Municipal,26,40.02,26.54,40.16,33.26,0.5997999999999999,-0.14,False,True,Laguna,SC,2,Crítico
4209508,SC,Sul,Municipal,27,66.44,62.67,66.86,64.28,0.3356,-0.42,False,True,Laurentino,SC,0,Atenção
4209607,SC,Sul,Estadual,25,71.61,55.95,,80.19,0.28390000000000004,,True,False,Lauro Muller,SC,1,Consolidado
4209607,SC,Sul,Municipal,43,65.38,75.26,66.04,63.3,0.34620000000000006,-0.66,False,True,Lauro Muller,SC,0,Atenção
4209706,SC,Sul,Municipal,30,50.47,51.04,47.04,40.86,0.49529999999999996,3.43,False,False,Lebon Régis,SC,2,Crítico
4209904,SC,Sul,Municipal,56,62.92,50.24,63.17,59.83,0.3708,-0.25,False,True,Lontras,SC,0,Atenção
4210001,SC,Sul,Estadual,25,59.69,37.09,,55.22,0.4031,,True,False,Luiz Alves,SC,0,Atenção
4210001,SC,Sul,Municipal,44,73.93,74.53,80.0,80.43,0.26069999999999993,-6.07,False,True,Luiz Alves,SC,1,Consolidado
4210100,SC,Sul,Estadual,71,64.25,61.56,,66.69,0.35750000000000004,,True,False,Mafra,SC,0,Atenção
4210100,SC,Sul,Municipal,112,72.32,79.62,74.07,72.98,0.27680000000000005,-1.75,False,True,Mafra,SC,1,Consolidado
4210308,SC,Sul,Municipal,22,66.46,72.69,70.82,69.07,0.33540000000000003,-4.36,False,True,Major Vieira,SC,0,Atenção
4210407,SC,Sul,Municipal,27,61.41,51.04,62.07,58.52,0.3859,-0.66,False,True,Maracajá,SC,0,Atenção
4210506,SC,Sul,Estadual,47,75.07,75.44,,87.15,0.24930000000000008,,True,False,Maravilha,SC,1,Consolidado
4210506,SC,Sul,Municipal,67,78.27,80.7,80.0,84.42,0.21730000000000005,-1.73,False,True,Maravilha,SC,1,Consolidado
4210605,SC,Sul,Municipal,65,69.76,78.28,72.41,70.98,0.3024,-2.65,False,True,Massaranduba,SC,1,Consolidado
4210803,SC,Sul,Municipal,21,56.5,51.83,58.99,54.8,0.43500000000000005,-2.49,False,True,Meleiro,SC,0,Atenção
4211009,SC,Sul,Municipal,29,70.59,49.22,70.43,68.61,0.2940999999999999,0.16,False,False,Mondaí,SC,1,Consolidado
4211058,SC,Sul,Municipal,43,64.27,54.46,66.43,63.76,0.35730000000000006,-2.16,False,True,Monte Carlo,SC,0,Atenção
4211108,SC,Sul,Municipal,21,62.03,28.64,,58.78,0.37970000000000004,,True,False,Monte Castelo,SC,0,Atenção
4211207,SC,Sul,Municipal,79,69.14,67.98,69.95,68.02,0.3086,-0.81,False,True,Morro da Fumaça,SC,0,Atenção
4211306,SC,Sul,Municipal,258,54.08,56.82,,54.66,0.45920000000000005,,True,False,Navegantes,SC,0,Atenção
4211504,SC,Sul,Municipal,27,62.45,52.17,,61.52,0.37549999999999994,,True,False,Nova Trento,SC,0,Atenção
4211603,SC,Sul,Municipal,37,71.09,72.97,71.23,69.57,0.2890999999999999,-0.14,False,True,Nova Veneza,SC,1,Consolidado
4211702,SC,Sul,Estadual,33,66.21,63.46,,72.36,0.3379000000000001,,True,False,Orleans,SC,0,Atenção
4211702,SC,Sul,Municipal,44,66.11,72.19,68.14,65.84,0.3389,-2.03,False,True,Orleans,SC,0,Atenção
4211751,SC,Sul,Estadual,27,45.76,55.7,,48.79,0.5424,,True,False,Otacílio Costa,SC,0,Atenção
4211751,SC,Sul,Municipal,55,57.0,73.0,59.2,55.06,0.43000000000000005,-2.2,False,True,Otacílio Costa,SC,0,Atenção
4211801,SC,Sul,Municipal,23,71.91,86.83,73.74,72.58,0.28090000000000004,-1.83,False,True,Ouro,SC,1,Consolidado
4211900,SC,Sul,Estadual,242,52.06,52.07,,49.84,0.47939999999999994,,True,False,Palhoça,SC,0,Atenção
4211900,SC,Sul,Municipal,333,53.25,47.42,,52.74,0.4675,,True,False,Palhoça,SC,0,Atenção
4212007,SC,Sul,Municipal,24,76.04,87.59,80.0,80.08,0.23959999999999992,-3.96,False,True,Palma Sola,SC,1,Consolidado
4212106,SC,Sul,Municipal,33,60.19,66.26,61.82,58.21,0.3981,-1.63,False,True,Palmitos,SC,0,Atenção
4212205,SC,Sul,Municipal,40,69.34,60.43,72.03,70.53,0.3066,-2.69,False,True,Papanduva,SC,1,Consolidado
4212254,SC,Sul,Municipal,60,63.75,56.91,,56.11,0.36250000000000004,,True,False,Passo de Torres,SC,0,Atenção
4212304,SC,Sul,Municipal,38,66.16,55.56,65.85,63.07,0.33840000000000003,0.31,False,False,Paulo Lopes,SC,0,Atenção
4212502,SC,Sul,Municipal,106,62.51,49.72,,66.56,0.3749,,True,False,Penha,SC,0,Atenção
4212650,SC,Sul,Municipal,39,53.03,45.62,46.6,40.37,0.4697,6.43,False,False,Pescaria Brava,SC,3,Intermediário
4212700,SC,Sul,Municipal,29,65.42,68.7,,62.16,0.3458,,True,False,Petrolândia,SC,0,Atenção
4212809,SC,Sul,Municipal,115,62.84,55.83,64.55,61.5,0.37159999999999993,-1.71,False,True,Balneário Piçarras,SC,0,Atenção
4212908,SC,Sul,Estadual,37,67.34,62.11,,66.69,0.3266,,True,False,Pinhalzinho,SC,0,Atenção
4212908,SC,Sul,Municipal,36,76.41,79.23,78.51,78.25,0.2359,-2.1,False,True,Pinhalzinho,SC,1,Consolidado
4213005,SC,Sul,Municipal,20,65.14,81.89,62.71,59.28,0.3486,2.43,False,False,Pinheiro Preto,SC,0,Atenção
4213104,SC,Sul,Municipal,23,76.78,87.19,80.0,81.43,0.23219999999999996,-3.22,False,True,Piratuba,SC,1,Consolidado
4213203,SC,Sul,Municipal,105,62.06,68.96,65.94,63.17,0.37939999999999996,-3.88,False,True,Pomerode,SC,0,Atenção
4213351,SC,Sul,Municipal,21,65.58,66.37,66.7,64.09,0.34420000000000006,-1.12,False,True,Ponte Alta do Norte,SC,0,Atenção
4213401,SC,Sul,Estadual,30,68.01,36.74,,75.1,0.31989999999999996,,True,False,Ponte Serrada,SC,0,Atenção
4213401,SC,Sul,Municipal,26,60.67,47.59,57.53,53.07,0.3933,3.14,False,False,Ponte Serrada,SC,0,Atenção
4213500,SC,Sul,Municipal,80,55.87,65.01,,56.5,0.4413,,True,False,Porto Belo,SC,0,Atenção
4213609,SC,Sul,Estadual,48,63.57,64.58,,65.33,0.36429999999999996,,True,False,Porto União,SC,0,Atenção
4213609,SC,Sul,Municipal,29,70.89,49.7,72.02,70.52,0.2911,-1.13,False,True,Porto União,SC,1,Consolidado
4213708,SC,Sul,Estadual,49,61.44,46.28,,63.36,0.38560000000000005,,True,False,Pouso Redondo,SC,0,Atenção
4213708,SC,Sul,Municipal,21,66.71,73.04,68.69,66.49,0.3329000000000001,-1.98,False,True,Pouso Redondo,SC,0,Atenção
4213807,SC,Sul,Municipal,25,69.57,64.66,67.96,65.61,0.3043,1.61,False,False,Praia Grande,SC,0,Atenção
4214003,SC,Sul,Estadual,38,59.27,61.8,,57.33,0.4073,,True,False,Presidente Getúlio,SC,0,Atenção
4214003,SC,Sul,Municipal,28,61.83,54.82,65.13,62.2,0.38170000000000004,-3.3,False,True,Presidente Getúlio,SC,0,Atenção
4214201,SC,Sul,Municipal,33,69.61,74.08,69.21,67.13,0.30390000000000006,0.4,False,False,Quilombo,SC,0,Atenção
4214409,SC,Sul,Municipal,24,57.28,43.75,,51.1,0.4272,,True,False,Rio das Antas,SC,0,Atenção
4214607,SC,Sul,Municipal,20,73.24,80.04,80.0,81.38,0.26760000000000006,-6.76,False,True,Rio do Oeste,SC,1,Consolidado
4214706,SC,Sul,Municipal,40,62.99,78.31,63.92,60.74,0.3701,-0.93,False,True,Rio dos Cedros,SC,0,Atenção
4214805,SC,Sul,Estadual,57,61.13,56.05,,60.38,0.38869999999999993,,True,False,Rio do Sul,SC,0,Atenção
4214805,SC,Sul,Municipal,102,60.6,50.55,,57.9,0.394,,True,False,Rio do Sul,SC,0,Atenção
4215000,SC,Sul,Municipal,142,61.14,61.71,63.42,60.13,0.38859999999999995,-2.28,False,True,Rio Negrinho,SC,0,Atenção
4215109,SC,Sul,Municipal,43,61.31,65.98,60.87,57.06,0.3869,0.44,False,False,Rodeio,SC,0,Atenção
4215307,SC,Sul,Municipal,20,73.28,58.45,78.29,78.0,0.2672,-5.01,False,True,Salete,SC,1,Consolidado
4215455,SC,Sul,Estadual,26,56.6,44.24,,52.11,0.43399999999999994,,True,False,Sangão,SC,0,Atenção
4215455,SC,Sul,Municipal,20,64.41,84.59,70.98,69.26,0.3559,-6.57,False,True,Sangão,SC,0,Atenção
4215505,SC,Sul,Municipal,65,66.31,60.11,68.59,66.38,0.3369,-2.28,False,True,Santa Cecília,SC,0,Atenção
4215653,SC,Sul,Municipal,28,58.83,68.26,59.55,55.48,0.41170000000000007,-0.72,False,True,Santa Rosa do Sul,SC,0,Atenção
4215703,SC,Sul,Municipal,63,62.14,62.31,61.81,58.19,0.37860000000000005,0.33,False,False,Santo Amaro da Imperatriz,SC,0,Atenção
4215802,SC,Sul,Estadual,52,65.5,91.81,,70.54,0.345,,True,False,São Bento do Sul,SC,0,Atenção
4215802,SC,Sul,Municipal,182,73.49,75.45,74.17,73.1,0.2651,-0.68,False,True,São Bento do Sul,SC,1,Consolidado
4216008,SC,Sul,Estadual,27,71.44,71.59,,75.69,0.2856000000000001,,True,False,São Carlos,SC,1,Consolidado
4216107,SC,Sul,Municipal,21,74.0,85.41,78.68,78.45,0.26,-4.68,False,True,São Domingos,SC,1,Consolidado
4216206,SC,Sul,Estadual,47,59.39,64.61,,49.16,0.4061,,True,False,São Francisco do Sul,SC,0,Atenção
4216206,SC,Sul,Municipal,97,38.67,52.86,,44.54,0.6133,,True,False,São Francisco do Sul,SC,2,Crítico
4216305,SC,Sul,Municipal,78,70.97,71.82,,74.94,0.2903,,True,False,São João Batista,SC,1,Consolidado
4216354,SC,Sul,Municipal,26,65.04,61.01,59.22,55.09,0.3495999999999999,5.82,False,False,São João do Itaperiú,SC,3,Intermediário
4216404,SC,Sul,Municipal,34,70.35,69.39,,77.85,0.2965000000000001,,True,False,São João do Sul,SC,1,Consolidado
4216503,SC,Sul,Estadual,22,54.44,53.43,,53.67,0.4556,,True,False,São Joaquim,SC,0,Atenção
4216503,SC,Sul,Municipal,70,41.85,41.31,41.26,34.45,0.5814999999999999,0.59,False,False,São Joaquim,SC,2,Crítico
4216602,SC,Sul,Estadual,179,58.12,55.62,,57.67,0.41880000000000006,,True,False,São José,SC,0,Atenção
4216602,SC,Sul,Municipal,440,62.25,56.97,,65.4,0.37749999999999995,,True,False,São José,SC,0,Atenção
4216701,SC,Sul,Municipal,47,73.74,82.61,76.92,76.39,0.26260000000000006,-3.18,False,True,São José do Cedro,SC,1,Consolidado
4216909,SC,Sul,Municipal,113,71.77,78.63,72.76,71.41,0.2823,-0.99,False,True,São Lourenço do Oeste,SC,1,Consolidado
4217006,SC,Sul,Municipal,55,67.49,67.04,68.15,65.85,0.32510000000000006,-0.66,False,True,São Ludgero,SC,0,Atenção
4217204,SC,Sul,Estadual,25,43.34,39.79,,41.39,0.5666,,True,False,São Miguel do Oeste,SC,0,Atenção
4217204,SC,Sul,Municipal,116,65.51,75.59,70.46,68.64,0.3449,-4.95,False,True,São Miguel do Oeste,SC,0,Atenção
4217303,SC,Sul,Municipal,31,75.97,80.04,80.0,81.64,0.24029999999999996,-4.03,False,True,Saudades,SC,1,Consolidado
4217402,SC,Sul,Municipal,60,62.44,71.14,65.84,63.05,0.37560000000000004,-3.4,False,True,Schroeder,SC,0,Atenção
4217501,SC,Sul,Estadual,42,60.42,47.99,,60.05,0.39579999999999993,,True,False,Seara,SC,0,Atenção
4217501,SC,Sul,Municipal,38,74.29,79.25,80.0,83.56,0.2570999999999999,-5.71,False,True,Seara,SC,1,Consolidado
4217600,SC,Sul,Municipal,26,64.22,57.36,64.7,61.68,0.3578,-0.48,False,True,Siderópolis,SC,0,Atenção
4217709,SC,Sul,Estadual,33,62.32,55.31,,68.01,0.3768,,True,False,Sombrio,SC,0,Atenção
4217709,SC,Sul,Municipal,82,61.98,45.13,67.39,64.93,0.3802,-5.41,False,True,Sombrio,SC,0,Atenção
4217808,SC,Sul,Municipal,33,68.8,64.63,,72.79,0.31200000000000006,,True,False,Taió,SC,0,Atenção
4218202,SC,Sul,Estadual,50,61.96,71.33,,58.53,0.38039999999999996,,True,False,Timbó,SC,0,Atenção
4218202,SC,Sul,Municipal,83,68.75,78.53,71.48,69.86,0.3125,-2.73,False,True,Timbó,SC,0,Atenção
4218251,SC,Sul,Municipal,30,60.7,42.83,,57.76,0.393,,True,False,Timbó Grande,SC,0,Atenção
4218301,SC,Sul,Municipal,69,52.24,43.88,54.77,49.8,0.4776,-2.53,False,True,Três Barras,SC,0,Atenção
4218400,SC,Sul,Municipal,34,71.04,64.18,73.15,71.87,0.28959999999999997,-2.11,False,True,Treze de Maio,SC,1,Consolidado
4218509,SC,Sul,Municipal,43,74.48,81.45,75.2,74.33,0.2552,-0.72,False,True,Treze Tílias,SC,1,Consolidado
4218608,SC,Sul,Municipal,22,65.86,68.34,70.04,68.13,0.34140000000000004,-4.18,False,True,Trombudo Central,SC,0,Atenção
4218707,SC,Sul,Estadual,165,61.61,54.37,,62.33,0.3839,,True,False,Tubarão,SC,0,Atenção
4218707,SC,Sul,Municipal,128,67.41,63.49,71.86,70.32,0.3259000000000001,-4.45,False,True,Tubarão,SC,0,Atenção
4218806,SC,Sul,Municipal,31,60.71,67.59,62.69,59.25,0.3929,-1.98,False,True,Turvo,SC,0,Atenção
4218905,SC,Sul,Municipal,37,63.43,77.79,63.46,60.19,0.3657,-0.03,False,True,Urubici,SC,0,Atenção
4219002,SC,Sul,Estadual,34,61.62,70.39,,65.15,0.38380000000000003,,True,False,Urussanga,SC,0,Atenção
4219002,SC,Sul,Municipal,33,67.24,71.1,70.65,68.87,0.3276,-3.41,False,True,Urussanga,SC,0,Atenção
4219200,SC,Sul,Municipal,20,74.14,67.35,74.32,73.28,0.25859999999999994,-0.18,False,True,Vidal Ramos,SC,1,Consolidado
4219309,SC,Sul,Estadual,57,67.38,57.38,,71.92,0.32620000000000005,,True,False,Videira,SC,0,Atenção
4219309,SC,Sul,Municipal,140,62.5,63.01,61.06,57.29,0.375,1.44,False,False,Videira,SC,0,Atenção
4219507,SC,Sul,Estadual,53,66.91,66.11,,70.13,0.3309000000000001,,True,False,Xanxerê,SC,0,Atenção
4219507,SC,Sul,Municipal,94,66.21,71.21,68.79,66.62,0.3379000000000001,-2.58,False,True,Xanxerê,SC,0,Atenção
4219705,SC,Sul,Municipal,138,65.55,64.3,68.78,66.61,0.34450000000000003,-3.23,False,True,Xaxim,SC,0,Atenção
4219853,SC,Sul,Municipal,26,68.64,46.54,67.5,65.06,0.3136,1.14,False,False,Zortéa,SC,0,Atenção
4220000,SC,Sul,Municipal,51,52.21,55.01,55.22,50.34,0.4779,-3.01,False,True,Balneário Rincão,SC,0,Atenção
4300109,RS,Sul,Municipal,51,43.86,63.09,60.08,56.14,0.5614,-16.22,False,True,Agudo,RS,0,Atenção
4300406,RS,Sul,Estadual,93,53.86,49.7,,71.47,0.46140000000000003,,True,False,Alegrete,RS,0,Atenção
4300406,RS,Sul,Municipal,50,43.7,50.64,,53.93,0.563,,True,False,Alegrete,RS,0,Atenção
4300604,RS,Sul,Estadual,200,36.54,35.16,,50.64,0.6346,,True,False,Alvorada,RS,0,Atenção
4300604,RS,Sul,Municipal,496,33.6,42.7,52.0,46.56,0.6639999999999999,-18.4,False,True,Alvorada,RS,2,Crítico
4300802,RS,Sul,Municipal,26,49.56,60.67,68.22,65.93,0.5044,-18.66,False,True,Antônio Prado,RS,0,Atenção
4300877,RS,Sul,Municipal,30,51.37,46.96,76.34,75.69,0.48630000000000007,-24.97,False,True,Araricá,RS,0,Atenção
4301008,RS,Sul,Municipal,53,60.05,65.05,80.0,82.6,0.3995000000000001,-19.95,False,True,Arroio do Meio,RS,0,Atenção
4301057,RS,Sul,Municipal,37,48.09,47.91,69.49,67.46,0.5190999999999999,-21.4,False,True,Arroio do Sal,RS,0,Atenção
4301107,RS,Sul,Municipal,24,43.01,41.44,46.7,40.49,0.5699000000000001,-3.69,False,True,Arroio dos Ratos,RS,2,Crítico
4301305,RS,Sul,Estadual,24,43.25,46.48,,50.88,0.5675,,True,False,Arroio Grande,RS,0,Atenção
4301602,RS,Sul,Estadual,113,40.12,35.61,,54.08,0.5988,,True,False,Bagé,RS,0,Atenção
4301602,RS,Sul,Municipal,210,41.0,49.86,64.98,62.01,0.5900000000000001,-23.98,False,True,Bagé,RS,0,Atenção
4301636,RS,Sul,Municipal,70,45.43,43.09,61.97,58.38,0.5457000000000001,-16.54,False,True,Balneário Pinhal,RS,0,Atenção
4301701,RS,Sul,Municipal,24,65.94,74.95,80.0,92.23,0.3406,-14.06,False,True,Barão de Cotegipe,RS,1,Consolidado
4302105,RS,Sul,Estadual,101,43.8,40.84,,66.19,0.562,,True,False,Bento Gonçalves,RS,0,Atenção
4302105,RS,Sul,Municipal,230,55.69,52.38,77.77,77.38,0.44310000000000005,-22.08,False,True,Bento Gonçalves,RS,0,Atenção
4302303,RS,Sul,Estadual,25,53.5,40.34,,77.39,0.46499999999999997,,True,False,Bom Jesus,RS,0,Atenção
4302352,RS,Sul,Municipal,44,53.52,50.75,74.68,73.73,0.4648,-21.16,False,True,Bom Princípio,RS,0,Atenção
4302402,RS,Sul,Municipal,33,59.88,55.14,78.46,78.19,0.4012,-18.58,False,True,Bom Retiro do Sul,RS,0,Atenção
4302659,RS,Sul,Municipal,20,49.36,55.0,67.29,64.76,0.5064,-17.93,False,True,Brochier,RS,0,Atenção
4302709,RS,Sul,Estadual,25,63.58,67.68,,78.76,0.36419999999999997,,True,False,Butiá,RS,0,Atenção
4302709,RS,Sul,Municipal,48,47.09,50.17,55.99,51.25,0.5290999999999999,-8.9,False,True,Butiá,RS,0,Atenção
4302808,RS,Sul,Estadual,21,56.15,75.26,,73.93,0.4385,,True,False,Caçapava do Sul,RS,0,Atenção
4302808,RS,Sul,Municipal,61,47.1,47.68,58.95,54.77,0.5289999999999999,-11.85,False,True,Caçapava do Sul,RS,0,Atenção
4303004,RS,Sul,Estadual,113,47.63,34.06,,60.46,0.5237,,True,False,Cachoeira do Sul,RS,0,Atenção
4303004,RS,Sul,Municipal,57,45.8,34.88,61.21,57.47,0.542,-15.41,False,True,Cachoeira do Sul,RS,0,Atenção
4303103,RS,Sul,Estadual,84,44.3,44.65,,64.93,0.557,,True,False,Cachoeirinha,RS,0,Atenção
4303103,RS,Sul,Municipal,312,42.21,38.26,61.68,58.04,0.5779,-19.47,False,True,Cachoeirinha,RS,0,Atenção
4303509,RS,Sul,Estadual,65,54.26,71.75,,73.23,0.45740000000000003,,True,False,Camaquã,RS,0,Atenção
4303509,RS,Sul,Municipal,105,44.95,52.36,62.16,58.61,0.5505,-17.21,False,True,Camaquã,RS,0,Atenção
4303707,RS,Sul,Municipal,20,64.25,30.15,80.0,91.99,0.35750000000000004,-15.75,False,True,Campina das Missões,RS,1,Consolidado
4303905,RS,Sul,Municipal,184,54.47,41.3,77.73,77.34,0.45530000000000004,-23.26,False,True,Campo Bom,RS,0,Atenção
4304200,RS,Sul,Municipal,64,51.57,49.59,76.07,75.37,0.48429999999999995,-24.5,False,True,Candelária,RS,0,Atenção
4304358,RS,Sul,Estadual,20,54.9,33.03,,63.31,0.45100000000000007,,True,False,Candiota,RS,0,Atenção
4304408,RS,Sul,Estadual,53,55.72,55.87,,72.11,0.44279999999999997,,True,False,Canela,RS,0,Atenção
4304408,RS,Sul,Municipal,104,55.0,38.92,78.87,78.68,0.44999999999999996,-23.87,False,True,Canela,RS,0,Atenção
4304507,RS,Sul,Estadual,28,67.35,60.31,,92.61,0.3265,,True,False,Canguçu,RS,1,Consolidado
4304507,RS,Sul,Municipal,83,51.28,53.82,79.74,79.7,0.48719999999999997,-28.46,False,True,Canguçu,RS,0,Atenção
4304606,RS,Sul,Estadual,174,39.93,39.97,,59.54,0.6007,,True,False,Canoas,RS,0,Atenção
4304606,RS,Sul,Municipal,686,38.9,40.74,57.6,53.16,0.611,-18.7,False,True,Canoas,RS,0,Atenção
4304630,RS,Sul,Estadual,36,42.55,52.48,,46.84,0.5745,,True,False,Capão da Canoa,RS,0,Atenção
4304630,RS,Sul,Municipal,168,38.54,31.53,,46.75,0.6146,,True,False,Capão da Canoa,RS,0,Atenção
4304663,RS,Sul,Municipal,64,39.74,27.01,53.81,48.54,0.6026,-14.07,False,True,Capão do Leão,RS,2,Crítico
4304689,RS,Sul,Municipal,32,47.44,49.57,69.65,67.65,0.5256000000000001,-22.21,False,True,Capela de Santana,RS,0,Atenção
4304705,RS,Sul,Estadual,81,53.92,49.29,,74.6,0.4608,,True,False,Carazinho,RS,0,Atenção
4304705,RS,Sul,Municipal,87,47.21,45.35,66.52,63.87,0.5279,-19.31,False,True,Carazinho,RS,0,Atenção
4304713,RS,Sul,Municipal,20,60.86,55.1,80.0,90.82,0.39139999999999997,-19.14,False,True,Caraá,RS,0,Atenção
4304804,RS,Sul,Estadual,21,54.02,61.49,,70.25,0.4598,,True,False,Carlos Barbosa,RS,0,Atenção
4304804,RS,Sul,Municipal,61,49.71,72.29,69.44,67.4,0.5029,-19.73,False,True,Carlos Barbosa,RS,0,Atenção
4305108,RS,Sul,Estadual,269,44.33,39.96,,60.81,0.5567,,True,False,Caxias do Sul,RS,0,Atenção
4305108,RS,Sul,Municipal,917,44.28,43.58,70.89,69.15,0.5571999999999999,-26.61,False,True,Caxias do Sul,RS,0,Atenção
4305124,RS,Sul,Municipal,20,51.8,35.62,75.82,75.05,0.482,-24.02,False,True,Cerrito,RS,0,Atenção
4305207,RS,Sul,Municipal,30,53.55,57.28,75.82,75.07,0.4645,-22.27,False,True,Cerro Largo,RS,0,Atenção
4305306,RS,Sul,Municipal,21,55.52,38.98,76.02,75.33,0.4448,-20.5,False,True,Chapada,RS,0,Atenção
4305355,RS,Sul,Estadual,22,49.87,58.56,,68.51,0.5013000000000001,,True,False,Charqueadas,RS,0,Atenção
4305355,RS,Sul,Municipal,87,46.1,49.37,66.43,63.76,0.5389999999999999,-20.33,False,True,Charqueadas,RS,0,Atenção
4305454,RS,Sul,Municipal,34,39.23,42.11,,42.82,0.6077,,True,False,Cidreira,RS,2,Crítico
4305801,RS,Sul,Municipal,26,53.85,44.88,80.0,80.01,0.4615,-26.15,False,True,Constantina,RS,0,Atenção
4306007,RS,Sul,Municipal,37,51.78,59.22,74.23,73.17,0.48219999999999996,-22.45,False,True,Crissiumal,RS,0,Atenção
4306106,RS,Sul,Estadual,83,45.86,62.72,,60.59,0.5414,,True,False,Cruz Alta,RS,0,Atenção
4306106,RS,Sul,Municipal,67,43.21,55.01,61.17,57.41,0.5679000000000001,-17.96,False,True,Cruz Alta,RS,0,Atenção
4306403,RS,Sul,Municipal,92,53.58,56.97,78.68,78.45,0.46420000000000006,-25.1,False,True,Dois Irmãos,RS,0,Atenção
4306502,RS,Sul,Municipal,36,46.47,35.64,63.01,59.66,0.5353,-16.54,False,True,Dom Feliciano,RS,0,Atenção
4306601,RS,Sul,Estadual,59,51.98,51.97,,71.51,0.48020000000000007,,True,False,Dom Pedrito,RS,0,Atenção
4306601,RS,Sul,Municipal,41,46.47,51.8,61.19,57.45,0.5353,-14.72,False,True,Dom Pedrito,RS,0,Atenção
4306767,RS,Sul,Municipal,97,37.49,25.89,,47.07,0.6251,,True,False,Eldorado do Sul,RS,0,Atenção
4306809,RS,Sul,Municipal,38,59.71,50.16,80.0,80.77,0.40290000000000004,-20.29,False,True,Encantado,RS,0,Atenção
4306908,RS,Sul,Estadual,44,55.73,63.35,,74.17,0.4427,,True,False,Encruzilhada do Sul,RS,0,Atenção
4306908,RS,Sul,Municipal,34,45.71,38.86,66.52,63.87,0.5428999999999999,-20.81,False,True,Encruzilhada do Sul,RS,0,Atenção
4307005,RS,Sul,Estadual,209,49.57,40.94,,69.0,0.5043,,True,False,Erechim,RS,0,Atenção
4307005,RS,Sul,Municipal,109,43.58,50.86,64.31,61.21,0.5642,-20.73,False,True,Erechim,RS,0,Atenção
4307500,RS,Sul,Estadual,34,54.69,58.51,,64.73,0.45310000000000006,,True,False,Espumoso,RS,0,Atenção
4307609,RS,Sul,Municipal,173,47.47,39.97,69.31,67.25,0.5253,-21.84,False,True,Estância Velha,RS,0,Atenção
4307708,RS,Sul,Municipal,209,41.94,44.73,66.11,63.38,0.5806,-24.17,False,True,Esteio,RS,0,Atenção
4307807,RS,Sul,Municipal,68,49.49,46.6,69.6,67.59,0.5051,-20.11,False,True,Estrela,RS,0,Atenção
4307906,RS,Sul,Estadual,45,63.26,45.84,,81.85,0.36740000000000006,,True,False,Farroupilha,RS,0,Atenção
4307906,RS,Sul,Municipal,182,63.0,54.92,80.0,83.05,0.37,-17.0,False,True,Farroupilha,RS,0,Atenção
4308078,RS,Sul,Municipal,20,60.67,65.66,80.0,79.96,0.3933,-19.33,False,True,Fazenda Vilanova,RS,0,Atenção
4308102,RS,Sul,Estadual,21,55.86,47.77,,73.1,0.4414,,True,False,Feliz,RS,0,Atenção
4308102,RS,Sul,Municipal,31,49.79,45.8,73.9,72.79,0.5021,-24.11,False,True,Feliz,RS,0,Atenção
4308201,RS,Sul,Estadual,22,68.33,50.1,,84.29,0.3167,,True,False,Flores da Cunha,RS,1,Consolidado
4308201,RS,Sul,Municipal,79,59.06,54.85,79.15,79.02,0.4094,-20.09,False,True,Flores da Cunha,RS,0,Atenção
4308508,RS,Sul,Estadual,62,69.23,65.93,,83.01,0.3077,,True,False,Frederico Westphalen,RS,1,Consolidado
4308508,RS,Sul,Municipal,21,47.78,43.34,65.99,63.25,0.5222,-18.21,False,True,Frederico Westphalen,RS,0,Atenção
4308607,RS,Sul,Municipal,73,54.64,58.7,75.26,74.4,0.4536,-20.62,False,True,Garibaldi,RS,0,Atenção
4308904,RS,Sul,Estadual,20,62.67,65.59,,86.08,0.37329999999999997,,True,False,Getúlio Vargas,RS,1,Consolidado
4308904,RS,Sul,Municipal,26,51.31,43.17,74.54,73.54,0.4869,-23.23,False,True,Getúlio Vargas,RS,0,Atenção
4309001,RS,Sul,Municipal,23,51.77,43.65,76.85,76.29,0.48229999999999995,-25.08,False,True,Giruá,RS,0,Atenção
4309050,RS,Sul,Municipal,22,48.48,36.13,67.53,65.05,0.5152000000000001,-19.05,False,True,Glorinha,RS,0,Atenção
4309100,RS,Sul,Municipal,118,56.1,54.26,79.21,79.08,0.43899999999999995,-23.11,False,True,Gramado,RS,0,Atenção
4309209,RS,Sul,Estadual,108,41.57,39.94,,58.55,0.5843,,True,False,Gravataí,RS,0,Atenção
4309209,RS,Sul,Municipal,683,39.43,40.9,66.33,63.64,0.6057,-26.9,False,True,Gravataí,RS,0,Atenção
4309308,RS,Sul,Estadual,66,44.71,36.69,,51.41,0.5529,,True,False,Guaíba,RS,0,Atenção
4309308,RS,Sul,Municipal,244,37.98,28.2,54.7,49.72,0.6202000000000001,-16.72,False,True,Guaíba,RS,2,Crítico
4309407,RS,Sul,Estadual,21,57.09,48.87,,79.76,0.4290999999999999,,True,False,Guaporé,RS,0,Atenção
4309407,RS,Sul,Municipal,58,44.44,56.98,,,0.5556000000000001,,True,False,Guaporé,RS,0,Atenção
4309605,RS,Sul,Municipal,58,57.45,51.09,72.61,71.23,0.4255,-15.16,False,True,Horizontina,RS,0,Atenção
4310009,RS,Sul,Estadual,49,57.62,69.08,,71.11,0.42380000000000007,,True,False,Ibirubá,RS,0,Atenção
4310009,RS,Sul,Municipal,24,52.3,58.81,63.28,59.96,0.477,-10.98,False,True,Ibirubá,RS,0,Atenção
4310108,RS,Sul,Municipal,107,55.6,48.7,80.0,80.14,0.44399999999999995,-24.4,False,True,Igrejinha,RS,0,Atenção
4310207,RS,Sul,Estadual,107,44.48,51.74,,65.88,0.5552,,True,False,Ijuí,RS,0,Atenção
4310207,RS,Sul,Municipal,161,53.6,62.65,77.0,76.47,0.46399999999999997,-23.4,False,True,Ijuí,RS,0,Atenção
4310330,RS,Sul,Municipal,94,45.76,41.41,,66.06,0.5424,,True,False,Imbé,RS,0,Atenção
4310603,RS,Sul,Estadual,46,50.39,48.38,,67.03,0.4961,,True,False,Itaqui,RS,0,Atenção
4310603,RS,Sul,Municipal,52,49.55,53.31,,61.2,0.5045,,True,False,Itaqui,RS,0,Atenção
4310801,RS,Sul,Municipal,62,56.19,65.56,77.79,77.4,0.43810000000000004,-21.6,False,True,Ivoti,RS,0,Atenção
4311007,RS,Sul,Estadual,23,60.14,55.7,,83.9,0.39859999999999995,,True,False,Jaguarão,RS,0,Atenção
4311007,RS,Sul,Municipal,37,39.6,22.68,53.41,48.21,0.604,-13.81,False,True,Jaguarão,RS,2,Crítico
4311205,RS,Sul,Municipal,30,45.68,44.89,,61.21,0.5432,,True,False,Júlio de Castilhos,RS,0,Atenção
4311304,RS,Sul,Estadual,48,51.52,41.21,,68.85,0.4848,,True,False,Lagoa Vermelha,RS,0,Atenção
4311304,RS,Sul,Municipal,34,45.11,50.73,64.16,61.02,0.5488999999999999,-19.05,False,True,Lagoa Vermelha,RS,0,Atenção
4311403,RS,Sul,Estadual,44,46.87,53.36,,63.66,0.5313000000000001,,True,False,Lajeado,RS,0,Atenção
4311403,RS,Sul,Municipal,202,55.61,47.79,75.49,74.67,0.44389999999999996,-19.88,False,True,Lajeado,RS,0,Atenção
4311809,RS,Sul,Estadual,39,58.59,50.5,,70.96,0.4140999999999999,,True,False,Marau,RS,0,Atenção
4311809,RS,Sul,Municipal,93,45.61,45.78,68.78,66.61,0.5439,-23.17,False,True,Marau,RS,0,Atenção
4312401,RS,Sul,Estadual,100,46.64,45.62,,62.3,0.5336000000000001,,True,False,Montenegro,RS,0,Atenção
4312401,RS,Sul,Municipal,105,44.8,45.5,68.22,65.94,0.552,-23.42,False,True,Montenegro,RS,0,Atenção
4312500,RS,Sul,Municipal,26,48.48,40.72,56.1,51.38,0.5152000000000001,-7.62,False,True,Mostardas,RS,0,Atenção
4312658,RS,Sul,Municipal,38,50.08,68.94,68.38,66.12,0.4992,-18.3,False,True,Não-Me-Toque,RS,0,Atenção
4312906,RS,Sul,Municipal,23,61.08,47.78,78.22,77.91,0.3892,-17.14,False,True,Nova Bassano,RS,0,Atenção
4313060,RS,Sul,Municipal,68,52.66,44.68,73.32,72.09,0.47340000000000004,-20.66,False,True,Nova Hartz,RS,0,Atenção
4313201,RS,Sul,Estadual,41,59.84,72.14,,84.72,0.40159999999999996,,True,False,Nova Petrópolis,RS,0,Atenção
4313201,RS,Sul,Municipal,48,59.21,56.86,80.0,91.67,0.40790000000000004,-20.79,False,True,Nova Petrópolis,RS,0,Atenção
4313300,RS,Sul,Estadual,23,52.03,64.1,,78.88,0.4797,,True,False,Nova Prata,RS,0,Atenção
4313300,RS,Sul,Municipal,51,57.92,56.55,78.96,78.79,0.42079999999999995,-21.04,False,True,Nova Prata,RS,0,Atenção
4313375,RS,Sul,Municipal,126,42.26,57.99,61.05,57.28,0.5774,-18.79,False,True,Nova Santa Rita,RS,0,Atenção
4313409,RS,Sul,Estadual,25,45.74,71.42,,67.38,0.5426,,True,False,Novo Hamburgo,RS,0,Atenção
4313409,RS,Sul,Municipal,641,41.79,35.95,65.27,62.37,0.5821000000000001,-23.48,False,True,Novo Hamburgo,RS,0,Atenção
4313508,RS,Sul,Estadual,42,47.38,27.85,,54.9,0.5262,,True,False,Osório,RS,0,Atenção
4313508,RS,Sul,Municipal,111,47.64,47.07,69.76,67.79,0.5236000000000001,-22.12,False,True,Osório,RS,0,Atenção
4313656,RS,Sul,Municipal,32,48.73,33.6,57.88,53.51,0.5127,-9.15,False,True,Palmares do Sul,RS,0,Atenção
4313706,RS,Sul,Estadual,78,46.63,63.32,,60.88,0.5337,,True,False,Palmeira das Missões,RS,0,Atenção
4313706,RS,Sul,Municipal,25,39.52,40.11,53.85,48.73,0.6048,-14.33,False,True,Palmeira das Missões,RS,2,Crítico
4313904,RS,Sul,Estadual,55,63.95,54.74,,81.5,0.36049999999999993,,True,False,Panambi,RS,0,Atenção
4313904,RS,Sul,Municipal,95,53.44,56.21,76.0,75.29,0.4656,-22.56,False,True,Panambi,RS,0,Atenção
4313953,RS,Sul,Municipal,40,49.93,28.42,73.69,72.52,0.5006999999999999,-23.76,False,True,Pantano Grande,RS,0,Atenção
4314050,RS,Sul,Municipal,207,47.25,38.33,61.51,57.83,0.5275000000000001,-14.26,False,True,Parobé,RS,0,Atenção
4314100,RS,Sul,Estadual,202,42.14,30.4,,58.91,0.5786,,True,False,Passo Fundo,RS,0,Atenção
4314100,RS,Sul,Municipal,338,41.25,37.18,62.1,58.54,0.5875,-20.85,False,True,Passo Fundo,RS,0,Atenção
4314407,RS,Sul,Estadual,224,39.7,40.85,,53.69,0.603,,True,False,Pelotas,RS,0,Atenção
4314407,RS,Sul,Municipal,386,38.66,38.76,,50.42,0.6134000000000001,,True,False,Pelotas,RS,0,Atenção
4314423,RS,Sul,Municipal,20,62.2,49.32,80.0,85.92,0.378,-17.8,False,True,Picada Café,RS,0,Atenção
4314506,RS,Sul,Municipal,23,47.27,60.71,69.19,67.1,0.5273,-21.92,False,True,Pinheiro Machado,RS,0,Atenção
4314605,RS,Sul,Estadual,33,58.52,64.18,,77.0,0.41479999999999995,,True,False,Piratini,RS,0,Atenção
4314803,RS,Sul,Municipal,92,49.39,47.7,60.02,56.05,0.5061,-10.63,False,True,Portão,RS,0,Atenção
4314902,RS,Sul,Estadual,1562,40.83,31.73,,48.75,0.5917,,True,False,Porto Alegre,RS,0,Atenção
4314902,RS,Sul,Municipal,781,38.47,21.43,,40.04,0.6153,,True,False,Porto Alegre,RS,2,Crítico
4315305,RS,Sul,Estadual,61,50.71,53.6,,70.73,0.4929,,True,False,Quaraí,RS,0,Atenção
4315503,RS,Sul,Municipal,23,41.0,34.63,51.07,45.53,0.5900000000000001,-10.07,False,True,Restinga Seca,RS,2,Crítico
4315602,RS,Sul,Estadual,113,42.17,45.36,,53.81,0.5783,,True,False,Rio Grande,RS,0,Atenção
4315602,RS,Sul,Municipal,358,38.94,41.58,58.45,54.16,0.6106,-19.51,False,True,Rio Grande,RS,0,Atenção
4315701,RS,Sul,Estadual,81,52.15,65.33,,65.03,0.47850000000000004,,True,False,Rio Pardo,RS,0,Atenção
4315701,RS,Sul,Municipal,30,51.84,70.26,74.39,73.38,0.4815999999999999,-22.55,False,True,Rio Pardo,RS,0,Atenção
4315800,RS,Sul,Municipal,32,51.75,43.15,76.28,75.64,0.48250000000000004,-24.53,False,True,Roca Sales,RS,0,Atenção
4316006,RS,Sul,Municipal,47,65.18,62.13,80.0,88.63,0.34819999999999995,-14.82,False,True,Rolante,RS,1,Consolidado
4316402,RS,Sul,Estadual,63,47.54,39.56,,63.14,0.5246,,True,False,Rosário do Sul,RS,0,Atenção
4316402,RS,Sul,Municipal,27,37.4,32.78,41.94,35.19,0.626,-4.54,False,True,Rosário do Sul,RS,2,Crítico
4316600,RS,Sul,Estadual,21,59.61,62.36,,73.1,0.40390000000000004,,True,False,Sananduva,RS,0,Atenção
4316600,RS,Sul,Municipal,31,51.76,38.2,75.28,74.42,0.48240000000000005,-23.52,False,True,Sananduva,RS,0,Atenção
4316709,RS,Sul,Municipal,31,54.47,36.06,68.31,66.04,0.45530000000000004,-13.84,False,True,Santa Bárbara do Sul,RS,0,Atenção
4316758,RS,Sul,Municipal,25,64.01,56.23,80.0,91.09,0.3599,-15.99,False,True,Santa Clara do Sul,RS,1,Consolidado
4316808,RS,Sul,Estadual,147,62.14,58.02,,76.51,0.37860000000000005,,True,False,Santa Cruz do Sul,RS,0,Atenção
4316808,RS,Sul,Municipal,187,44.22,37.86,67.32,64.85,0.5578000000000001,-23.1,False,True,Santa Cruz do Sul,RS,0,Atenção
4316907,RS,Sul,Estadual,185,40.91,40.51,,63.9,0.5909,,True,False,Santa Maria,RS,0,Atenção
4316907,RS,Sul,Municipal,374,41.9,39.9,67.72,65.36,0.581,-25.82,False,True,Santa Maria,RS,0,Atenção
4317103,RS,Sul,Estadual,158,44.09,52.16,,59.55,0.5590999999999999,,True,False,Sant'Ana do Livramento,RS,0,Atenção
4317103,RS,Sul,Municipal,58,40.06,46.32,54.72,49.72,0.5993999999999999,-14.66,False,True,Sant'Ana do Livramento,RS,0,Atenção
4317202,RS,Sul,Estadual,111,47.0,32.04,,67.44,0.53,,True,False,Santa Rosa,RS,0,Atenção
4317202,RS,Sul,Municipal,114,52.19,52.65,73.6,72.41,0.47809999999999997,-21.41,False,True,Santa Rosa,RS,0,Atenção
4317301,RS,Sul,Estadual,25,39.33,43.79,,48.97,0.6067,,True,False,Santa Vitória do Palmar,RS,0,Atenção
4317301,RS,Sul,Municipal,50,44.28,42.77,59.99,55.97,0.5571999999999999,-15.71,False,True,Santa Vitória do Palmar,RS,0,Atenção
4317400,RS,Sul,Estadual,48,48.28,66.91,,62.44,0.5172,,True,False,Santiago,RS,0,Atenção
4317400,RS,Sul,Municipal,87,51.94,52.66,73.95,72.84,0.4806,-22.01,False,True,Santiago,RS,0,Atenção
4317509,RS,Sul,Estadual,109,45.42,39.42,,62.49,0.5458000000000001,,True,False,Santo Ângelo,RS,0,Atenção
4317509,RS,Sul,Municipal,90,44.42,40.5,66.92,64.36,0.5558,-22.5,False,True,Santo Ângelo,RS,0,Atenção
4317608,RS,Sul,Estadual,45,55.42,59.78,,71.81,0.4458,,True,False,Santo Antônio da Patrulha,RS,0,Atenção
4317608,RS,Sul,Municipal,57,55.84,65.05,77.72,77.32,0.4416,-21.88,False,True,Santo Antônio da Patrulha,RS,0,Atenção
4317707,RS,Sul,Municipal,30,48.64,49.58,74.48,73.47,0.5136000000000001,-25.84,False,True,Santo Antônio das Missões,RS,0,Atenção
4317806,RS,Sul,Municipal,28,51.47,61.51,78.05,77.71,0.48530000000000006,-26.58,False,True,Santo Augusto,RS,0,Atenção
4317905,RS,Sul,Municipal,42,53.53,66.63,76.62,76.02,0.4647,-23.09,False,True,Santo Cristo,RS,0,Atenção
4318002,RS,Sul,Estadual,68,46.98,60.36,,60.36,0.5302,,True,False,São Borja,RS,0,Atenção
4318002,RS,Sul,Municipal,111,46.93,48.34,67.78,65.39,0.5307,-20.85,False,True,São Borja,RS,0,Atenção
4318101,RS,Sul,Municipal,28,49.13,41.95,61.82,58.21,0.5086999999999999,-12.69,False,True,São Francisco de Assis,RS,0,Atenção
4318200,RS,Sul,Estadual,53,49.53,45.94,,66.9,0.5046999999999999,,True,False,São Francisco de Paula,RS,0,Atenção
4318200,RS,Sul,Municipal,31,48.06,45.9,60.65,56.79,0.5194,-12.59,False,True,São Francisco de Paula,RS,0,Atenção
4318309,RS,Sul,Estadual,55,51.37,42.63,,66.33,0.48630000000000007,,True,False,São Gabriel,RS,0,Atenção
4318309,RS,Sul,Municipal,110,49.36,41.23,64.25,61.12,0.5064,-14.89,False,True,São Gabriel,RS,0,Atenção
4318408,RS,Sul,Estadual,42,54.73,52.0,,73.97,0.4527,,True,False,São Jerônimo,RS,0,Atenção
4318507,RS,Sul,Municipal,49,45.99,39.38,58.23,53.9,0.5401,-12.24,False,True,São José do Norte,RS,0,Atenção
4318705,RS,Sul,Estadual,121,42.8,30.87,,54.11,0.5720000000000001,,True,False,São Leopoldo,RS,0,Atenção
4318705,RS,Sul,Municipal,452,41.49,33.55,60.83,57.01,0.5851,-19.34,False,True,São Leopoldo,RS,0,Atenção
4318804,RS,Sul,Estadual,21,45.35,47.54,,61.84,0.5465,,True,False,São Lourenço do Sul,RS,0,Atenção
4318804,RS,Sul,Municipal,102,51.6,57.33,79.22,79.1,0.484,-27.62,False,True,São Lourenço do Sul,RS,0,Atenção
4318903,RS,Sul,Estadual,52,59.19,57.62,,78.2,0.4081,,True,False,São Luiz Gonzaga,RS,0,Atenção
4318903,RS,Sul,Municipal,53,55.58,39.0,80.0,80.28,0.44420000000000004,-24.42,False,True,São Luiz Gonzaga,RS,0,Atenção
4319000,RS,Sul,Municipal,40,60.86,36.95,80.0,83.8,0.39139999999999997,-19.14,False,True,São Marcos,RS,0,Atenção
4319158,RS,Sul,Municipal,21,53.71,57.38,76.86,76.28,0.4629,-23.15,False,True,São Miguel das Missões,RS,0,Atenção
4319406,RS,Sul,Municipal,23,50.38,69.59,77.57,77.15,0.4962,-27.19,False,True,São Pedro do Sul,RS,0,Atenção
4319505,RS,Sul,Estadual,30,63.4,60.77,,88.15,0.366,,True,False,São Sebastião do Caí,RS,1,Consolidado
4319505,RS,Sul,Municipal,42,46.56,30.13,61.4,57.7,0.5344,-14.84,False,True,São Sebastião do Caí,RS,0,Atenção
4319604,RS,Sul,Municipal,28,51.41,55.28,80.0,82.3,0.4859,-28.59,False,True,São Sepé,RS,0,Atenção
4319901,RS,Sul,Estadual,53,45.09,58.82,,56.15,0.5490999999999999,,True,False,Sapiranga,RS,0,Atenção
4319901,RS,Sul,Municipal,203,48.03,42.15,73.9,72.76,0.5197,-25.87,False,True,Sapiranga,RS,0,Atenção
4320008,RS,Sul,Estadual,91,47.72,52.61,,62.15,0.5227999999999999,,True,False,Sapucaia do Sul,RS,0,Atenção
4320008,RS,Sul,Municipal,356,44.55,48.77,62.6,59.14,0.5545,-18.05,False,True,Sapucaia do Sul,RS,0,Atenção
4320107,RS,Sul,Municipal,42,52.39,53.9,72.81,71.47,0.47609999999999997,-20.42,False,True,Sarandi,RS,0,Atenção
4320206,RS,Sul,Estadual,20,62.29,51.53,,81.01,0.3771,,True,False,Seberi,RS,0,Atenção
4320206,RS,Sul,Municipal,29,55.79,68.44,80.0,83.75,0.44210000000000005,-24.21,False,True,Seberi,RS,0,Atenção
4320404,RS,Sul,Municipal,32,61.96,42.87,80.0,83.22,0.38039999999999996,-18.04,False,True,Serafina Corrêa,RS,0,Atenção
4320701,RS,Sul,Estadual,20,56.7,69.67,,74.97,0.43299999999999994,,True,False,Sobradinho,RS,0,Atenção
4320701,RS,Sul,Municipal,23,58.0,82.41,80.0,82.34,0.42000000000000004,-22.0,False,True,Sobradinho,RS,0,Atenção
4320800,RS,Sul,Estadual,54,43.55,77.43,,56.73,0.5645,,True,False,Soledade,RS,0,Atenção
4320800,RS,Sul,Municipal,22,47.98,65.23,68.48,66.25,0.5202,-20.5,False,True,Soledade,RS,0,Atenção
4320909,RS,Sul,Municipal,111,49.82,50.36,71.34,69.71,0.5018,-21.52,False,True,Tapejara,RS,0,Atenção
4321006,RS,Sul,Municipal,20,51.77,63.94,64.43,61.35,0.48229999999999995,-12.66,False,True,Tapera,RS,0,Atenção
4321105,RS,Sul,Estadual,20,45.66,29.76,,62.92,0.5434000000000001,,True,False,Tapes,RS,0,Atenção
4321105,RS,Sul,Municipal,30,43.9,58.8,62.14,58.59,0.5609999999999999,-18.24,False,True,Tapes,RS,0,Atenção
4321204,RS,Sul,Estadual,55,49.04,53.86,,53.03,0.5096,,True,False,Taquara,RS,0,Atenção
4321204,RS,Sul,Municipal,122,48.47,42.01,66.57,63.93,0.5153000000000001,-18.1,False,True,Taquara,RS,0,Atenção
4321303,RS,Sul,Estadual,50,51.16,30.09,,70.16,0.48840000000000006,,True,False,Taquari,RS,0,Atenção
4321402,RS,Sul,Municipal,31,49.57,61.32,69.61,67.62,0.5043,-20.04,False,True,Tenente Portela,RS,0,Atenção
4321436,RS,Sul,Municipal,26,48.47,73.18,69.02,66.89,0.5153000000000001,-20.55,False,True,Terra de Areia,RS,0,Atenção
4321451,RS,Sul,Municipal,71,61.55,64.79,80.0,83.41,0.38450000000000006,-18.45,False,True,Teutônia,RS,0,Atenção
4321501,RS,Sul,Estadual,63,50.82,53.04,,67.57,0.4918,,True,False,Torres,RS,0,Atenção
4321501,RS,Sul,Municipal,76,47.25,44.63,65.68,62.86,0.5275000000000001,-18.43,False,True,Torres,RS,0,Atenção
4321600,RS,Sul,Estadual,43,57.33,61.46,,81.0,0.42669999999999997,,True,False,Tramandaí,RS,0,Atenção
4321600,RS,Sul,Municipal,157,41.63,48.23,58.64,54.39,0.5837,-17.01,False,True,Tramandaí,RS,0,Atenção
4321667,RS,Sul,Estadual,25,61.66,63.88,,84.0,0.3834000000000001,,True,False,Três Cachoeiras,RS,0,Atenção
4321709,RS,Sul,Municipal,73,44.55,44.35,59.55,55.48,0.5545,-15.0,False,True,Três Coroas,RS,0,Atenção
4321808,RS,Sul,Municipal,52,51.63,53.95,79.17,79.03,0.4837,-27.54,False,True,Três de Maio,RS,0,Atenção
4321857,RS,Sul,Municipal,22,58.15,67.1,80.0,80.98,0.4185,-21.85,False,True,Três Palmeiras,RS,0,Atenção
4321907,RS,Sul,Municipal,80,62.43,57.97,80.0,82.86,0.37570000000000003,-17.57,False,True,Três Passos,RS,0,Atenção
4322004,RS,Sul,Municipal,80,51.01,62.45,68.96,66.83,0.4899,-17.95,False,True,Triunfo,RS,0,Atenção
4322202,RS,Sul,Estadual,25,49.11,43.5,,62.08,0.5089,,True,False,Tupanciretã,RS,0,Atenção
4322202,RS,Sul,Municipal,23,50.7,48.54,73.19,71.92,0.493,-22.49,False,True,Tupanciretã,RS,0,Atenção
4322251,RS,Sul,Municipal,22,61.86,59.63,80.0,81.99,0.38139999999999996,-18.14,False,True,Tupandi,RS,0,Atenção
4322400,RS,Sul,Estadual,142,45.58,44.7,,60.53,0.5442,,True,False,Uruguaiana,RS,0,Atenção
4322400,RS,Sul,Municipal,162,41.8,54.34,64.39,61.31,0.5820000000000001,-22.59,False,True,Uruguaiana,RS,0,Atenção
4322509,RS,Sul,Estadual,85,55.07,48.33,,78.69,0.44930000000000003,,True,False,Vacaria,RS,0,Atenção
4322509,RS,Sul,Municipal,140,47.04,31.63,68.24,65.95,0.5296000000000001,-21.2,False,True,Vacaria,RS,0,Atenção
4322608,RS,Sul,Estadual,79,56.8,59.68,,74.04,0.43200000000000005,,True,False,Venâncio Aires,RS,0,Atenção
4322608,RS,Sul,Municipal,83,57.2,60.58,78.41,78.14,0.42799999999999994,-21.21,False,True,Venâncio Aires,RS,0,Atenção
4322707,RS,Sul,Municipal,57,46.59,30.55,68.66,66.47,0.5341,-22.07,False,True,Vera Cruz,RS,0,Atenção
4322806,RS,Sul,Municipal,72,58.79,59.64,77.57,77.14,0.4121,-18.78,False,True,Veranópolis,RS,0,Atenção
4323002,RS,Sul,Estadual,92,44.46,22.2,,54.67,0.5554,,True,False,Viamão,RS,0,Atenção
4323002,RS,Sul,Municipal,658,40.76,41.36,62.36,58.86,0.5924,-21.6,False,True,Viamão,RS,0,Atenção
4323804,RS,Sul,Municipal,65,47.14,31.46,60.68,56.84,0.5286,-13.54,False,True,Xangri-lá,RS,0,Atenção
5000203,MS,Centro-Oeste,Municipal,147,73.94,70.24,71.75,70.19,0.26060000000000005,2.19,False,False,Água Clara,MS,1,Consolidado
5000252,MS,Centro-Oeste,Municipal,23,73.83,60.87,77.19,77.45,0.26170000000000004,-3.36,False,True,Alcinópolis,MS,1,Consolidado
5000609,MS,Centro-Oeste,Municipal,126,53.33,67.85,48.04,42.08,0.4667,5.29,False,False,Amambai,MS,3,Intermediário
5000708,MS,Centro-Oeste,Municipal,127,42.12,40.49,34.56,27.66,0.5788,7.56,False,False,Anastácio,MS,2,Crítico
5000807,MS,Centro-Oeste,Municipal,26,63.1,88.49,67.61,66.17,0.369,-4.51,False,True,Anaurilândia,MS,0,Atenção
5000856,MS,Centro-Oeste,Municipal,57,87.57,84.29,80.0,92.96,0.12430000000000008,7.57,False,False,Angélica,MS,1,Consolidado
5000906,MS,Centro-Oeste,Municipal,42,57.0,49.73,58.37,54.48,0.43000000000000005,-1.37,False,True,Antônio João,MS,0,Atenção
5001003,MS,Centro-Oeste,Municipal,109,60.19,57.78,56.16,51.45,0.3981,4.03,False,False,Aparecida do Taboado,MS,3,Intermediário
5001102,MS,Centro-Oeste,Municipal,192,74.0,55.36,71.59,70.12,0.26,2.41,False,False,Aquidauana,MS,1,Consolidado
5001243,MS,Centro-Oeste,Municipal,50,72.54,70.0,74.85,74.73,0.27459999999999996,-2.31,False,True,Aral Moreira,MS,1,Consolidado
5001508,MS,Centro-Oeste,Municipal,43,47.21,58.62,33.17,25.95,0.5279,14.04,False,False,Bandeirantes,MS,2,Crítico
5001904,MS,Centro-Oeste,Municipal,100,46.39,52.62,44.18,37.66,0.5361,2.21,False,False,Bataguassu,MS,2,Crítico
5002001,MS,Centro-Oeste,Municipal,57,59.49,66.87,51.26,45.7,0.4051,8.23,False,False,Batayporã,MS,3,Intermediário
5002100,MS,Centro-Oeste,Municipal,103,53.94,48.45,49.58,43.91,0.4606,4.36,False,False,Bela Vista,MS,3,Intermediário
5002159,MS,Centro-Oeste,Municipal,43,58.05,45.01,50.32,44.96,0.4195,7.73,False,False,Bodoquena,MS,3,Intermediário
5002209,MS,Centro-Oeste,Municipal,137,55.81,54.4,57.78,53.65,0.44189999999999996,-1.97,False,True,Bonito,MS,0,Atenção
5002308,MS,Centro-Oeste,Municipal,61,60.78,63.5,56.39,52.02,0.3922,4.39,False,False,Brasilândia,MS,3,Intermediário
5002407,MS,Centro-Oeste,Municipal,116,59.23,70.34,57.41,53.45,0.40770000000000006,1.82,False,False,Caarapó,MS,0,Atenção
5002605,MS,Centro-Oeste,Municipal,59,46.06,55.33,39.17,32.2,0.5394,6.89,False,False,Camapuã,MS,2,Crítico
5002704,MS,Centro-Oeste,Estadual,23,36.51,17.26,,11.84,0.6349,,True,False,Campo Grande,MS,2,Crítico
5002704,MS,Centro-Oeste,Municipal,3223,48.18,50.87,47.69,42.14,0.5182,0.49,False,False,Campo Grande,MS,2,Crítico
5002803,MS,Centro-Oeste,Municipal,30,60.17,46.11,54.48,49.46,0.3983,5.69,False,False,Caracol,MS,3,Intermediário
5002902,MS,Centro-Oeste,Municipal,77,46.28,50.94,44.23,37.85,0.5372,2.05,False,False,Cassilândia,MS,2,Crítico
5002951,MS,Centro-Oeste,Municipal,153,53.27,64.48,49.18,43.49,0.46729999999999994,4.09,False,False,Chapadão do Sul,MS,3,Intermediário
5003108,MS,Centro-Oeste,Municipal,31,60.89,51.35,51.21,45.65,0.3911,9.68,False,False,Corguinho,MS,3,Intermediário
5003157,MS,Centro-Oeste,Municipal,108,76.17,64.33,79.13,78.98,0.23829999999999996,-2.96,False,True,Coronel Sapucaia,MS,1,Consolidado
5003207,MS,Centro-Oeste,Municipal,389,51.63,40.33,47.61,41.68,0.4837,4.02,False,False,Corumbá,MS,2,Crítico
5003256,MS,Centro-Oeste,Municipal,133,51.99,52.63,45.24,39.02,0.48009999999999997,6.75,False,False,Costa Rica,MS,3,Intermediário
5003306,MS,Centro-Oeste,Municipal,152,47.37,42.34,45.99,40.13,0.5263,1.38,False,False,Coxim,MS,2,Crítico
5003454,MS,Centro-Oeste,Municipal,45,86.47,59.35,80.0,97.59,0.13529999999999998,6.47,False,False,Deodápolis,MS,1,Consolidado
5003488,MS,Centro-Oeste,Municipal,73,53.69,38.77,44.63,38.73,0.46310000000000007,9.06,False,False,Dois Irmãos do Buriti,MS,3,Intermediário
5003702,MS,Centro-Oeste,Estadual,45,54.78,54.97,,52.54,0.45219999999999994,,True,False,Dourados,MS,0,Atenção
5003702,MS,Centro-Oeste,Municipal,988,41.85,53.78,46.65,40.68,0.5814999999999999,-4.8,False,True,Dourados,MS,2,Crítico
5003751,MS,Centro-Oeste,Municipal,61,73.12,53.05,76.1,75.4,0.26879999999999993,-2.98,False,True,Eldorado,MS,1,Consolidado
5003801,MS,Centro-Oeste,Municipal,76,65.35,58.27,63.97,61.0,0.34650000000000003,1.38,False,False,Fátima do Sul,MS,0,Atenção
5004007,MS,Centro-Oeste,Municipal,40,76.7,84.42,79.07,80.8,0.23299999999999998,-2.37,False,True,Glória de Dourados,MS,1,Consolidado
5004106,MS,Centro-Oeste,Municipal,55,59.49,74.96,52.3,47.8,0.4051,7.19,False,False,Guia Lopes da Laguna,MS,3,Intermediário
5004304,MS,Centro-Oeste,Municipal,78,55.28,60.02,44.73,38.28,0.44720000000000004,10.55,False,False,Iguatemi,MS,3,Intermediário
5004403,MS,Centro-Oeste,Municipal,44,50.18,52.2,40.51,34.26,0.4982,9.67,False,False,Inocência,MS,3,Intermediário
5004502,MS,Centro-Oeste,Municipal,72,69.7,55.83,70.79,69.64,0.30299999999999994,-1.09,False,True,Itaporã,MS,1,Consolidado
5004601,MS,Centro-Oeste,Municipal,115,71.46,81.78,74.38,73.35,0.2854000000000001,-2.92,False,True,Itaquiraí,MS,1,Consolidado
5004700,MS,Centro-Oeste,Municipal,116,64.37,69.07,64.82,62.09,0.35629999999999995,-0.45,False,True,Ivinhema,MS,0,Atenção
5004809,MS,Centro-Oeste,Municipal,27,48.14,29.46,18.91,12.68,0.5186,29.23,False,False,Japorã,MS,3,Intermediário
5004908,MS,Centro-Oeste,Municipal,37,60.15,49.24,44.9,38.83,0.39849999999999997,15.25,False,False,Jaraguari,MS,3,Intermediário
5005004,MS,Centro-Oeste,Municipal,109,49.13,53.03,42.02,35.91,0.5086999999999999,7.11,False,False,Jardim,MS,2,Crítico
5005152,MS,Centro-Oeste,Municipal,51,52.98,58.6,29.82,22.79,0.47020000000000006,23.16,False,False,Juti,MS,3,Intermediário
5005202,MS,Centro-Oeste,Municipal,94,42.85,33.87,32.39,25.17,0.5715,10.46,False,False,Ladário,MS,2,Crítico
5005251,MS,Centro-Oeste,Municipal,36,73.19,77.76,80.0,83.01,0.2681,-6.81,False,True,Laguna Carapã,MS,1,Consolidado
5005400,MS,Centro-Oeste,Municipal,208,51.82,49.55,46.82,40.87,0.4818,5.0,False,False,Maracaju,MS,2,Crítico
5005608,MS,Centro-Oeste,Municipal,123,43.28,39.08,33.82,26.75,0.5671999999999999,9.46,False,False,Miranda,MS,2,Crítico
5005681,MS,Centro-Oeste,Municipal,63,81.28,47.7,80.0,83.81,0.18720000000000003,1.28,False,False,Mundo Novo,MS,1,Consolidado
5005707,MS,Centro-Oeste,Municipal,264,61.93,59.1,63.53,60.57,0.38070000000000004,-1.6,False,True,Naviraí,MS,0,Atenção
5005806,MS,Centro-Oeste,Municipal,68,60.53,56.7,58.26,55.08,0.39469999999999994,2.27,False,False,Nioaque,MS,0,Atenção
5006002,MS,Centro-Oeste,Municipal,127,45.94,53.59,43.79,37.23,0.5406,2.15,False,False,Nova Alvorada do Sul,MS,2,Crítico
5006200,MS,Centro-Oeste,Municipal,186,61.95,69.78,61.97,58.55,0.38049999999999995,-0.02,False,True,Nova Andradina,MS,0,Atenção
5006259,MS,Centro-Oeste,Municipal,25,58.6,83.88,52.69,47.37,0.41400000000000003,5.91,False,False,Novo Horizonte do Sul,MS,3,Intermediário
5006275,MS,Centro-Oeste,Municipal,35,72.15,82.89,76.92,76.38,0.27849999999999997,-4.77,False,True,Paraíso das Águas,MS,1,Consolidado
5006309,MS,Centro-Oeste,Municipal,135,43.07,54.46,37.71,30.83,0.5692999999999999,5.36,False,False,Paranaíba,MS,2,Crítico
5006358,MS,Centro-Oeste,Municipal,44,59.92,64.31,50.56,44.89,0.40079999999999993,9.36,False,False,Paranhos,MS,3,Intermediário
5006408,MS,Centro-Oeste,Municipal,34,49.49,58.15,40.53,33.66,0.5051,8.96,False,False,Pedro Gomes,MS,2,Crítico
5006606,MS,Centro-Oeste,Estadual,45,42.42,38.3,,30.18,0.5758,,True,False,Ponta Porã,MS,2,Crítico
5006606,MS,Centro-Oeste,Municipal,528,60.33,70.02,61.45,58.1,0.39670000000000005,-1.12,False,True,Ponta Porã,MS,0,Atenção
5006903,MS,Centro-Oeste,Municipal,77,43.02,73.63,37.55,30.48,0.5698,5.47,False,False,Porto Murtinho,MS,2,Crítico
5007109,MS,Centro-Oeste,Municipal,128,48.12,41.73,41.16,34.35,0.5188,6.96,False,False,Ribas do Rio Pardo,MS,2,Crítico
5007208,MS,Centro-Oeste,Municipal,183,48.86,50.45,46.43,40.39,0.5114000000000001,2.43,False,False,Rio Brilhante,MS,2,Crítico
5007307,MS,Centro-Oeste,Municipal,32,61.33,56.18,57.54,53.09,0.38670000000000004,3.79,False,False,Rio Negro,MS,3,Intermediário
5007406,MS,Centro-Oeste,Municipal,98,55.41,44.46,52.63,47.76,0.4459000000000001,2.78,False,False,Rio Verde de Mato Grosso,MS,3,Intermediário
5007505,MS,Centro-Oeste,Municipal,20,56.84,58.53,45.12,38.71,0.4316,11.72,False,False,Rochedo,MS,3,Intermediário
5007554,MS,Centro-Oeste,Municipal,46,58.46,54.21,53.47,48.28,0.4154,4.99,False,False,Santa Rita do Pardo,MS,3,Intermediário
5007695,MS,Centro-Oeste,Municipal,137,59.16,63.7,56.9,52.43,0.4084,2.26,False,False,São Gabriel do Oeste,MS,0,Atenção
5007703,MS,Centro-Oeste,Municipal,61,55.91,47.54,58.52,54.25,0.44090000000000007,-2.61,False,True,Sete Quedas,MS,0,Atenção
5007802,MS,Centro-Oeste,Municipal,24,47.65,58.32,33.87,26.67,0.5235000000000001,13.78,False,False,Selvíria,MS,2,Crítico
5007901,MS,Centro-Oeste,Municipal,222,45.46,45.07,42.85,36.24,0.5454,2.61,False,False,Sidrolândia,MS,2,Crítico
5007935,MS,Centro-Oeste,Municipal,57,56.22,80.71,52.8,47.74,0.43779999999999997,3.42,False,False,Sonora,MS,3,Intermediário
5007950,MS,Centro-Oeste,Municipal,61,58.94,61.91,56.3,51.89,0.4106000000000001,2.64,False,False,Tacuru,MS,0,Atenção
5007976,MS,Centro-Oeste,Municipal,22,72.05,81.82,79.02,78.85,0.2795000000000001,-6.97,False,True,Taquarussu,MS,1,Consolidado
5008008,MS,Centro-Oeste,Municipal,72,63.34,45.58,63.66,60.42,0.3665999999999999,-0.32,False,True,Terenos,MS,0,Atenção
5008305,MS,Centro-Oeste,Municipal,551,66.09,84.76,71.48,69.98,0.33909999999999996,-5.39,False,True,Três Lagoas,MS,0,Atenção
5008404,MS,Centro-Oeste,Municipal,25,70.4,52.03,67.77,67.11,0.29599999999999993,2.63,False,False,Vicentina,MS,1,Consolidado
5100201,MT,Centro-Oeste,Municipal,119,64.55,76.07,62.56,59.1,0.35450000000000004,1.99,False,False,Água Boa,MT,0,Atenção
5100250,MT,Centro-Oeste,Municipal,204,57.24,70.3,57.91,53.5,0.4276,-0.67,False,True,Alta Floresta,MT,0,Atenção
5100300,MT,Centro-Oeste,Municipal,47,72.6,72.85,74.79,74.54,0.274,-2.19,False,True,Alto Araguaia,MT,1,Consolidado
5100359,MT,Centro-Oeste,Municipal,33,78.07,57.27,80.0,93.67,0.21930000000000005,-1.93,False,True,Alto Boa Vista,MT,1,Consolidado
5100409,MT,Centro-Oeste,Municipal,51,58.15,57.27,46.93,40.75,0.4185,11.22,False,False,Alto Garças,MT,3,Intermediário
5100508,MT,Centro-Oeste,Municipal,24,67.54,57.4,69.57,67.58,0.3245999999999999,-2.03,False,True,Alto Paraguai,MT,0,Atenção
5100607,MT,Centro-Oeste,Municipal,52,68.83,77.06,73.52,72.31,0.3117,-4.69,False,True,Alto Taquari,MT,1,Consolidado
5100805,MT,Centro-Oeste,Municipal,27,62.61,77.72,53.82,48.68,0.3739,8.79,False,False,Apiacás,MT,3,Intermediário
5101258,MT,Centro-Oeste,Municipal,56,58.91,64.46,53.64,48.48,0.41090000000000004,5.27,False,False,Araputanga,MT,3,Intermediário
5101308,MT,Centro-Oeste,Municipal,42,65.51,61.85,65.24,62.33,0.3449,0.27,False,False,Arenápolis,MT,0,Atenção
5101407,MT,Centro-Oeste,Municipal,130,66.94,53.27,63.44,60.17,0.3306,3.5,False,False,Aripuanã,MT,0,Atenção
5101605,MT,Centro-Oeste,Estadual,22,70.43,63.7,,73.22,0.29569999999999996,,True,False,Barão de Melgaço,MT,0,Atenção
5101704,MT,Centro-Oeste,Municipal,140,58.56,75.24,55.71,50.91,0.4144,2.85,False,False,Barra do Bugres,MT,0,Atenção
5101803,MT,Centro-Oeste,Estadual,27,60.88,51.83,,59.8,0.3912,,True,False,Barra do Garças,MT,0,Atenção
5101803,MT,Centro-Oeste,Municipal,211,63.97,66.67,64.28,61.17,0.36030000000000006,-0.31,False,True,Barra do Garças,MT,0,Atenção
5101852,MT,Centro-Oeste,Municipal,34,53.65,88.77,38.34,31.29,0.4635,15.31,False,False,Bom Jesus do Araguaia,MT,3,Intermediário
5101902,MT,Centro-Oeste,Municipal,80,57.75,64.43,56.56,51.94,0.4225,1.19,False,False,Brasnorte,MT,0,Atenção
5102504,MT,Centro-Oeste,Municipal,316,57.57,47.69,52.83,47.53,0.4243,4.74,False,False,Cáceres,MT,3,Intermediário
5102603,MT,Centro-Oeste,Municipal,44,57.92,44.9,45.19,38.79,0.42079999999999995,12.73,False,False,Campinápolis,MT,3,Intermediário
5102637,MT,Centro-Oeste,Estadual,25,57.56,51.41,,49.85,0.4244,,True,False,Campo Novo do Parecis,MT,0,Atenção
5102637,MT,Centro-Oeste,Municipal,233,66.87,68.89,65.16,62.23,0.33129999999999993,1.71,False,False,Campo Novo do Parecis,MT,0,Atenção
5102678,MT,Centro-Oeste,Municipal,184,62.06,69.11,60.16,56.2,0.37939999999999996,1.9,False,False,Campo Verde,MT,0,Atenção
5102686,MT,Centro-Oeste,Municipal,58,60.86,68.72,53.38,48.19,0.39139999999999997,7.48,False,False,Campos de Júlio,MT,3,Intermediário
5102694,MT,Centro-Oeste,Municipal,20,55.1,75.7,41.47,34.68,0.44899999999999995,13.63,False,False,Canabrava do Norte,MT,3,Intermediário
5102702,MT,Centro-Oeste,Municipal,105,50.84,45.62,39.4,32.45,0.4915999999999999,11.44,False,False,Canarana,MT,3,Intermediário
5102793,MT,Centro-Oeste,Municipal,39,58.04,96.72,48.49,42.52,0.4196,9.55,False,False,Carlinda,MT,3,Intermediário
5102850,MT,Centro-Oeste,Municipal,28,69.39,59.0,65.88,63.09,0.30610000000000004,3.51,False,False,Castanheira,MT,0,Atenção
5103007,MT,Centro-Oeste,Municipal,74,56.18,70.8,52.97,47.71,0.43820000000000003,3.21,False,False,Chapada dos Guimarães,MT,3,Intermediário
5103056,MT,Centro-Oeste,Municipal,48,64.29,62.55,61.97,58.37,0.3571,2.32,False,False,Cláudia,MT,0,Atenção
5103106,MT,Centro-Oeste,Municipal,35,71.05,65.62,78.9,78.75,0.2895,-7.85,False,True,Cocalinho,MT,1,Consolidado
5103205,MT,Centro-Oeste,Municipal,136,58.7,70.5,54.3,49.23,0.4129999999999999,4.4,False,False,Colíder,MT,3,Intermediário
5103254,MT,Centro-Oeste,Municipal,144,52.17,63.1,47.78,41.7,0.47829999999999995,4.39,False,False,Colniza,MT,2,Crítico
5103304,MT,Centro-Oeste,Municipal,77,61.63,52.88,61.46,57.76,0.38369999999999993,0.17,False,False,Comodoro,MT,0,Atenção
5103353,MT,Centro-Oeste,Municipal,178,46.35,50.91,42.31,35.59,0.5365,4.04,False,False,Confresa,MT,2,Crítico
5103361,MT,Centro-Oeste,Municipal,20,58.15,54.9,47.02,40.83,0.4185,11.13,False,False,Conquista D'Oeste,MT,3,Intermediário
5103379,MT,Centro-Oeste,Municipal,43,62.51,64.83,61.94,58.36,0.3749,0.57,False,False,Cotriguaçu,MT,0,Atenção
5103403,MT,Centro-Oeste,Municipal,1886,56.96,46.25,58.26,53.94,0.4304,-1.3,False,True,Cuiabá,MT,0,Atenção
5103437,MT,Centro-Oeste,Municipal,20,56.88,100.0,40.14,33.23,0.4312,16.74,False,False,Curvelândia,MT,3,Intermediário
5103452,MT,Centro-Oeste,Municipal,32,63.45,81.6,61.8,58.18,0.36549999999999994,1.65,False,False,Denise,MT,0,Atenção
5103502,MT,Centro-Oeste,Estadual,23,53.01,31.23,,35.9,0.4699,,True,False,Diamantino,MT,0,Atenção
5103502,MT,Centro-Oeste,Municipal,61,59.99,67.37,56.72,52.09,0.4001,3.27,False,False,Diamantino,MT,0,Atenção
5103601,MT,Centro-Oeste,Municipal,23,75.73,73.15,80.0,88.28,0.24269999999999992,-4.27,False,True,Dom Aquino,MT,1,Consolidado
5103700,MT,Centro-Oeste,Municipal,39,66.55,38.74,67.6,65.17,0.3345,-1.05,False,True,Feliz Natal,MT,0,Atenção
5103858,MT,Centro-Oeste,Municipal,33,60.04,59.89,50.68,45.03,0.39959999999999996,9.36,False,False,Gaúcha do Norte,MT,3,Intermediário
5103957,MT,Centro-Oeste,Municipal,25,76.99,88.14,80.0,90.58,0.23010000000000008,-3.01,False,True,Glória D'Oeste,MT,1,Consolidado
5104104,MT,Centro-Oeste,Municipal,147,60.39,57.26,63.98,60.8,0.3961,-3.59,False,True,Guarantã do Norte,MT,0,Atenção
5104203,MT,Centro-Oeste,Municipal,48,78.11,81.15,80.0,86.4,0.21889999999999998,-1.89,False,True,Guiratinga,MT,1,Consolidado
5104526,MT,Centro-Oeste,Municipal,51,65.64,54.61,64.83,61.82,0.3436,0.81,False,False,Ipiranga do Norte,MT,0,Atenção
5104542,MT,Centro-Oeste,Municipal,38,80.07,78.86,80.0,89.0,0.19930000000000003,0.07,False,False,Itanhangá,MT,1,Consolidado
5104559,MT,Centro-Oeste,Municipal,38,67.01,62.24,61.64,57.97,0.32989999999999997,5.37,False,False,Itaúba,MT,3,Intermediário
5104609,MT,Centro-Oeste,Municipal,73,58.92,61.17,48.53,42.57,0.41079999999999994,10.39,False,False,Itiquira,MT,3,Intermediário
5104807,MT,Centro-Oeste,Municipal,109,62.17,50.83,60.83,57.01,0.37829999999999997,1.34,False,False,Jaciara,MT,0,Atenção
5104906,MT,Centro-Oeste,Estadual,22,67.94,50.22,,61.69,0.3206,,True,False,Jangada,MT,0,Atenção
5105002,MT,Centro-Oeste,Municipal,32,59.58,80.27,52.12,46.97,0.4042,7.46,False,False,Jauru,MT,3,Intermediário
5105101,MT,Centro-Oeste,Estadual,57,54.15,57.38,,41.43,0.4585,,True,False,Juara,MT,0,Atenção
5105101,MT,Centro-Oeste,Municipal,69,59.81,67.82,57.76,53.33,0.4018999999999999,2.05,False,False,Juara,MT,0,Atenção
5105150,MT,Centro-Oeste,Municipal,164,55.06,50.14,51.09,45.52,0.4494,3.97,False,False,Juína,MT,3,Intermediário
5105176,MT,Centro-Oeste,Municipal,46,64.05,65.31,63.07,59.71,0.35950000000000004,0.98,False,False,Juruena,MT,0,Atenção
5105200,MT,Centro-Oeste,Municipal,48,58.17,61.53,53.79,48.67,0.4183,4.38,False,False,Juscimeira,MT,3,Intermediário
5105234,MT,Centro-Oeste,Municipal,21,76.67,47.98,80.0,87.13,0.23329999999999995,-3.33,False,True,Lambari D'Oeste,MT,1,Consolidado
5105259,MT,Centro-Oeste,Municipal,383,66.25,71.71,66.59,63.96,0.3375,-0.34,False,True,Lucas do Rio Verde,MT,0,Atenção
5105507,MT,Centro-Oeste,Municipal,52,57.79,56.86,52.17,46.76,0.42210000000000003,5.62,False,False,Vila Bela da Santíssima Trindade,MT,3,Intermediário
5105580,MT,Centro-Oeste,Municipal,59,67.28,55.23,65.23,62.31,0.32719999999999994,2.05,False,False,Marcelândia,MT,0,Atenção
5105606,MT,Centro-Oeste,Municipal,85,69.29,57.67,67.95,65.64,0.30709999999999993,1.34,False,False,Matupá,MT,0,Atenção
5105622,MT,Centro-Oeste,Municipal,94,60.2,56.96,56.36,51.92,0.398,3.84,False,False,Mirassol d'Oeste,MT,3,Intermediário
5105903,MT,Centro-Oeste,Municipal,67,64.71,55.05,60.77,56.95,0.3529000000000001,3.94,False,False,Nobres,MT,0,Atenção
5106000,MT,Centro-Oeste,Municipal,27,61.15,66.54,52.79,47.44,0.38850000000000007,8.36,False,False,Nortelândia,MT,3,Intermediário
5106109,MT,Centro-Oeste,Municipal,38,72.87,78.45,70.38,68.51,0.2713,2.49,False,False,Nossa Senhora do Livramento,MT,1,Consolidado
5106158,MT,Centro-Oeste,Municipal,70,69.28,77.94,74.34,73.29,0.30720000000000003,-5.06,False,True,Nova Bandeirantes,MT,1,Consolidado
5106182,MT,Centro-Oeste,Municipal,34,66.22,64.24,59.29,55.17,0.3378,6.93,False,False,Nova Lacerda,MT,3,Intermediário
5106190,MT,Centro-Oeste,Municipal,28,73.48,78.89,79.33,79.17,0.2652,-5.85,False,True,Nova Santa Helena,MT,1,Consolidado
5106216,MT,Centro-Oeste,Municipal,53,60.26,54.83,60.45,56.55,0.3974,-0.19,False,True,Nova Canaã do Norte,MT,0,Atenção
5106224,MT,Centro-Oeste,Municipal,295,70.13,74.09,66.79,64.21,0.2987000000000001,3.34,False,False,Nova Mutum,MT,0,Atenção
5106232,MT,Centro-Oeste,Municipal,80,60.21,59.72,55.56,50.76,0.39790000000000003,4.65,False,False,Nova Olímpia,MT,3,Intermediário
5106240,MT,Centro-Oeste,Municipal,85,74.99,65.95,74.28,73.21,0.2501000000000001,0.71,False,False,Nova Ubiratã,MT,1,Consolidado
5106257,MT,Centro-Oeste,Municipal,99,72.42,45.17,72.93,71.6,0.27579999999999993,-0.51,False,True,Nova Xavantina,MT,1,Consolidado
5106265,MT,Centro-Oeste,Municipal,26,63.13,74.42,57.99,53.62,0.3687,5.14,False,False,Novo Mundo,MT,3,Intermediário
5106281,MT,Centro-Oeste,Municipal,33,63.0,94.58,62.33,58.77,0.37,0.67,False,False,Novo São Joaquim,MT,0,Atenção
5106299,MT,Centro-Oeste,Municipal,53,63.92,75.28,63.88,60.7,0.3608,0.04,False,False,Paranaíta,MT,0,Atenção
5106307,MT,Centro-Oeste,Municipal,104,56.9,60.45,50.99,45.4,0.43100000000000005,5.91,False,False,Paranatinga,MT,3,Intermediário
5106372,MT,Centro-Oeste,Municipal,90,63.79,62.4,60.59,56.73,0.3621,3.2,False,False,Pedra Preta,MT,0,Atenção
5106422,MT,Centro-Oeste,Municipal,147,50.48,43.27,42.73,36.05,0.4952000000000001,7.75,False,False,Peixoto de Azevedo,MT,2,Crítico
5106455,MT,Centro-Oeste,Municipal,23,70.63,95.87,62.17,58.61,0.29370000000000007,8.46,False,False,Planalto da Serra,MT,3,Intermediário
5106505,MT,Centro-Oeste,Municipal,136,40.75,36.76,38.45,31.43,0.5925,2.3,False,False,Poconé,MT,2,Crítico
5106653,MT,Centro-Oeste,Municipal,29,67.51,48.07,71.32,69.65,0.32489999999999997,-3.81,False,True,Pontal do Araguaia,MT,0,Atenção
5106752,MT,Centro-Oeste,Municipal,256,67.28,65.82,69.94,68.01,0.32719999999999994,-2.66,False,True,Pontes e Lacerda,MT,0,Atenção
5106778,MT,Centro-Oeste,Municipal,55,50.67,55.86,38.13,31.09,0.49329999999999996,12.54,False,False,Porto Alegre do Norte,MT,3,Intermediário
5106802,MT,Centro-Oeste,Municipal,31,74.75,74.14,76.25,75.61,0.25249999999999995,-1.5,False,True,Porto dos Gaúchos,MT,1,Consolidado
5106828,MT,Centro-Oeste,Municipal,50,54.17,52.45,49.74,43.97,0.45829999999999993,4.43,False,False,Porto Esperidião,MT,3,Intermediário
5107008,MT,Centro-Oeste,Municipal,75,57.98,43.4,52.47,47.12,0.4202,5.51,False,False,Poxoréo,MT,3,Intermediário
5107040,MT,Centro-Oeste,Municipal,326,57.76,62.16,54.21,49.16,0.4224,3.55,False,False,Primavera do Leste,MT,3,Intermediário
5107065,MT,Centro-Oeste,Municipal,139,64.02,78.52,61.52,57.84,0.3598,2.5,False,False,Querência,MT,0,Atenção
5107107,MT,Centro-Oeste,Municipal,64,73.36,65.75,80.0,92.07,0.26639999999999997,-6.64,False,True,São José dos Quatro Marcos,MT,1,Consolidado
5107180,MT,Centro-Oeste,Municipal,41,70.21,75.48,66.14,63.38,0.29790000000000005,4.07,False,False,Ribeirão Cascalheira,MT,0,Atenção
5107248,MT,Centro-Oeste,Municipal,26,70.97,85.11,72.84,71.5,0.2903,-1.87,False,True,Santa Carmem,MT,1,Consolidado
5107305,MT,Centro-Oeste,Municipal,67,74.09,61.79,74.23,73.18,0.2591,-0.14,False,True,São José do Rio Claro,MT,1,Consolidado
5107354,MT,Centro-Oeste,Municipal,28,64.54,35.84,56.04,51.31,0.3545999999999999,8.5,False,False,São José do Xingu,MT,3,Intermediário
5107602,MT,Centro-Oeste,Municipal,963,55.91,61.73,57.26,52.77,0.44090000000000007,-1.35,False,True,Rondonópolis,MT,0,Atenção
5107701,MT,Centro-Oeste,Municipal,35,55.53,59.89,58.02,53.63,0.4447,-2.49,False,True,Rosário Oeste,MT,0,Atenção
5107768,MT,Centro-Oeste,Municipal,35,66.31,67.97,67.26,64.82,0.3369,-0.95,False,True,Santa Rita do Trivelato,MT,0,Atenção
5107776,MT,Centro-Oeste,Municipal,27,57.41,56.04,46.1,39.87,0.42590000000000006,11.31,False,False,Santa Terezinha,MT,3,Intermediário
5107800,MT,Centro-Oeste,Estadual,50,53.05,53.25,,41.15,0.46950000000000003,,True,False,Santo Antônio do Leverger,MT,0,Atenção
5107859,MT,Centro-Oeste,Municipal,45,52.62,30.24,41.62,34.84,0.4738,11.0,False,False,São Félix do Araguaia,MT,3,Intermediário
5107875,MT,Centro-Oeste,Municipal,124,75.35,87.31,71.39,69.76,0.24650000000000005,3.96,False,False,Sapezal,MT,1,Consolidado
5107909,MT,Centro-Oeste,Estadual,36,53.51,44.96,,43.12,0.4649,,True,False,Sinop,MT,0,Atenção
5107909,MT,Centro-Oeste,Municipal,818,58.5,53.35,60.84,57.03,0.41500000000000004,-2.34,False,True,Sinop,MT,0,Atenção
5107925,MT,Centro-Oeste,Municipal,564,74.67,81.49,79.21,79.09,0.25329999999999997,-4.54,False,True,Sorriso,MT,1,Consolidado
5107941,MT,Centro-Oeste,Municipal,66,60.06,62.31,56.15,51.43,0.3994,3.91,False,False,Tabaporã,MT,3,Intermediário
5107958,MT,Centro-Oeste,Municipal,375,57.32,57.59,53.83,48.7,0.42679999999999996,3.49,False,False,Tangará da Serra,MT,3,Intermediário
5108006,MT,Centro-Oeste,Municipal,71,64.37,69.11,59.92,55.91,0.35629999999999995,4.45,False,False,Tapurah,MT,3,Intermediário
5108055,MT,Centro-Oeste,Municipal,49,63.05,56.14,62.25,58.71,0.36950000000000005,0.8,False,False,Terra Nova do Norte,MT,0,Atenção
5108303,MT,Centro-Oeste,Municipal,28,66.96,73.45,63.63,60.34,0.3304,3.33,False,False,União do Sul,MT,0,Atenção
5108402,MT,Centro-Oeste,Estadual,90,43.52,39.9,,35.58,0.5648,,True,False,Várzea Grande,MT,2,Crítico
5108402,MT,Centro-Oeste,Municipal,1163,54.69,60.53,53.18,47.94,0.45310000000000006,1.51,False,False,Várzea Grande,MT,0,Atenção
5108501,MT,Centro-Oeste,Municipal,65,50.48,58.42,41.54,34.75,0.4952000000000001,8.94,False,False,Vera,MT,3,Intermediário
5108600,MT,Centro-Oeste,Municipal,94,56.21,63.37,53.14,47.88,0.43789999999999996,3.07,False,False,Vila Rica,MT,3,Intermediário
5108808,MT,Centro-Oeste,Municipal,24,70.96,74.48,69.95,68.06,0.2904000000000001,1.01,False,False,Nova Guarita,MT,1,Consolidado
5108907,MT,Centro-Oeste,Municipal,36,62.25,58.66,64.76,61.76,0.37749999999999995,-2.51,False,True,Nova Maringá,MT,0,Atenção
5108956,MT,Centro-Oeste,Municipal,46,73.94,93.26,77.58,77.19,0.26060000000000005,-3.64,False,True,Nova Monte Verde,MT,1,Consolidado
5200050,GO,Centro-Oeste,Municipal,101,71.23,67.51,63.18,59.85,0.28769999999999996,8.05,False,False,Abadia de Goiás,GO,3,Intermediário
5200100,GO,Centro-Oeste,Municipal,57,83.64,76.22,79.11,78.98,0.16359999999999997,4.53,False,False,Abadiânia,GO,1,Consolidado
5200134,GO,Centro-Oeste,Municipal,82,66.37,81.69,62.06,58.49,0.33629999999999993,4.31,False,False,Acreúna,GO,0,Atenção
5200175,GO,Centro-Oeste,Municipal,23,71.4,70.23,59.82,55.78,0.2859999999999999,11.58,False,False,Água Fria de Goiás,GO,3,Intermediário
5200258,GO,Centro-Oeste,Municipal,983,47.16,54.46,54.0,48.86,0.5284,-6.84,False,True,Águas Lindas de Goiás,GO,0,Atenção
5200308,GO,Centro-Oeste,Municipal,131,81.07,74.54,76.84,76.28,0.18930000000000002,4.23,False,False,Alexânia,GO,1,Consolidado
5200555,GO,Centro-Oeste,Municipal,27,77.26,77.59,68.81,66.64,0.22739999999999994,8.45,False,False,Alto Horizonte,GO,1,Consolidado
5200605,GO,Centro-Oeste,Municipal,45,83.61,60.15,80.0,82.87,0.16390000000000005,3.61,False,False,Alto Paraíso de Goiás,GO,1,Consolidado
5200803,GO,Centro-Oeste,Municipal,33,72.66,63.42,67.1,64.57,0.2734000000000001,5.56,False,False,Alvorada do Norte,GO,1,Consolidado
5201108,GO,Centro-Oeste,Municipal,1119,75.09,73.69,73.43,72.2,0.2491,1.66,False,False,Anápolis,GO,1,Consolidado
5201306,GO,Centro-Oeste,Municipal,59,89.84,98.32,80.0,92.26,0.10159999999999991,9.84,False,False,Anicuns,GO,1,Consolidado
5201405,GO,Centro-Oeste,Municipal,1741,66.49,69.82,63.87,60.63,0.33510000000000006,2.62,False,False,Aparecida de Goiânia,GO,0,Atenção
5201504,GO,Centro-Oeste,Municipal,20,75.0,59.89,64.94,61.96,0.25,10.06,False,False,Aporé,GO,3,Intermediário
5201702,GO,Centro-Oeste,Municipal,78,72.38,73.08,66.26,64.0,0.2762,6.12,False,False,Aragarças,GO,1,Consolidado
5201801,GO,Centro-Oeste,Municipal,56,68.73,57.55,59.12,54.97,0.3127,9.61,False,False,Aragoiânia,GO,3,Intermediário
5202155,GO,Centro-Oeste,Municipal,35,64.95,62.98,49.16,43.29,0.3504999999999999,15.79,False,False,Araguapaz,GO,3,Intermediário
5202502,GO,Centro-Oeste,Municipal,32,82.09,94.05,79.85,80.63,0.17909999999999993,2.24,False,False,Aruanã,GO,1,Consolidado
5203203,GO,Centro-Oeste,Municipal,40,84.11,86.82,80.0,80.54,0.15890000000000004,4.11,False,False,Barro Alto,GO,1,Consolidado
5203302,GO,Centro-Oeste,Municipal,123,73.12,65.22,64.32,61.2,0.26879999999999993,8.8,False,False,Bela Vista de Goiás,GO,3,Intermediário
5203401,GO,Centro-Oeste,Municipal,25,80.68,59.43,79.26,79.14,0.19319999999999993,1.42,False,False,Bom Jardim de Goiás,GO,1,Consolidado
5203500,GO,Centro-Oeste,Municipal,84,82.17,83.41,76.39,75.75,0.17830000000000001,5.78,False,False,Bom Jesus de Goiás,GO,1,Consolidado
5203559,GO,Centro-Oeste,Municipal,40,69.09,90.03,61.67,58.03,0.30909999999999993,7.42,False,False,Bonfinópolis,GO,3,Intermediário
5203609,GO,Centro-Oeste,Municipal,22,66.12,90.83,54.03,48.93,0.3388,12.09,False,False,Brazabrantes,GO,3,Intermediário
5203807,GO,Centro-Oeste,Municipal,26,87.28,96.13,80.0,81.75,0.12719999999999998,7.28,False,False,Britânia,GO,1,Consolidado
5203906,GO,Centro-Oeste,Municipal,37,77.63,67.23,70.78,68.45,0.2237,6.85,False,False,Buriti Alegre,GO,1,Consolidado
5204003,GO,Centro-Oeste,Municipal,28,77.67,92.97,71.31,69.64,0.22329999999999994,6.36,False,False,Cabeceiras,GO,1,Consolidado
5204102,GO,Centro-Oeste,Municipal,45,79.85,82.23,74.25,72.93,0.2015,5.6,False,False,Cachoeira Alta,GO,1,Consolidado
5204250,GO,Centro-Oeste,Municipal,30,80.3,79.84,73.68,72.51,0.19700000000000006,6.62,False,False,Cachoeira Dourada,GO,1,Consolidado
5204300,GO,Centro-Oeste,Municipal,45,80.26,93.4,74.28,73.23,0.1973999999999999,5.98,False,False,Caçu,GO,1,Consolidado
5204409,GO,Centro-Oeste,Municipal,51,79.75,80.42,77.1,76.61,0.2025,2.65,False,False,Caiapônia,GO,1,Consolidado
5204508,GO,Centro-Oeste,Municipal,357,67.92,64.82,62.34,58.42,0.3208,5.58,False,False,Caldas Novas,GO,3,Intermediário
5204557,GO,Centro-Oeste,Municipal,20,80.09,55.0,73.27,72.02,0.19909999999999994,6.82,False,False,Caldazinha,GO,1,Consolidado
5204706,GO,Centro-Oeste,Municipal,53,77.4,80.76,74.74,73.55,0.22599999999999998,2.66,False,False,Campinorte,GO,1,Consolidado
5204805,GO,Centro-Oeste,Municipal,28,82.6,78.91,79.91,79.9,0.17400000000000004,2.69,False,False,Campo Alegre de Goiás,GO,1,Consolidado
5204854,GO,Centro-Oeste,Municipal,39,87.59,87.18,80.0,86.91,0.12409999999999999,7.59,False,False,Campo Limpo de Goiás,GO,1,Consolidado
5204904,GO,Centro-Oeste,Municipal,62,72.19,75.34,67.62,65.21,0.2781,4.57,False,False,Campos Belos,GO,1,Consolidado
5205000,GO,Centro-Oeste,Municipal,33,82.89,91.1,79.02,78.85,0.17110000000000003,3.87,False,False,Carmo do Rio Verde,GO,1,Consolidado
5205109,GO,Centro-Oeste,Municipal,305,70.14,78.17,67.35,64.88,0.2986,2.79,False,False,Catalão,GO,0,Atenção
5205307,GO,Centro-Oeste,Municipal,36,70.29,82.93,63.47,60.2,0.2970999999999999,6.82,False,False,Cavalcante,GO,3,Intermediário
5205406,GO,Centro-Oeste,Municipal,44,86.28,97.73,80.0,88.1,0.1372,6.28,False,False,Ceres,GO,1,Consolidado
5205455,GO,Centro-Oeste,Municipal,37,62.27,67.41,47.38,41.26,0.37729999999999997,14.89,False,False,Cezarina,GO,3,Intermediário
5205471,GO,Centro-Oeste,Municipal,63,80.48,85.82,80.0,80.97,0.19519999999999993,0.48,False,False,Chapadão do Céu,GO,1,Consolidado
5205497,GO,Centro-Oeste,Municipal,411,50.03,59.93,56.04,51.38,0.49970000000000003,-6.01,False,True,Cidade Ocidental,GO,0,Atenção
5205513,GO,Centro-Oeste,Municipal,89,81.84,90.87,79.6,79.52,0.18159999999999998,2.24,False,False,Cocalzinho de Goiás,GO,1,Consolidado
5205802,GO,Centro-Oeste,Municipal,23,73.99,82.18,73.34,72.1,0.2601,0.65,False,False,Corumbá de Goiás,GO,1,Consolidado
5205901,GO,Centro-Oeste,Municipal,35,79.93,80.35,72.79,71.44,0.20069999999999988,7.14,False,False,Corumbaíba,GO,1,Consolidado
5206206,GO,Centro-Oeste,Municipal,278,74.3,66.03,69.87,67.93,0.257,4.43,False,False,Cristalina,GO,1,Consolidado
5206404,GO,Centro-Oeste,Municipal,38,77.99,75.78,68.88,66.73,0.22010000000000007,9.11,False,False,Crixás,GO,1,Consolidado
5207253,GO,Centro-Oeste,Municipal,24,83.42,83.32,78.47,78.21,0.16579999999999995,4.95,False,False,Doverlândia,GO,1,Consolidado
5207402,GO,Centro-Oeste,Municipal,56,84.41,67.51,80.0,82.36,0.15590000000000004,4.41,False,False,Edéia,GO,1,Consolidado
5207808,GO,Centro-Oeste,Municipal,23,83.65,66.06,77.31,76.84,0.16349999999999998,6.34,False,False,Firminópolis,GO,1,Consolidado
5207907,GO,Centro-Oeste,Municipal,53,74.6,70.72,68.9,66.72,0.254,5.7,False,False,Flores de Goiás,GO,1,Consolidado
5208004,GO,Centro-Oeste,Municipal,378,68.94,61.6,66.03,63.26,0.3106,2.91,False,False,Formosa,GO,0,Atenção
5208103,GO,Centro-Oeste,Municipal,21,77.26,80.95,72.26,70.81,0.22739999999999994,5.0,False,False,Formoso,GO,1,Consolidado
5208152,GO,Centro-Oeste,Municipal,23,90.7,82.52,80.0,98.15,0.09299999999999997,10.7,False,False,Gameleira de Goiás,GO,1,Consolidado
5208301,GO,Centro-Oeste,Municipal,20,84.5,84.63,79.92,79.9,0.15500000000000003,4.58,False,False,Divinópolis de Goiás,GO,1,Consolidado
5208400,GO,Centro-Oeste,Municipal,59,79.87,69.69,75.26,74.12,0.20129999999999992,4.61,False,False,Goianápolis,GO,1,Consolidado
5208608,GO,Centro-Oeste,Municipal,271,81.6,82.76,79.82,79.75,0.18400000000000005,1.78,False,False,Goianésia,GO,1,Consolidado
5208707,GO,Centro-Oeste,Municipal,2884,71.31,69.01,68.74,66.56,0.28689999999999993,2.57,False,False,Goiânia,GO,1,Consolidado
5208806,GO,Centro-Oeste,Municipal,331,72.39,82.21,70.86,69.08,0.2761,1.53,False,False,Goianira,GO,1,Consolidado
5208905,GO,Centro-Oeste,Municipal,47,73.39,85.31,69.49,67.43,0.2661,3.9,False,False,Goiás,GO,1,Consolidado
5209101,GO,Centro-Oeste,Municipal,118,73.65,76.39,70.09,68.04,0.26349999999999996,3.56,False,False,Goiatuba,GO,1,Consolidado
5209200,GO,Centro-Oeste,Municipal,81,73.56,70.43,66.78,64.19,0.26439999999999997,6.78,False,False,Guapó,GO,1,Consolidado
5209705,GO,Centro-Oeste,Municipal,124,72.59,66.86,70.74,68.97,0.2741,1.85,False,False,Hidrolândia,GO,1,Consolidado
5209903,GO,Centro-Oeste,Municipal,44,72.04,74.95,66.63,63.47,0.27959999999999996,5.41,False,False,Iaciara,GO,1,Consolidado
5209952,GO,Centro-Oeste,Municipal,63,75.2,82.46,69.23,67.15,0.248,5.97,False,False,Indiara,GO,1,Consolidado
5210000,GO,Centro-Oeste,Municipal,150,82.11,88.56,80.0,81.28,0.17890000000000006,2.11,False,False,Inhumas,GO,1,Consolidado
5210109,GO,Centro-Oeste,Municipal,93,72.78,69.67,66.71,64.1,0.2722,6.07,False,False,Ipameri,GO,1,Consolidado
5210208,GO,Centro-Oeste,Municipal,121,81.65,80.8,78.6,78.24,0.1835,3.05,False,False,Iporá,GO,1,Consolidado
5210406,GO,Centro-Oeste,Municipal,161,80.37,79.79,79.11,78.9,0.19629999999999992,1.26,False,False,Itaberaí,GO,1,Consolidado
5210562,GO,Centro-Oeste,Municipal,28,86.68,78.41,80.0,85.79,0.13319999999999999,6.68,False,False,Itaguari,GO,1,Consolidado
5210901,GO,Centro-Oeste,Municipal,69,81.83,83.76,79.01,78.68,0.18169999999999997,2.82,False,False,Itapaci,GO,1,Consolidado
5211008,GO,Centro-Oeste,Municipal,33,63.41,72.51,41.17,34.36,0.3659,22.24,False,False,Itapirapuã,GO,3,Intermediário
5211206,GO,Centro-Oeste,Municipal,86,81.73,89.05,80.0,81.61,0.18269999999999997,1.73,False,False,Itapuranga,GO,1,Consolidado
5211305,GO,Centro-Oeste,Municipal,23,81.53,82.64,77.21,76.72,0.18469999999999998,4.32,False,False,Itarumã,GO,1,Consolidado
5211404,GO,Centro-Oeste,Municipal,27,90.84,96.21,80.0,96.97,0.09160000000000001,10.84,False,False,Itauçu,GO,1,Consolidado
5211503,GO,Centro-Oeste,Municipal,360,73.57,78.26,71.41,69.78,0.2643000000000001,2.16,False,False,Itumbiara,GO,1,Consolidado
5211701,GO,Centro-Oeste,Municipal,24,80.95,79.55,77.61,77.19,0.1905,3.34,False,False,Jandaia,GO,1,Consolidado
5211800,GO,Centro-Oeste,Municipal,135,83.37,85.92,80.0,82.9,0.1663,3.37,False,False,Jaraguá,GO,1,Consolidado
5211909,GO,Centro-Oeste,Municipal,380,68.37,71.18,66.63,63.96,0.3162999999999999,1.74,False,False,Jataí,GO,0,Atenção
5212105,GO,Centro-Oeste,Municipal,22,69.49,76.5,61.57,57.9,0.30510000000000004,7.92,False,False,Joviânia,GO,3,Intermediário
5212204,GO,Centro-Oeste,Municipal,58,67.23,82.67,62.46,58.98,0.3277,4.77,False,False,Jussara,GO,3,Intermediário
5212303,GO,Centro-Oeste,Municipal,33,80.25,71.66,78.01,77.63,0.1975,2.24,False,False,Leopoldo de Bulhões,GO,1,Consolidado
5212501,GO,Centro-Oeste,Municipal,949,67.5,64.88,66.66,64.15,0.32499999999999996,0.84,False,False,Luziânia,GO,0,Atenção
5212709,GO,Centro-Oeste,Municipal,41,66.39,70.79,55.28,50.43,0.33609999999999995,11.11,False,False,Mambaí,GO,3,Intermediário
5212808,GO,Centro-Oeste,Municipal,43,76.21,90.54,71.26,69.6,0.2379000000000001,4.95,False,False,Mara Rosa,GO,1,Consolidado
5212956,GO,Centro-Oeste,Municipal,22,73.4,50.19,63.07,59.71,0.2659999999999999,10.33,False,False,Matrinchã,GO,3,Intermediário
5213004,GO,Centro-Oeste,Municipal,46,81.62,84.62,78.69,78.46,0.18379999999999996,2.93,False,False,Maurilândia,GO,1,Consolidado
5213087,GO,Centro-Oeste,Municipal,87,77.15,83.48,76.32,75.67,0.22849999999999993,0.83,False,False,Minaçu,GO,1,Consolidado
5213103,GO,Centro-Oeste,Municipal,301,81.49,83.3,80.0,80.26,0.18510000000000004,1.49,False,False,Mineiros,GO,1,Consolidado
5213509,GO,Centro-Oeste,Municipal,22,77.98,77.94,74.82,73.87,0.22019999999999995,3.16,False,False,Monte Alegre de Goiás,GO,1,Consolidado
5213707,GO,Centro-Oeste,Municipal,33,75.87,63.55,68.75,66.56,0.24129999999999996,7.12,False,False,Montes Claros de Goiás,GO,1,Consolidado
5213756,GO,Centro-Oeste,Municipal,51,75.13,90.04,68.25,65.98,0.24870000000000003,6.88,False,False,Montividiu,GO,1,Consolidado
5213806,GO,Centro-Oeste,Municipal,134,70.17,69.42,65.2,62.41,0.2983,4.97,False,False,Morrinhos,GO,0,Atenção
5214002,GO,Centro-Oeste,Municipal,67,67.43,64.34,55.96,51.21,0.3256999999999999,11.47,False,False,Mozarlândia,GO,3,Intermediário
5214051,GO,Centro-Oeste,Municipal,28,90.79,92.85,80.0,96.19,0.09209999999999996,10.79,False,False,Mundo Novo,GO,1,Consolidado
5214408,GO,Centro-Oeste,Municipal,31,81.12,86.87,79.15,78.57,0.18879999999999997,1.97,False,False,Nazário,GO,1,Consolidado
5214507,GO,Centro-Oeste,Municipal,116,75.68,70.75,70.0,67.91,0.24319999999999997,5.68,False,False,Nerópolis,GO,1,Consolidado
5214606,GO,Centro-Oeste,Municipal,98,76.97,81.96,73.95,72.85,0.23030000000000006,3.02,False,False,Niquelândia,GO,1,Consolidado
5214838,GO,Centro-Oeste,Municipal,47,72.59,76.79,66.92,64.03,0.2741,5.67,False,False,Nova Crixás,GO,1,Consolidado
5215009,GO,Centro-Oeste,Municipal,34,85.09,76.42,80.0,86.43,0.1491,5.09,False,False,Nova Veneza,GO,1,Consolidado
5215231,GO,Centro-Oeste,Municipal,305,58.86,54.66,56.87,52.29,0.4114,1.99,False,False,Novo Gama,GO,0,Atenção
5215306,GO,Centro-Oeste,Municipal,51,85.46,83.83,80.0,86.47,0.14540000000000008,5.46,False,False,Orizona,GO,1,Consolidado
5215504,GO,Centro-Oeste,Municipal,21,77.37,90.68,67.81,65.43,0.22629999999999995,9.56,False,False,Ouvidor,GO,1,Consolidado
5215603,GO,Centro-Oeste,Municipal,120,69.34,71.44,61.84,57.99,0.3066,7.5,False,False,Padre Bernardo,GO,3,Intermediário
5215702,GO,Centro-Oeste,Municipal,120,77.1,79.47,69.91,67.97,0.2290000000000001,7.19,False,False,Palmeiras de Goiás,GO,1,Consolidado
5216304,GO,Centro-Oeste,Municipal,28,87.65,96.53,80.0,85.71,0.12349999999999994,7.65,False,False,Paranaiguara,GO,1,Consolidado
5216403,GO,Centro-Oeste,Municipal,48,71.81,68.27,64.83,62.19,0.28189999999999993,6.98,False,False,Paraúna,GO,3,Intermediário
5217104,GO,Centro-Oeste,Municipal,66,74.66,67.46,69.9,67.75,0.25340000000000007,4.76,False,False,Piracanjuba,GO,1,Consolidado
5217203,GO,Centro-Oeste,Municipal,38,79.7,64.65,78.38,77.31,0.20299999999999996,1.32,False,False,Piranhas,GO,1,Consolidado
5217302,GO,Centro-Oeste,Municipal,98,78.49,62.97,74.01,72.91,0.21510000000000007,4.48,False,False,Pirenópolis,GO,1,Consolidado
5217401,GO,Centro-Oeste,Municipal,75,76.74,77.98,69.4,67.14,0.23260000000000003,7.34,False,False,Pires do Rio,GO,1,Consolidado
5217609,GO,Centro-Oeste,Municipal,512,69.06,76.44,67.87,65.48,0.3094,1.19,False,False,Planaltina,GO,0,Atenção
5217708,GO,Centro-Oeste,Municipal,63,77.98,88.45,74.41,72.96,0.22019999999999995,3.57,False,False,Pontalina,GO,1,Consolidado
5218003,GO,Centro-Oeste,Municipal,117,62.2,57.21,56.34,51.67,0.378,5.86,False,False,Porangatu,GO,3,Intermediário
5218052,GO,Centro-Oeste,Municipal,26,86.13,77.08,80.0,83.88,0.13870000000000005,6.13,False,False,Porteirão,GO,1,Consolidado
5218102,GO,Centro-Oeste,Municipal,20,79.87,64.92,72.99,71.68,0.20129999999999992,6.88,False,False,Portelândia,GO,1,Consolidado
5218300,GO,Centro-Oeste,Municipal,126,78.99,76.04,76.74,76.16,0.21010000000000006,2.25,False,False,Posse,GO,1,Consolidado
5218508,GO,Centro-Oeste,Municipal,150,73.14,76.77,69.08,66.84,0.26859999999999995,4.06,False,False,Quirinópolis,GO,1,Consolidado
5218607,GO,Centro-Oeste,Municipal,45,76.65,100.0,70.11,68.21,0.23349999999999993,6.54,False,False,Rialma,GO,1,Consolidado
5218805,GO,Centro-Oeste,Municipal,817,85.63,90.32,80.0,86.04,0.14370000000000005,5.63,False,False,Rio Verde,GO,1,Consolidado
5218904,GO,Centro-Oeste,Municipal,61,80.43,86.72,77.9,77.53,0.19569999999999999,2.53,False,False,Rubiataba,GO,1,Consolidado
5219001,GO,Centro-Oeste,Municipal,34,80.05,90.87,78.37,78.09,0.1995,1.68,False,False,Sanclerlândia,GO,1,Consolidado
5219100,GO,Centro-Oeste,Municipal,23,80.48,100.0,78.53,78.28,0.19519999999999993,1.95,False,False,Santa Bárbara de Goiás,GO,1,Consolidado
5219258,GO,Centro-Oeste,Municipal,22,82.42,91.61,77.35,76.89,0.17579999999999996,5.07,False,False,Santa Fé de Goiás,GO,1,Consolidado
5219407,GO,Centro-Oeste,Municipal,27,84.14,85.35,78.93,78.75,0.15859999999999996,5.21,False,False,Santa Rita do Araguaia,GO,1,Consolidado
5219704,GO,Centro-Oeste,Municipal,24,87.51,92.02,80.0,84.77,0.1248999999999999,7.51,False,False,Santa Terezinha de Goiás,GO,1,Consolidado
5219712,GO,Centro-Oeste,Municipal,26,84.41,88.07,80.0,82.48,0.15590000000000004,4.41,False,False,Santo Antônio da Barra,GO,1,Consolidado
5219738,GO,Centro-Oeste,Municipal,28,87.58,85.36,80.0,91.99,0.12419999999999998,7.58,False,False,Santo Antônio de Goiás,GO,1,Consolidado
5219753,GO,Centro-Oeste,Municipal,296,52.8,51.9,48.66,42.5,0.472,4.14,False,False,Santo Antônio do Descoberto,GO,3,Intermediário
5219803,GO,Centro-Oeste,Municipal,32,65.93,68.57,51.24,45.69,0.3406999999999999,14.69,False,False,São Domingos,GO,3,Intermediário
5219902,GO,Centro-Oeste,Municipal,40,76.48,77.67,62.43,58.94,0.23519999999999996,14.05,False,False,São Francisco de Goiás,GO,3,Intermediário
5220009,GO,Centro-Oeste,Municipal,51,84.37,84.04,80.0,81.84,0.1563,4.37,False,False,São João d'Aliança,GO,1,Consolidado
5220108,GO,Centro-Oeste,Municipal,100,75.87,80.97,68.7,66.06,0.24129999999999996,7.17,False,False,São Luís de Montes Belos,GO,1,Consolidado
5220207,GO,Centro-Oeste,Municipal,83,87.81,92.74,80.0,86.67,0.12190000000000001,7.81,False,False,São Miguel do Araguaia,GO,1,Consolidado
5220405,GO,Centro-Oeste,Municipal,71,80.11,81.58,73.9,72.78,0.19889999999999997,6.21,False,False,São Simão,GO,1,Consolidado
5220454,GO,Centro-Oeste,Municipal,637,47.74,61.6,53.68,48.58,0.5226,-5.94,False,True,Senador Canedo,GO,0,Atenção
5220504,GO,Centro-Oeste,Municipal,32,68.75,65.47,58.7,54.47,0.3125,10.05,False,False,Serranópolis,GO,3,Intermediário
5220603,GO,Centro-Oeste,Municipal,70,85.7,93.01,80.0,86.02,0.14300000000000002,5.7,False,False,Silvânia,GO,1,Consolidado
5220686,GO,Centro-Oeste,Municipal,22,85.47,81.65,80.0,86.31,0.14529999999999998,5.47,False,False,Simolândia,GO,1,Consolidado
5221080,GO,Centro-Oeste,Municipal,21,73.43,66.67,60.67,56.82,0.26569999999999994,12.76,False,False,Teresina de Goiás,GO,3,Intermediário
5221197,GO,Centro-Oeste,Municipal,37,73.69,72.76,61.52,57.84,0.2631,12.17,False,False,Terezópolis de Goiás,GO,3,Intermediário
5221403,GO,Centro-Oeste,Municipal,502,69.54,76.75,68.56,66.41,0.3046,0.98,False,False,Trindade,GO,0,Atenção
5221502,GO,Centro-Oeste,Municipal,20,78.9,80.0,73.74,72.58,0.21099999999999997,5.16,False,False,Turvânia,GO,1,Consolidado
5221551,GO,Centro-Oeste,Municipal,24,76.29,87.55,70.07,68.16,0.23709999999999998,6.22,False,False,Turvelândia,GO,1,Consolidado
5221601,GO,Centro-Oeste,Estadual,20,81.77,84.65,,79.49,0.18230000000000002,,True,False,Uruaçu,GO,1,Consolidado
5221601,GO,Centro-Oeste,Municipal,94,76.73,72.38,71.02,69.31,0.2326999999999999,5.71,False,False,Uruaçu,GO,1,Consolidado
5221700,GO,Centro-Oeste,Municipal,39,80.84,100.0,76.25,75.58,0.1916,4.59,False,False,Uruana,GO,1,Consolidado
5221858,GO,Centro-Oeste,Municipal,661,60.26,63.48,60.56,56.65,0.3974,-0.3,False,True,Valparaíso de Goiás,GO,0,Atenção
5222005,GO,Centro-Oeste,Municipal,31,85.75,80.67,80.0,89.04,0.14249999999999996,5.75,False,False,Vianópolis,GO,1,Consolidado
5222054,GO,Centro-Oeste,Municipal,35,82.92,82.86,78.5,78.24,0.17079999999999995,4.42,False,False,Vicentinópolis,GO,1,Consolidado
5222302,GO,Centro-Oeste,Municipal,30,80.78,86.25,75.29,73.65,0.19220000000000004,5.49,False,False,Vila Propício,GO,1,Consolidado
5300108,DF,Centro-Oeste,Estadual,7245,71.06,59.32,,,0.2894,,True,False,Brasília,DF,0,Atenção
